# Exported from Mixamo Fuse 1.3.0

mtllib inimigo neve.mtl


g Body

v -9.031346 11.535400 -8.282681
v -8.001652 12.825047 -6.189199
v -7.766722 13.182582 -5.165303
v -8.075394 9.729164 -5.953431
v -8.117771 9.837681 -4.595436
v -8.974551 8.874916 -8.524693
v -9.053313 6.631376 -8.956820
v -8.258178 7.425437 -5.635232
v -8.068601 7.249109 -3.639117
v -8.232840 4.978606 -2.750632
v -8.083295 5.385391 -5.330548
v -8.016870 3.518776 -5.144970
v -8.134021 3.186300 -2.350018
v -8.763865 4.570909 -9.595698
v -8.738524 2.804746 -9.464435
v -9.119545 1.901888 -8.238459
v -8.876974 2.339087 -2.519418
v -8.629946 2.368673 -5.324175
v -8.551950 2.243846 0.903396
v -9.354032 1.870650 0.817767
v -8.699143 2.765518 3.403052
v -8.533373 3.743540 0.473659
v -8.813110 1.589241 3.746180
v -8.046488 0.493316 8.221654
v -8.176378 1.940695 8.556662
v -9.084737 3.871368 3.075344
v -8.854100 6.009924 -0.933616
v -8.594004 9.463177 -3.098420
v -8.374152 12.895329 -4.040399
v -11.386410 11.285007 -4.148030
v -10.392737 11.770427 -3.050315
v -10.451996 8.906965 -2.226486
v -11.345102 8.693244 -3.149579
v -9.161533 12.341527 -2.917877
v -9.504183 9.110682 -2.153503
v -10.521839 6.801427 -0.144352
v -9.565875 6.620907 -0.129790
v -11.356972 6.350677 -1.096998
v -11.261334 4.641368 2.165645
v -10.433327 4.892231 2.886425
v -10.685006 2.602343 8.726125
v -11.970516 2.401638 7.730596
v -9.707067 4.768269 3.012263
v -11.982261 4.033267 1.152037
v -13.028641 2.085478 6.416626
v -9.273173 2.365961 8.870428
v -13.363297 1.643613 5.272601
v -12.324832 2.815447 0.428164
v -12.415653 1.774117 0.818119
v -13.375674 0.560185 5.509525
v -12.554432 0.353587 6.917081
v -11.351640 0.273118 7.866317
v -10.134425 0.054275 8.394691
v -8.960990 0.092507 8.455300
v -9.633157 1.308536 3.931877
v -10.877897 1.044871 3.289955
v -12.005077 1.170107 2.095282
v -10.490362 1.647019 0.295947
v -10.115021 1.974804 -3.298409
v -11.811604 1.739383 -0.874514
v -12.377833 2.505936 -2.180675
v -11.322517 1.795017 -4.490605
v -12.478160 3.825580 -3.000273
v -12.100834 5.767336 -3.211227
v -10.752954 6.378961 -7.992970
v -11.627918 6.171669 -6.075134
v -12.027475 4.314777 -5.950699
v -11.128484 4.380081 -8.488323
v -10.505601 8.179667 -7.470352
v -11.440734 8.165139 -6.282743
v -11.549429 10.465517 -6.347641
v -10.671936 10.534695 -7.226884
v -11.187363 2.532916 -8.164571
v -9.022784 0.435483 9.937982
v -9.185836 1.760443 10.242701
v -7.977358 1.630327 9.809340
v -8.092460 0.304655 9.490996
v -13.047207 1.501644 8.254257
v -12.834515 0.561834 8.061760
v -13.526740 0.423325 7.530992
v -13.736432 1.528876 7.628799
v -11.727307 1.879663 9.662191
v -11.506457 0.684510 9.497774
v -11.076148 2.011457 10.370015
v -10.738594 0.645049 10.147702
v -12.043903 2.618469 -5.518110
v -10.644899 1.742034 -7.117317
v -9.687355 1.894560 -6.131198
v -9.048329 0.352875 10.816161
v -9.309571 1.539234 11.104383
v -8.236013 1.504742 11.235766
v -8.227801 0.289123 10.864210
v -9.065156 0.078134 12.963365
v -9.228477 1.178557 13.137823
v -8.503797 1.148488 13.236080
v -8.424911 0.054670 12.893335
v -9.803728 0.328190 11.480112
v -9.887368 1.817470 11.449061
v -10.431912 0.294319 11.885472
v -10.641284 1.701436 11.405759
v -9.959283 0.424873 13.646709
v -10.102526 1.429497 12.899331
v -10.461111 0.445923 13.731571
v -10.482386 1.462728 12.954759
v -11.203050 1.642429 11.801777
v -10.943269 0.333886 11.630700
v -11.531362 0.340204 11.325233
v -11.723000 1.605184 11.580637
v -11.280241 1.337819 12.608916
v -11.080810 0.489866 13.241088
v -11.561543 0.357838 13.262020
v -11.610468 1.298011 12.548178
v -12.139185 1.512233 10.285029
v -11.950312 0.256882 10.528750
v -12.614139 0.507402 10.068734
v -12.695837 1.617993 10.143930
v -12.183355 1.442707 11.063169
v -12.035241 0.675539 11.869639
v -12.640954 0.615545 11.924580
v -12.502057 1.420217 11.060677
v -12.982440 1.582128 8.760640
v -12.828355 0.592404 8.329029
v -13.444260 0.341881 8.133725
v -13.646272 1.275804 8.456817
v -13.034253 1.126703 10.002899
v -12.966627 0.358149 9.862051
v -13.291656 0.142944 9.941028
v -13.386498 1.171795 10.041490
v -9.553917 0.382516 10.171742
v -9.775103 1.852751 10.347171
v -10.669411 2.042694 10.446012
v -10.336907 0.695219 10.145953
v -12.711180 1.787112 8.805281
v -12.491849 0.524940 8.545606
v -12.205015 1.921137 9.309823
v -11.872976 0.649211 9.102675
v -9.134750 0.346613 6.448586
v -8.571375 0.854166 6.466113
v -8.447890 1.721091 6.227659
v -13.486961 1.196292 4.992221
v -13.781213 0.948042 7.375676
v -13.791607 0.828403 8.155744
v -13.498526 0.563734 10.196572
v -12.934406 0.684469 10.011696
v -12.742713 0.970493 8.607548
v -12.782295 1.052420 8.457753
v -12.768257 1.122342 8.715557
v -12.951573 1.188188 9.983816
v -12.707551 1.265833 11.639622
v -12.069437 1.200701 11.514418
v -11.878488 1.133012 10.219471
v -11.904847 1.283973 9.450801
v -11.845201 1.297500 9.726911
v -11.984599 0.854976 11.535941
v -11.817493 1.072499 13.093386
v -11.115203 1.041245 13.077894
v -10.855879 1.006873 12.037970
v -10.810526 1.258837 11.003058
v -10.760461 1.309277 10.712567
v -10.750788 1.100306 11.504705
v -10.664345 1.262148 13.670055
v -9.888553 1.231628 13.632226
v -9.607506 0.930978 11.756437
v -9.564976 1.081706 10.648590
v -9.421916 1.036753 10.570019
v -9.406349 0.807349 10.906272
v -9.385596 0.616457 13.439453
v -8.257995 0.616228 13.425387
v -7.929951 0.676719 10.930552
v -7.657034 0.813311 9.546380
v -7.722321 1.212113 8.310565
v -8.224451 0.061159 11.796819
v -7.867119 0.576806 12.011641
v -8.297694 1.249407 12.324209
v -9.336380 1.250703 12.121382
v -9.667560 0.605165 12.487943
v -9.225210 0.017316 11.915544
v -9.350765 0.955883 10.700681
v -9.118515 1.581628 10.719424
v -8.101071 1.498921 10.490376
v -7.880321 0.710758 10.302547
v -8.255615 0.409435 10.258228
v -8.895248 0.637369 10.415190
v -10.615178 0.092739 13.174029
v -10.839714 1.086932 12.491693
v -10.572597 1.535853 12.402622
v -9.955284 1.442972 12.573989
v -9.660080 0.929375 12.762762
v -9.802907 0.191426 12.876480
v -9.623415 1.035525 11.001873
v -9.823349 1.805214 10.734436
v -10.657046 1.768620 10.808508
v -10.687305 1.243617 10.680832
v -10.429871 0.661526 10.540950
v -9.746366 0.434601 10.630437
v -9.788891 2.264004 9.634454
v -10.262346 2.316313 9.503247
v -11.738209 0.095380 12.645014
v -12.134009 0.875020 12.578219
v -11.679729 1.432065 12.197536
v -11.198234 1.496192 12.246614
v -10.872000 1.011358 12.437116
v -10.929724 0.252480 12.705573
v -11.507923 0.641902 10.332754
v -11.825884 1.168993 10.461203
v -11.771152 1.879047 10.714599
v -11.135959 1.844146 11.148855
v -10.851808 1.125148 11.542476
v -10.931812 0.576770 10.811302
v -12.745989 0.194906 11.125218
v -12.936120 1.103226 11.004042
v -12.618763 1.494794 10.725334
v -12.084785 1.471074 10.747688
v -11.881700 1.041007 11.115879
v -11.914990 0.397924 11.240497
v -12.701063 1.914128 7.902714
v -12.291729 2.246005 8.320086
v -12.825027 0.803616 9.402496
v -12.856106 0.368246 9.366404
v -13.417814 0.165232 9.274484
v -13.747063 0.621699 9.342999
v -13.560050 1.232458 9.610648
v -13.007363 1.257445 9.612474
v -11.890463 1.258979 9.726807
v -12.176762 1.752321 9.872252
v -12.787735 1.795480 9.498483
v -12.858741 1.166505 9.202526
v -12.531720 0.625084 9.177546
v -12.049843 0.613376 9.582649
v -13.776814 0.724542 8.722487
v -13.578127 1.320870 9.007996
v -12.987774 1.350174 9.116540
v -12.729165 0.875726 8.921230
v -12.813774 0.432829 8.758274
v -13.412639 0.361847 8.650741
v -9.964891 0.064188 9.376088
v -9.510896 0.055921 9.432705
v -12.228526 0.258682 7.974474
v -11.801737 0.225653 8.390760
v -8.888499 2.653049 6.222624
v -9.528615 3.133520 6.447721
v -10.648184 3.278328 6.435700
v -11.741593 3.116787 5.393844
v -12.573051 2.687689 4.007128
v -12.816472 2.129394 2.989285
v -12.928031 1.716319 2.735737
v -12.950742 1.057850 3.188138
v -12.342155 0.572160 4.656751
v -11.120973 0.490005 5.861281
v -9.907801 0.220644 6.283514
v -81.664635 137.699249 -0.427674
v -81.091080 138.011688 -0.847764
v -79.536819 138.397812 0.355115
v -80.646561 137.885635 1.146538
v -76.686653 136.293579 -1.995761
v -75.338875 136.848526 -3.055895
v -77.483521 136.525055 -5.821040
v -79.013466 135.708847 -4.502619
v -82.986671 137.353180 0.295677
v -81.474274 137.701065 1.544526
v -83.643425 136.692963 2.798903
v -84.248764 136.533127 1.815227
v -89.711784 138.339264 -4.303356
v -89.669975 138.301270 -2.579457
v -86.628716 139.038849 -2.561558
v -86.816246 138.986923 -4.897830
v -73.305603 137.825165 -4.372571
v -75.438095 137.329193 -5.520059
v -74.261055 137.633240 -3.321064
v -72.978600 138.575882 -2.983673
v -78.992081 138.400345 0.193384
v -77.139145 138.817001 -1.387694
v -78.523178 136.095413 -0.090896
v -73.669083 138.857452 -9.456822
v -73.440903 140.745010 -9.491867
v -76.083321 141.660828 -8.959406
v -76.164284 138.521118 -9.443436
v -79.737144 139.739410 -0.416478
v -80.098167 137.804703 -4.923745
v -81.095146 138.103165 -2.441013
v -80.060463 135.580933 -2.640375
v -78.540421 141.586304 -9.285244
v -78.321289 138.645996 -9.754493
v -88.513428 137.811600 -8.137433
v -88.508812 137.714447 -9.439288
v -89.249054 137.657593 -9.304027
v -89.331238 137.758636 -8.278126
v -78.576683 138.210632 -6.401064
v -81.125099 141.228943 -9.548462
v -81.482605 138.682922 -9.739525
v -85.954727 140.689636 -7.484074
v -83.349960 141.205338 -7.666639
v -83.790825 141.505402 -5.288098
v -86.007553 140.840515 -5.350783
v -87.511711 140.907074 -4.905598
v -87.061142 140.954636 -4.910912
v -85.194023 140.111969 -9.886208
v -85.361794 140.409821 -8.107116
v -85.522202 140.278351 -8.161777
v -85.438148 140.040756 -9.891696
v -81.621864 142.494003 -5.232996
v -78.724388 142.362274 -3.761756
v -81.168037 142.360016 -2.762639
v -87.280304 141.041702 -2.601644
v -86.856400 141.009048 -2.598634
v -81.472786 141.971130 -7.601858
v -78.913338 142.137772 -7.624949
v -83.198959 140.672760 -9.674861
v -79.198898 135.843903 0.212858
v -88.305695 138.483826 -7.037905
v -88.082771 138.640701 -5.225977
v -85.686012 138.925354 -5.292393
v -85.677994 138.825119 -7.367424
v -88.277382 138.726303 -9.697282
v -87.137939 139.409119 -9.936560
v -87.248238 139.638535 -8.423542
v -88.522537 138.869751 -8.308347
v -89.613243 140.194244 -4.431579
v -75.855621 137.624710 -6.838146
v -78.023117 140.909988 -1.007996
v -80.962875 141.521042 -0.156033
v -81.664848 141.750458 -0.103278
v -83.181625 141.582870 -0.080749
v -83.361221 141.689865 -2.644876
v -81.793671 142.314270 -2.632100
v -91.145172 138.859909 -6.655145
v -89.773926 139.331802 -7.031752
v -89.697769 139.577057 -5.314963
v -91.068871 139.106094 -5.508786
v -83.783966 139.249115 -2.714059
v -83.980194 139.281418 -5.139330
v -90.900833 138.399002 -1.531003
v -90.896820 139.300034 -1.457192
v -90.891495 139.232040 -0.170050
v -90.817986 138.287735 -0.268183
v -89.596565 140.194290 -2.630109
v -83.591187 139.004822 -7.552538
v -89.828178 138.125641 -5.213546
v -89.950134 137.998047 -6.917579
v -92.751732 138.066193 -3.881178
v -92.715202 138.940262 -3.938330
v -92.680046 138.997238 -2.625439
v -92.701881 138.023209 -2.581591
v -76.048088 142.232727 -7.736408
v -90.079620 140.038651 -4.372663
v -82.358063 142.467850 -5.255339
v -87.652176 140.234528 0.195991
v -88.660965 140.082474 0.152641
v -88.794167 140.265015 -1.587669
v -87.786880 140.554306 -1.717071
v -90.049072 139.987915 -2.638435
v -91.498589 137.708588 -2.455089
v -91.483574 139.371628 -2.483271
v -81.498962 138.812317 -7.304490
v -81.503647 139.035233 -5.122454
v -91.485641 137.777512 -4.193635
v -86.041458 140.927109 0.194326
v -86.366852 141.144165 -2.047726
v -91.521057 139.391434 -4.295314
v -81.742668 139.122986 -0.690358
v -82.695290 134.909546 -0.138831
v -83.960938 134.929932 1.577395
v -81.103111 135.256683 1.503311
v -83.374474 135.152908 2.693694
v -85.394394 138.920090 -0.145404
v -87.894478 138.779495 -0.073385
v -89.232704 138.375748 -9.403576
v -82.137527 141.914856 -7.625789
v -81.837517 141.132874 -9.570401
v -85.623894 140.854080 0.194329
v -85.819618 141.057755 -2.113821
v -86.878586 139.546921 -9.961917
v -87.023643 139.733658 -8.374265
v -88.470306 140.149933 -5.360109
v -88.270317 140.148651 -5.328220
v -86.287064 140.623245 -7.500165
v -89.637878 139.685989 0.028436
v -89.544853 138.213440 -0.169879
v -80.555092 135.545135 -1.578628
v -81.653320 138.713867 -2.296024
v -83.227341 139.218643 -0.472904
v -83.037674 138.881302 -9.389395
v -86.982193 138.121384 -9.662061
v -81.389015 135.285706 -0.709103
v -84.977623 138.788574 -7.827420
v -73.292427 140.977890 -3.307734
v -74.686241 140.513000 -2.913695
v -75.209824 141.898743 -4.400397
v -73.408058 141.847275 -5.332600
v -75.702133 139.062576 -2.535362
v -84.823730 138.675995 -9.536539
v -87.086594 138.175674 -8.125328
v -80.181114 135.596771 1.072184
v -85.677834 139.182831 -2.383151
v -88.497513 139.831085 -7.152819
v -73.517769 138.396835 -8.073261
v -91.182732 138.308472 -5.447007
v -89.323685 138.506119 -8.452661
v -91.252731 138.175354 -6.614446
v -88.234787 139.900803 -7.200432
v -86.278259 140.766235 -5.430959
v -88.053734 138.974457 -1.910463
v -89.456642 138.342728 -1.815611
v -89.618080 139.764603 -1.579643
v -73.355392 141.499298 -8.554654
v -69.178207 142.210770 -3.926687
v -68.779823 142.541412 -7.033120
v -67.704063 135.976669 -4.970594
v -68.378914 137.527908 -2.439517
v -68.953545 140.162750 -2.163711
v -67.471947 137.611160 -9.468088
v -68.188461 140.883682 -9.328734
v -70.840919 141.030991 -5.005638
v -70.843193 141.033615 -6.353700
v -70.310715 138.672424 -4.975239
v -70.392639 139.360199 -4.210656
v -70.650467 140.363663 -4.390110
v -70.596367 139.440262 -7.633765
v -70.766365 140.610901 -7.267945
v -67.448364 137.224533 -6.506567
v -67.429779 137.248108 -8.115122
v -70.330856 137.542557 -6.352626
v -70.375710 137.635757 -7.829748
v 81.683548 138.550522 -0.635845
v 81.104797 138.836563 -1.047326
v 79.486320 139.278458 0.165765
v 80.623131 138.773056 0.906986
v 76.623245 137.161240 -2.266038
v 75.309700 137.732880 -3.299125
v 77.436562 137.401154 -6.034635
v 78.962349 136.538239 -4.718846
v 83.024895 138.194580 0.098340
v 81.484749 138.560364 1.344328
v 83.646881 137.517014 2.622842
v 84.277336 137.352509 1.636377
v 89.706192 139.189911 -4.560869
v 89.629112 139.170578 -2.828299
v 86.645195 139.896011 -2.801862
v 86.783890 139.852692 -5.154911
v 73.300644 138.808289 -4.589340
v 75.433075 138.229553 -5.767404
v 74.256783 138.508789 -3.537319
v 72.978279 139.524384 -3.195178
v 78.939552 139.311462 -0.031558
v 77.081757 139.691360 -1.633784
v 78.449471 136.955750 -0.347877
v 73.621689 139.742233 -9.686157
v 73.403778 141.626923 -9.712525
v 76.024048 142.552780 -9.211561
v 76.113022 139.402740 -9.689919
v 79.683228 140.648926 -0.606926
v 80.054260 138.662231 -5.166306
v 81.079483 138.964264 -2.660069
v 80.066788 136.402542 -2.822501
v 78.480591 142.476425 -9.546621
v 78.253891 139.518372 -10.017990
v 88.510658 138.662643 -8.421833
v 88.499641 138.602768 -9.773086
v 89.246376 138.531281 -9.652598
v 89.316406 138.611465 -8.565334
v 78.481674 139.066208 -6.631252
v 81.040077 142.118347 -9.817141
v 81.422401 139.547485 -10.016670
v 85.910248 141.558899 -7.756877
v 83.346886 142.098221 -7.905759
v 83.731773 142.424667 -5.537296
v 85.969749 141.720612 -5.622701
v 87.568687 141.770950 -5.159988
v 87.057823 141.831253 -5.169348
v 85.151566 140.986679 -10.172309
v 85.316475 141.272552 -8.375539
v 85.454964 141.154495 -8.436543
v 85.421135 140.912491 -10.179691
v 81.536652 143.401352 -5.481282
v 78.624077 143.271378 -4.028377
v 81.086227 143.265656 -3.000503
v 87.342224 141.896057 -2.847822
v 86.918388 141.863617 -2.843689
v 81.401794 142.871368 -7.866111
v 78.820816 143.042236 -7.885911
v 83.164009 141.544861 -9.956206
v 79.115326 136.722031 -0.040520
v 88.310501 139.338913 -7.313173
v 88.105736 139.492813 -5.488832
v 85.631783 139.805450 -5.556118
v 85.656265 139.695282 -7.640129
v 88.277657 139.644287 -9.994818
v 87.109436 140.331848 -10.227285
v 87.212860 140.501495 -8.675741
v 88.455414 139.745697 -8.606721
v 89.734886 141.032822 -4.694986
v 75.835686 138.538986 -7.072031
v 77.958466 141.825012 -1.224753
v 80.874329 142.480713 -0.413975
v 81.572044 142.658798 -0.322956
v 83.128510 142.454666 -0.251654
v 83.321533 142.593475 -2.861210
v 81.729294 143.217865 -2.862125
v 91.137337 139.702194 -6.938623
v 89.747696 140.188751 -7.326038
v 89.672485 140.439606 -5.570188
v 91.064545 139.953156 -5.775852
v 83.797905 140.120346 -2.958688
v 83.980667 140.148849 -5.391230
v 90.898064 139.256287 -1.779974
v 90.936562 140.148346 -1.687723
v 90.888687 140.063309 -0.336011
v 90.802895 139.148575 -0.491591
v 89.683876 141.024445 -2.846236
v 83.573929 139.859161 -7.813079
v 89.857796 138.973328 -5.484620
v 89.972763 138.847717 -7.191494
v 92.730431 138.920212 -4.166001
v 92.755272 139.792618 -4.191510
v 92.711273 139.813751 -2.834602
v 92.701874 138.874985 -2.838958
v 75.985909 143.125687 -7.992429
v 90.139633 140.886765 -4.628567
v 82.281395 143.378693 -5.504062
v 87.630493 141.110779 -0.027376
v 88.669891 140.951721 -0.075670
v 88.798805 141.135452 -1.828087
v 87.791412 141.427582 -1.955753
v 90.113228 140.829086 -2.885295
v 91.479218 138.562820 -2.706457
v 91.488930 140.201614 -2.674669
v 81.457893 139.674820 -7.563011
v 81.461838 139.906128 -5.372986
v 91.436218 138.646225 -4.467827
v 86.051300 141.804413 -0.026926
v 86.392471 142.033447 -2.254400
v 91.538620 140.256760 -4.546189
v 81.711922 139.979538 -0.899672
v 82.741302 135.700821 -0.317271
v 83.997467 135.726440 1.429084
v 81.061775 136.119080 1.282018
v 83.348953 135.986237 2.466274
v 85.364754 139.787186 -0.366549
v 87.861359 139.650070 -0.300522
v 89.172081 139.285873 -9.717585
v 82.067917 142.814529 -7.888323
v 81.770531 142.018036 -9.846187
v 85.601585 141.717102 -0.019494
v 85.801743 141.952484 -2.330165
v 86.848534 140.436356 -10.253139
v 87.010269 140.601959 -8.656088
v 88.523338 141.006271 -5.622469
v 88.265205 141.018738 -5.592657
v 86.216080 141.510941 -7.774838
v 89.646141 140.551697 -0.203248
v 89.522743 139.067520 -0.404804
v 80.646324 136.341858 -1.735482
v 81.651794 139.591202 -2.498678
v 83.212143 140.089233 -0.691415
v 83.008972 139.757919 -9.676845
v 86.962997 138.983994 -10.009851
v 81.398445 136.085114 -0.900318
v 84.938988 139.654282 -8.101151
v 73.273354 141.852859 -3.550205
v 74.649040 141.397156 -3.163805
v 75.128479 142.795944 -4.676959
v 73.375412 142.680908 -5.618943
v 75.678780 139.959885 -2.769181
v 84.775490 139.540543 -9.823891
v 87.097603 139.033722 -8.405531
v 80.150803 136.464615 0.855290
v 85.641693 140.042511 -2.614920
v 88.548172 140.687927 -7.427441
v 73.497551 139.320831 -8.295411
v 91.175652 139.163544 -5.719870
v 89.259277 139.419144 -8.776214
v 91.242500 139.029495 -6.895155
v 88.224617 140.769257 -7.477430
v 86.190033 141.656937 -5.709833
v 88.022926 139.841248 -2.151039
v 89.415413 139.215225 -2.061549
v 89.622269 140.630875 -1.822125
v 73.318970 142.372528 -8.774665
v 69.130997 143.102570 -4.170224
v 68.733727 143.444473 -7.259529
v 67.648865 137.397552 -5.181694
v 68.307846 138.778427 -2.644184
v 68.886047 141.163712 -2.325455
v 67.528122 138.313370 -9.700922
v 68.075188 141.771606 -9.559058
v 70.694168 141.965393 -5.209482
v 70.695442 141.931549 -6.580911
v 70.161461 139.833069 -5.192771
v 70.252190 140.444382 -4.418623
v 70.515327 141.353638 -4.604503
v 70.463043 140.450226 -7.881381
v 70.640266 141.429749 -7.338207
v 0.000000 147.455139 4.370205
v 8.050030 149.429825 0.348645
v 5.640030 148.570557 2.041984
v 3.262164 148.279160 3.528501
v -5.640437 148.570480 2.038443
v -8.052601 149.432846 0.347534
v -3.262207 148.279282 3.567628
v 0.001658 139.692245 8.687351
v 0.001266 143.603500 6.479517
v 5.937417 142.045380 6.320947
v 5.013422 144.404114 5.267073
v 2.553233 143.507339 6.268904
v 8.798251 145.360245 3.728096
v 12.150304 145.760742 1.864614
v 1.882585 140.139862 8.250300
v 2.272165 138.017395 9.229472
v -8.795289 145.359558 3.730605
v -12.145441 145.798096 1.850774
v -5.010509 144.404205 5.269055
v -5.932961 142.057831 6.322928
v -2.551814 143.505325 6.265345
v -1.880147 140.139084 8.260185
v -2.267802 138.014450 9.243620
v 0.000000 136.834625 9.617785
v 8.943925 11.599112 -8.353496
v 7.881386 12.898081 -6.249176
v 7.651478 13.257619 -5.217133
v 7.955888 9.780932 -6.013271
v 8.000379 9.890307 -4.645741
v 8.845744 8.915879 -8.605366
v 8.931827 6.644103 -9.040777
v 8.132258 7.464172 -5.693984
v 7.950900 7.284373 -3.686715
v 8.093776 5.023365 -2.982125
v 7.959918 5.415958 -5.391377
v 7.894237 3.520066 -5.232900
v 8.002553 3.186483 -2.519297
v 8.658219 4.603369 -9.683093
v 8.604476 2.809031 -9.550244
v 8.985639 1.899540 -8.320563
v 8.758521 2.330994 -2.621530
v 8.504806 2.364444 -5.402185
v 8.433650 2.244444 0.885585
v 9.237887 1.866241 0.792360
v 8.593709 2.772467 3.445041
v 8.424966 3.753798 0.454255
v 8.712298 1.586782 3.766566
v 7.956192 0.487087 8.256576
v 8.087267 1.937362 8.593535
v 8.982985 3.880915 3.073416
v 8.743549 6.035896 -0.962769
v 8.481120 9.512650 -3.141810
v 8.238111 12.970680 -4.083316
v 11.271832 11.344713 -4.205574
v 10.277378 11.834080 -3.098571
v 10.339828 8.951254 -2.268670
v 11.231030 8.735345 -3.200524
v 9.047853 12.410542 -2.960816
v 9.387690 9.157107 -2.192055
v 10.414375 6.832056 -0.172712
v 9.458389 6.649536 -0.155450
v 11.246078 6.375495 -1.133549
v 11.159729 4.657287 2.161457
v 10.332490 4.901190 2.880395
v 10.601681 2.592607 8.699814
v 11.883290 2.390133 7.762125
v 9.606609 4.780425 3.008940
v 11.874644 4.038456 1.130672
v 12.935655 2.072973 6.423674
v 9.187519 2.364225 8.889451
v 13.266358 1.629296 5.274652
v 12.236288 2.822383 0.398229
v 12.323755 1.758700 0.765617
v 13.279429 0.499288 5.516541
v 12.458661 0.290662 6.930091
v 11.257118 0.226141 7.885475
v 10.044854 0.046183 8.467653
v 8.870608 0.084415 8.498716
v 9.534101 1.301352 3.935005
v 10.776423 1.026250 3.271434
v 11.901494 1.141802 2.058312
v 10.378896 1.638882 0.266149
v 9.997520 1.970676 -3.350182
v 11.706327 1.732631 -0.920264
v 12.263738 2.515643 -2.228230
v 11.199421 1.789839 -4.543434
v 12.360496 3.832952 -3.052644
v 11.984565 5.788613 -3.264110
v 10.647591 6.406059 -8.074606
v 11.506811 6.196636 -6.122898
v 11.902497 4.326062 -6.016304
v 10.997008 4.393144 -8.574471
v 10.385565 8.219130 -7.547617
v 11.318139 8.203738 -6.353528
v 11.430120 10.520218 -6.419480
v 10.548705 10.590461 -7.299709
v 11.055345 2.533315 -8.248627
v 8.939058 0.419066 9.968918
v 9.104524 1.768817 10.241102
v 7.890336 1.653993 9.857862
v 8.006530 0.311040 9.526749
v 12.944125 1.381036 8.273137
v 12.737987 0.492293 8.079474
v 13.434987 0.313882 7.551833
v 13.650205 1.342091 7.662927
v 11.666042 1.858232 9.664404
v 11.408190 0.638256 9.522002
v 11.006323 2.014545 10.410280
v 10.667095 0.632277 10.183533
v 11.918085 2.618046 -5.579017
v 10.514981 1.737496 -7.191830
v 9.560470 1.891909 -6.197406
v 8.964539 0.345899 10.888562
v 9.226177 1.537236 11.156664
v 8.153131 1.495799 11.291554
v 8.143854 0.277893 10.916715
v 8.985669 0.064386 13.027666
v 9.150146 1.171038 13.203045
v 8.425719 1.141498 13.303864
v 8.345149 0.041076 12.958895
v 9.729959 0.313131 11.532631
v 9.826603 1.799100 11.516066
v 10.355598 0.275763 11.939236
v 10.583818 1.690921 11.470778
v 9.881487 0.404387 13.714540
v 10.033653 1.420510 12.960122
v 10.383686 0.432714 13.797659
v 10.414147 1.450846 13.015111
v 11.131405 1.636904 11.852514
v 10.871439 0.308554 11.683096
v 11.454779 0.327757 11.370911
v 11.649055 1.600006 11.628138
v 11.204728 1.329724 12.664510
v 11.002140 0.474083 13.302442
v 11.482837 0.342837 13.322240
v 11.532687 1.289689 12.603021
v 12.063956 1.438910 10.321387
v 11.863255 0.204392 10.571177
v 12.525992 0.460079 10.104890
v 12.616919 1.508720 10.202936
v 12.098607 1.386423 11.105166
v 11.952493 0.627192 11.919076
v 12.558589 0.566938 11.972822
v 12.417547 1.350556 11.097881
v 12.981984 1.287120 8.731719
v 12.730155 0.511921 8.347794
v 13.353635 0.256091 8.162871
v 13.554785 1.151054 8.494313
v 12.947570 1.041566 10.037373
v 12.866871 0.288177 9.893474
v 13.202456 0.090925 9.977432
v 13.306415 1.098386 10.070117
v 9.478988 0.360062 10.204577
v 9.720210 1.867712 10.369641
v 10.604440 2.047913 10.485568
v 10.259038 0.684354 10.187426
v 12.638475 1.671816 8.848772
v 12.392949 0.467627 8.557073
v 12.137203 1.768143 9.330570
v 11.779270 0.605844 9.132754
v 9.039535 0.334729 6.468429
v 8.475987 0.845761 6.489014
v 8.352456 1.717854 6.247499
v 13.388642 1.174312 4.993257
v 13.692574 0.799186 7.398663
v 13.703645 0.704186 8.200584
v 13.411180 0.515862 10.232569
v 12.836744 0.619712 10.044473
v 12.647166 0.865669 8.616791
v 12.686668 0.956015 8.462729
v 12.675879 1.011730 8.722481
v 12.867449 1.122280 10.012788
v 12.624751 1.214468 11.681925
v 11.985835 1.153873 11.557828
v 11.798881 1.090012 10.234918
v 11.836428 1.248131 9.464747
v 11.777658 1.270213 9.746240
v 11.906124 0.843927 11.583215
v 11.738955 1.061814 13.151781
v 11.036601 1.029971 13.137609
v 10.782658 0.996111 12.077561
v 10.742867 1.251691 11.033587
v 10.692560 1.304814 10.740580
v 10.680926 1.085222 11.554483
v 10.587468 1.253556 13.734890
v 9.811585 1.219689 13.697186
v 9.533416 0.918496 11.811587
v 9.486561 1.078062 10.651078
v 9.343040 1.022369 10.579875
v 9.324904 0.809135 10.959171
v 9.307590 0.605299 13.506389
v 8.179926 0.605905 13.495232
v 7.845275 0.659558 10.984580
v 7.570415 0.821579 9.590988
v 7.632325 1.209914 8.347217
v 8.142364 0.048964 11.855761
v 7.785344 0.565264 12.072866
v 8.217413 1.241575 12.386417
v 9.255315 1.243424 12.179671
v 9.587379 0.593712 12.547696
v 9.143555 0.003632 11.972269
v 9.271602 0.955470 10.715142
v 9.034029 1.579879 10.771976
v 8.016719 1.479764 10.539759
v 7.795479 0.711271 10.351672
v 8.172764 0.408009 10.302975
v 8.815146 0.622865 10.435896
v 10.536014 0.077254 13.236012
v 10.769799 1.074575 12.548177
v 10.512145 1.520883 12.465158
v 9.888057 1.432695 12.634634
v 9.585266 0.910372 12.823538
v 9.724537 0.172837 12.939422
v 9.549308 1.030782 11.025786
v 9.765931 1.789923 10.778894
v 10.591642 1.769636 10.861283
v 10.618240 1.238976 10.709988
v 10.353560 0.655216 10.585790
v 9.682252 0.422453 10.673333
v 9.722879 2.243497 9.630516
v 10.185388 2.316459 9.518745
v 11.657640 0.078807 12.700445
v 12.053965 0.863251 12.632274
v 11.603493 1.424640 12.249898
v 11.125610 1.490790 12.301190
v 10.796824 1.000401 12.493885
v 10.849419 0.233235 12.763108
v 11.430827 0.620425 10.380353
v 11.762390 1.151236 10.498281
v 11.699924 1.877458 10.755129
v 11.064150 1.840446 11.194018
v 10.781737 1.115838 11.583296
v 10.867006 0.559269 10.844873
v 12.661029 0.142729 11.169587
v 12.851731 1.053137 11.041095
v 12.534647 1.430786 10.758004
v 12.001643 1.407021 10.790965
v 11.796615 0.998415 11.154673
v 11.830003 0.348089 11.286860
v 12.605878 1.878420 7.935012
v 12.214413 2.124603 8.348717
v 12.723243 0.713447 9.430327
v 12.759383 0.284046 9.391365
v 13.332063 0.100208 9.304272
v 13.661406 0.554715 9.367391
v 13.484062 1.146310 9.627944
v 12.923238 1.155980 9.647546
v 11.819373 1.219523 9.730183
v 12.104827 1.625181 9.920815
v 12.712909 1.671415 9.518110
v 12.771124 1.070923 9.223799
v 12.438656 0.572660 9.206133
v 11.968187 0.568325 9.617606
v 13.689014 0.643159 8.765194
v 13.492883 1.207564 9.034678
v 12.901248 1.225957 9.157315
v 12.629800 0.780657 8.936958
v 12.716414 0.350120 8.783624
v 13.325600 0.285569 8.687301
v 9.875913 0.055277 9.473693
v 9.422370 0.026495 9.471365
v 12.131128 0.209485 7.994948
v 11.702981 0.179346 8.414026
v 8.793857 2.655058 6.242087
v 9.434970 3.137506 6.467193
v 10.554901 3.273957 6.453391
v 11.645086 3.099774 5.406128
v 12.472576 2.686174 4.007736
v 12.711647 2.123634 2.978995
v 12.823962 1.707108 2.723402
v 12.846857 1.043475 3.177738
v 12.242630 0.465217 4.621700
v 11.020032 0.477850 5.861089
v 9.811942 0.207090 6.300157
v 0.000003 153.967484 -9.830543
v -0.000001 149.933609 3.657000
v 0.000000 151.433655 3.798883
v -0.000116 157.585861 -6.876543
v 0.000001 155.999908 -7.955631
v 5.258763 151.333115 0.117396
v 5.802493 151.868530 -0.719389
v 7.059352 152.798599 -2.132138
v 4.165024 153.789352 -7.485525
v 2.093149 153.939514 -8.618580
v 2.239969 150.479004 3.228965
v 5.856728 154.122833 -2.101378
v 5.208947 153.188278 -0.471631
v 4.797842 152.843323 0.409124
v 2.080575 152.020844 3.118050
v 4.199204 153.832108 1.208577
v 5.300748 154.954620 -0.619958
v 5.058999 156.316055 -3.284043
v 3.081034 157.114319 -5.563893
v 5.886467 154.840378 -3.664649
v 4.791906 155.323624 -5.440988
v 3.424132 155.774658 -6.469800
v 4.052620 151.136292 1.939384
v -5.262491 151.333160 0.115001
v -5.802919 151.868591 -0.722473
v -5.214003 153.187027 -0.474404
v -4.800695 152.842712 0.404607
v -7.062636 152.798447 -2.134706
v -5.858733 154.122833 -2.104641
v -5.881574 154.828659 -3.657964
v -3.790454 153.792206 -7.475706
v -3.201389 155.776154 -6.465735
v -4.790880 155.317856 -5.428172
v -2.094559 153.941986 -8.613128
v -5.105655 156.314209 -3.207735
v -2.950314 157.117035 -5.536627
v -4.061637 151.141129 1.962007
v -4.202968 153.832092 1.207059
v -5.303155 154.954468 -0.623495
v -2.241495 150.479843 3.232065
v -2.084191 152.020859 3.118044
v 0.798507 160.381592 10.449169
v 0.927921 159.759003 10.577705
v 0.332745 159.677338 10.592604
v 0.390129 160.362091 10.325853
v 1.050365 159.599899 10.588173
v 0.371392 159.537735 10.656481
v 0.000000 159.608353 10.556563
v 0.000000 160.377151 10.294855
v 0.795666 160.964951 10.402431
v 0.396976 160.947861 10.278382
v 1.408946 160.388718 10.063382
v 1.560234 159.770706 10.071489
v 1.012343 159.314819 10.496218
v 0.408500 159.296753 10.639600
v 0.000000 159.478333 10.687524
v 1.642919 159.553391 10.186084
v 0.000000 160.943878 10.295190
v 0.000000 159.284164 10.701864
v 0.000000 159.177139 10.582495
v 0.000000 159.236496 10.268493
v 0.000000 158.949814 10.125949
v 0.000000 159.187683 10.278212
v 0.000000 159.172668 10.644434
v 0.000000 158.934021 10.808325
v 0.000000 158.628662 10.980151
v 0.000000 157.774673 10.560697
v 0.000000 157.185104 10.461552
v 0.000000 156.701691 10.556182
v 0.000000 156.066681 10.774742
v 0.000000 155.988037 10.831209
v 0.000000 155.462341 10.539382
v 0.000000 154.981384 10.208333
v 0.000000 155.065628 8.383323
v 0.000000 155.312500 7.224723
v 0.000000 155.597290 5.577154
v 0.000000 155.701263 4.525604
v 0.000000 153.410706 4.138653
v -0.000320 160.034073 -6.192792
v 0.000000 162.429764 -5.555037
v 0.000000 164.871658 -5.101102
v 0.000000 167.405121 -6.221809
v 0.000000 174.988968 -3.143105
v 0.000000 176.273132 -0.974872
v 0.000000 177.060944 0.282076
v 0.000000 174.200668 7.946522
v 0.000000 172.628281 9.598030
v 0.000000 170.419846 10.934233
v 0.000000 168.711197 11.429324
v 0.000000 168.570511 11.381511
v 0.000000 167.640167 11.346576
v 0.000000 167.045746 11.335908
v 0.000000 166.817932 11.267387
v 0.000000 166.600098 10.988211
v 0.000000 166.414215 11.007922
v 0.000000 166.192368 11.090899
v 0.000000 166.057648 11.152506
v 0.000000 165.630844 11.339970
v 0.000000 165.561676 11.510089
v 0.000000 164.833847 11.712126
v 0.000000 163.688370 12.032597
v 0.000000 162.571960 12.210674
v 0.000000 161.348694 12.111150
v 0.000000 161.078461 11.625490
v 0.000000 161.151215 10.984445
v 0.000000 161.188324 10.698576
v 0.000000 161.206696 10.413054
v 0.733484 161.342941 10.350981
v 0.373738 161.278900 10.389096
v 1.356139 160.929794 10.096770
v 2.157960 160.344604 9.308377
v 2.105062 159.726700 9.538898
v 0.980117 159.159607 10.282393
v 0.391690 159.177414 10.477476
v 1.615240 159.238541 10.048823
v 2.095450 159.490067 9.659710
v 0.483158 159.261047 10.131797
v 0.459333 158.969009 10.006565
v 0.471847 159.191544 10.186231
v 0.542681 159.176865 10.560920
v 0.567222 158.948715 10.724366
v 0.557686 158.567108 10.808163
v 0.491099 157.734161 10.451478
v 0.532384 157.177567 10.318289
v 0.691335 156.668900 10.284675
v 0.788852 156.018021 10.532233
v 0.841846 155.945480 10.661716
v 0.896815 155.400146 10.300617
v 0.917753 154.981216 9.979445
v 1.203319 155.222961 8.242285
v 1.489049 155.552460 7.270875
v 1.895889 155.997299 5.616911
v 2.369895 156.389786 3.934380
v 2.032202 154.020081 3.551214
v 3.144154 159.476852 -5.043631
v 3.135598 161.869705 -4.592475
v 2.094692 164.530243 -4.382847
v 1.921711 167.255966 -5.674490
v 1.722383 169.551178 -5.364369
v 1.214954 174.882935 -2.938763
v 1.006426 176.017776 -1.000597
v 1.091823 176.645172 0.488279
v 0.849689 173.914398 7.682061
v 0.865226 172.473618 9.459796
v 0.769704 170.370270 10.761634
v 0.851145 168.714676 11.395857
v 0.786397 168.572937 11.345304
v 0.550458 167.694061 11.327595
v 0.413412 167.079376 11.341541
v 0.363395 166.830704 11.280065
v 0.305242 166.582947 10.905184
v 0.333210 166.391403 10.923553
v 0.352747 166.184204 10.982205
v 0.389589 166.034515 11.014713
v 0.452601 165.577591 11.143494
v 0.493066 165.521011 11.268457
v 0.520853 164.727798 11.526715
v 0.559224 163.640854 11.811072
v 0.568882 162.611984 11.995328
v 0.479425 161.561081 11.944448
v 0.421204 161.234909 11.606359
v 0.334680 161.290665 10.974397
v 0.331611 161.306519 10.645922
v 0.682035 161.428360 10.523421
v 1.279350 161.432770 10.119505
v 2.249488 160.895660 9.168550
v 2.869375 160.084045 8.409534
v 2.451989 159.551239 8.999764
v 0.974313 159.261353 9.944509
v 1.455643 159.164108 9.753193
v 2.075982 159.213776 9.592113
v 2.418028 159.381516 9.168312
v 0.933450 158.986008 9.863453
v 0.974405 159.180634 10.082385
v 1.054279 159.149612 10.396206
v 1.161064 158.911636 10.532918
v 1.167172 158.475983 10.515772
v 0.952293 157.817307 10.128994
v 1.029815 157.202148 9.950472
v 1.347465 156.640823 9.914672
v 1.503989 155.915100 9.871575
v 1.605992 155.830490 9.975036
v 1.621087 155.418793 9.797979
v 1.578971 155.125290 9.689831
v 2.410502 155.498611 8.327406
v 2.836538 155.845352 7.503321
v 3.710651 156.604034 5.797381
v 4.308596 157.207245 4.185462
v 4.438877 157.796814 2.210515
v 4.167516 155.687332 1.691446
v 5.354563 157.200699 -0.480846
v 4.958825 158.447952 -2.862283
v 5.165867 160.680634 -2.517480
v 5.421594 163.251251 -2.680744
v 5.549438 165.227448 -2.882495
v 4.746059 167.254944 -4.272108
v 4.792877 169.372726 -4.376701
v 3.519020 173.358231 7.427193
v 3.360610 171.958420 8.934015
v 3.118358 170.172241 10.170000
v 1.712071 168.725677 11.263973
v 1.583023 168.582703 11.231620
v 1.354662 167.722351 11.231633
v 1.217320 167.095749 11.282720
v 0.933176 166.818420 11.209886
v 0.652787 166.539307 10.832413
v 0.559986 166.356781 10.819952
v 0.524820 166.149414 10.808639
v 0.624347 165.983231 10.752900
v 0.648415 165.466965 10.832527
v 0.726005 165.355286 10.906668
v 0.820092 164.529007 11.083179
v 0.927821 163.501495 11.192047
v 0.984451 162.723663 11.385463
v 0.956094 162.046356 11.421052
v 0.865304 161.630981 11.396533
v 0.633973 161.512573 11.000036
v 1.322452 161.500748 10.204623
v 2.302667 161.509933 8.908263
v 3.090855 160.839462 7.985693
v 3.250477 159.331573 8.009528
v 2.911959 158.980469 8.443269
v 1.476931 159.283188 9.517635
v 1.934299 159.151611 9.345339
v 2.393472 159.177414 9.139189
v 2.737615 159.001724 8.637626
v 1.524892 158.980743 9.507380
v 1.495180 159.190643 9.727733
v 1.597311 159.183548 9.978898
v 1.718856 158.965897 10.040066
v 1.767911 158.443649 9.896940
v 1.766983 157.838120 9.318156
v 1.952059 156.999512 9.000216
v 2.244612 156.226227 8.515466
v 2.366245 156.167053 8.497104
v 2.446408 155.833832 8.399025
v 2.926874 156.154678 7.635042
v 3.580550 157.026016 6.834613
v 4.856974 157.987564 2.673079
v 4.537874 158.314026 4.477700
v 4.168069 158.112671 5.391782
v 5.551497 159.365433 -0.326149
v 5.886788 161.262985 -0.851972
v 5.960826 167.019653 -2.719725
v 5.987908 167.166061 -2.751108
v 5.814299 169.216034 -2.897450
v 4.418766 172.705170 6.950178
v 4.158980 171.452499 8.441419
v 3.986975 169.959366 9.517901
v 2.601336 168.752228 10.960879
v 2.555560 168.610016 10.923634
v 2.367080 167.842529 10.870093
v 2.225991 167.161438 10.979791
v 1.385723 166.719360 10.995153
v 0.719096 166.488693 10.609956
v 0.640341 166.305084 10.632727
v 0.678782 165.914795 10.360349
v 0.871421 165.256042 10.515412
v 0.964632 165.153091 10.614465
v 1.055597 164.325653 10.744614
v 1.086863 163.564575 10.732871
v 1.271680 162.946213 10.708287
v 1.554468 162.252655 10.764708
v 1.240429 161.797043 10.920151
v 2.319820 161.655792 8.937984
v 3.263206 161.542343 7.552799
v 3.484950 159.920685 7.369772
v 3.209218 158.794907 7.860563
v 2.843597 158.869797 8.408736
v 1.913415 159.246780 9.202877
v 2.264829 159.157700 8.966409
v 2.657022 159.044861 8.661803
v 2.660979 158.958115 8.599245
v 1.953439 158.982208 9.068159
v 1.913537 159.154938 9.281678
v 2.039027 159.175919 9.429729
v 2.152934 158.982300 9.459568
v 2.297028 158.443497 9.201277
v 2.334260 157.946335 8.646564
v 2.574923 157.259903 8.208201
v 2.787635 156.557327 7.763412
v 2.887577 156.498840 7.714405
v 3.497840 157.143219 7.088711
v 4.001067 158.033401 5.977181
v 4.914111 158.814987 3.267215
v 5.616111 160.813843 0.297491
v 5.975318 161.324524 0.381597
v 4.372263 159.448410 5.388264
v 4.593856 159.623856 4.729143
v 5.882160 161.224289 -0.619247
v 6.416655 161.685532 -0.758192
v 7.315912 163.114731 -1.683522
v 7.653299 164.635208 -1.906064
v 7.967204 166.146133 -1.833910
v 6.625740 169.093277 -1.420829
v 6.463757 168.002411 -1.604693
v 6.572217 170.740189 -0.923623
v 4.911445 170.834412 7.813088
v 3.688771 168.822159 10.174051
v 4.715737 169.662338 8.673650
v 3.644701 168.675980 10.145351
v 3.384466 167.989426 10.314165
v 3.182900 167.407074 10.404047
v 2.285301 166.920166 10.757648
v 1.518891 166.654419 10.601581
v 0.807784 166.399368 10.346491
v 0.680831 166.246262 10.316594
v 1.139395 165.412399 10.037769
v 1.170204 164.938416 10.161937
v 1.273447 164.853836 10.285150
v 1.256263 164.111374 10.332232
v 1.288976 163.521561 10.310363
v 1.374336 163.153549 10.273094
v 1.576602 162.903717 9.932039
v 1.618904 161.999146 9.860431
v 2.564670 162.038605 8.768388
v 3.379410 161.637360 7.585952
v 3.775573 160.449905 6.843316
v 3.497002 158.914780 7.194810
v 3.061269 158.447510 7.960505
v 2.691993 158.798981 8.463086
v 2.259855 159.268677 8.863773
v 2.586022 159.091812 8.608932
v 2.610390 159.014725 8.632745
v 2.534787 158.992996 8.652359
v 2.507835 159.199310 8.476909
v 2.553803 159.041214 8.383743
v 2.475134 158.960251 8.430566
v 2.259016 158.991211 8.715405
v 2.244256 159.148727 8.927081
v 2.323108 159.153748 8.962948
v 2.386846 159.010803 8.948913
v 2.529681 158.683228 8.827966
v 2.735763 158.190262 8.281558
v 3.097853 157.681656 7.708552
v 3.382060 157.197235 7.155060
v 3.856035 157.916977 6.416923
v 4.125700 159.169144 6.149505
v 4.868605 159.723969 4.087426
v 5.497987 161.147156 2.599226
v 6.457188 161.671860 -0.397880
v 4.417778 160.854141 5.712147
v 4.607072 160.911362 5.211775
v 7.414088 163.083771 -1.581677
v 6.636645 161.803497 -0.676544
v 7.784914 164.595978 -1.804296
v 6.554920 167.872879 -1.583563
v 8.057748 166.091599 -1.750332
v 7.863521 167.372284 -1.328600
v 6.524317 167.971329 -1.396499
v 6.891763 170.382813 1.288684
v 6.913296 168.556335 0.786428
v 5.857036 171.077423 5.825257
v 5.537856 170.188766 6.993475
v 4.149231 168.856247 9.630571
v 5.291855 169.336014 7.756302
v 4.650768 168.802872 8.971243
v 4.121035 168.715042 9.596360
v 4.075799 168.124557 9.587230
v 4.033406 167.659393 9.620872
v 3.112058 167.176987 10.321876
v 2.325692 166.913559 10.343148
v 1.583457 166.720123 10.224322
v 1.031887 166.494781 10.057315
v 0.823536 166.264816 9.972010
v 0.958326 165.975876 9.919941
v 1.216170 165.629990 9.835968
v 1.640017 165.016556 9.748675
v 1.578902 164.673141 9.821985
v 1.609193 164.546005 9.867288
v 1.654839 163.652573 9.763103
v 1.647292 163.069748 9.783639
v 1.647946 162.710495 9.656631
v 3.654454 161.853439 7.488298
v 2.748443 162.484177 8.555503
v 3.914630 160.551559 6.784516
v 3.753926 158.976227 6.609934
v 3.422689 158.218750 7.225061
v 2.547810 159.083145 8.615638
v 2.511745 159.066818 8.671960
v 2.496223 159.096863 8.674296
v 3.757863 157.967133 6.502984
v 3.925305 158.980560 6.548322
v 4.190426 160.644852 6.309178
v 5.117497 160.988220 4.083831
v 6.226816 162.851059 0.282331
v 5.798166 162.808609 2.471536
v 7.406001 163.076797 -1.427756
v 3.912917 162.161911 7.178312
v 4.436213 162.213562 6.257050
v 7.802622 164.558258 -1.668033
v 6.607779 167.855270 -1.435803
v 8.054980 166.057083 -1.621481
v 7.941687 167.318497 -1.275993
v 7.957559 167.325439 -1.143313
v 6.987634 166.814621 0.643272
v 6.752289 169.909546 3.211219
v 6.826604 168.123077 2.583775
v 6.528719 169.471573 4.405646
v 6.219966 168.846191 5.542118
v 5.968626 168.333084 6.300642
v 5.108501 168.607910 8.187496
v 4.609356 168.665497 8.952036
v 4.580672 168.132584 8.977490
v 4.483225 167.714386 9.057450
v 3.858994 167.397064 9.661231
v 3.035086 167.062286 10.140630
v 2.243616 167.139542 9.975821
v 1.743413 166.970291 9.875949
v 1.224084 166.642380 9.803628
v 0.927592 166.307571 9.729772
v 1.007148 166.064896 9.682801
v 1.303943 165.816681 9.653082
v 1.667018 165.223770 9.652582
v 2.182371 164.720642 9.469946
v 2.159788 164.346024 9.467158
v 2.187177 164.240753 9.468851
v 1.853289 163.463409 9.376272
v 1.727775 162.976837 9.587077
v 2.849926 162.814667 8.530866
v 5.124663 162.566498 4.744926
v 6.092041 163.847916 2.319541
v 6.467190 164.117767 0.193387
v 4.691174 163.043930 7.214469
v 3.891746 162.858063 7.928682
v 6.728731 165.478104 0.420313
v 6.861587 166.567566 2.454574
v 6.756211 167.954361 3.502912
v 6.513653 167.698624 4.548831
v 6.219394 167.402267 5.643703
v 5.674489 167.876617 6.764077
v 5.047538 168.513016 8.194953
v 4.880148 167.949921 8.375924
v 4.750294 167.585693 8.547379
v 4.337734 167.392715 9.125951
v 3.631852 167.237350 9.621496
v 2.792620 167.232132 9.885849
v 2.116952 167.453552 9.713622
v 1.722757 167.112167 9.688623
v 1.392965 166.690521 9.595387
v 1.103018 166.366272 9.560032
v 1.315307 166.213959 9.533557
v 1.517734 166.034805 9.514103
v 1.713784 165.463837 9.540806
v 2.192456 164.923508 9.433906
v 2.737826 164.601303 9.163695
v 2.807518 164.100479 9.002142
v 2.799938 163.986099 9.077336
v 2.853437 163.389603 8.716209
v 5.459199 163.431229 5.749016
v 5.755121 163.710709 4.180938
v 6.628830 164.994476 2.267445
v 3.853951 163.491760 8.209247
v 4.919807 163.660416 7.556643
v 6.784339 166.470169 3.412610
v 6.574921 166.352097 4.377721
v 6.272383 166.242691 5.556890
v 5.829372 167.205719 6.352654
v 5.557111 167.750763 6.829038
v 5.185131 167.418686 7.510591
v 4.965569 167.217407 7.941875
v 4.541813 167.322403 8.738190
v 4.061366 167.229324 9.221245
v 3.320623 167.277786 9.568143
v 2.595654 167.537308 9.684020
v 2.202860 167.252472 9.691232
v 1.911008 167.022079 9.625582
v 1.663537 166.724564 9.477026
v 1.503482 166.445358 9.443799
v 1.571735 166.276337 9.398243
v 1.719779 166.211212 9.406323
v 1.818771 165.809860 9.472011
v 2.214826 165.173828 9.382427
v 2.672407 164.841370 9.216313
v 3.413363 164.716446 8.788906
v 3.600548 164.247482 8.548980
v 3.735780 164.115692 8.566438
v 5.590692 163.976822 6.471841
v 6.027057 164.129440 5.278314
v 6.496246 164.977158 3.613678
v 4.862417 164.462540 7.820217
v 6.360888 164.965729 4.905719
v 5.859230 166.200180 6.285412
v 6.146619 165.230148 5.749517
v 5.670278 167.154633 6.411463
v 5.266317 166.909058 7.152958
v 4.978060 166.802979 7.668191
v 4.681684 167.074402 8.373647
v 4.286063 167.140884 8.930195
v 3.712823 167.182495 9.297198
v 3.097351 167.491379 9.479203
v 2.618954 167.337906 9.702309
v 1.936661 167.004745 9.556640
v 2.210119 167.208313 9.607224
v 1.695778 166.686447 9.406996
v 1.529950 166.442429 9.402926
v 1.591012 166.287628 9.356136
v 1.745941 166.211044 9.346482
v 1.865574 166.101608 9.466398
v 2.243037 165.597931 9.389843
v 2.635321 165.106857 9.231331
v 3.262318 164.970169 8.925893
v 4.715539 164.589066 7.802157
v 4.133274 164.994965 8.329198
v 5.280918 164.718704 7.305359
v 5.881104 164.585144 6.079824
v 5.691200 166.196991 6.352023
v 5.770893 165.667953 6.484359
v 5.228356 166.306595 7.119258
v 4.895168 166.335312 7.654031
v 4.703756 166.745300 8.120936
v 4.429810 166.979263 8.651955
v 3.972054 167.066971 9.065499
v 3.455369 167.191254 9.321917
v 2.972013 167.295517 9.575033
v 2.625085 167.295395 9.618658
v 1.886147 166.108932 9.398384
v 2.251339 165.968140 9.456199
v 2.608443 165.550430 9.300079
v 3.141786 165.243240 9.020850
v 3.856800 165.256073 8.588420
v 4.534896 165.261581 7.980683
v 5.050471 164.820648 7.382277
v 5.517085 165.115433 6.921368
v 5.562662 165.697266 6.579924
v 5.033318 165.847153 7.347221
v 4.621230 166.460800 8.087043
v 4.692689 165.963181 7.848086
v 4.485504 166.765350 8.431532
v 4.196393 166.920624 8.808477
v 3.748424 166.998688 9.105940
v 3.305131 167.044128 9.363769
v 2.963200 167.239182 9.493523
v 2.263534 165.991959 9.375124
v 2.583589 165.956955 9.412816
v 3.021444 165.658310 9.160999
v 3.649385 165.537949 8.774631
v 4.246297 165.533386 8.311226
v 5.348248 165.189514 6.960237
v 4.789808 165.531296 7.690403
v 4.410389 166.138718 8.224964
v 4.394507 166.588058 8.407774
v 4.473332 165.732300 8.095856
v 4.320581 166.788803 8.612899
v 4.011995 166.822678 8.863625
v 3.513955 166.831741 9.130703
v 3.269234 167.018341 9.296658
v 2.585251 165.964554 9.361378
v 2.930562 165.987671 9.308456
v 3.439709 165.898254 8.976653
v 4.009040 165.822037 8.557846
v 4.213797 165.983902 8.399151
v 4.137250 166.367676 8.538230
v 4.198686 166.698441 8.644371
v 3.756742 166.579117 8.916471
v 3.491189 166.825928 9.059143
v 2.934029 165.990158 9.232102
v 3.293539 166.143631 9.145669
v 3.777747 166.157990 8.772701
v 3.971589 166.281204 8.641286
v 3.865140 166.530762 8.789448
v 3.711247 166.586502 8.872661
v 3.278809 166.139008 9.100629
v 3.653978 166.452682 8.869287
v 3.811626 166.540710 8.760658
v 3.776513 166.559464 8.785727
v 3.622910 166.449188 8.843309
v 1.852360 167.784042 11.087096
v 1.737617 167.094772 11.194703
v 1.836723 166.900543 11.060596
v 1.818771 168.586990 11.189443
v 1.611219 166.802917 11.032812
v 1.427720 166.697281 10.894704
v -0.798507 160.381592 10.449169
v -0.927921 159.759003 10.577705
v -0.332745 159.677338 10.592604
v -0.390129 160.362091 10.325853
v -1.050365 159.599899 10.588173
v -0.371392 159.537735 10.656481
v -0.795666 160.964951 10.402431
v -0.396976 160.947861 10.278382
v -1.408946 160.388718 10.063382
v -1.560234 159.770706 10.071489
v -1.012343 159.314819 10.496218
v -0.408500 159.296753 10.639600
v -1.642919 159.553391 10.186084
v -0.733484 161.342941 10.350981
v -0.373738 161.278900 10.389096
v -1.356139 160.929825 10.096773
v -2.157960 160.344604 9.308377
v -2.105062 159.726700 9.538898
v -0.980117 159.159607 10.282393
v -0.391690 159.177414 10.477476
v -1.615240 159.238541 10.048823
v -2.095450 159.490067 9.659710
v -0.483158 159.261047 10.131797
v -0.459333 158.969009 10.006565
v -0.471847 159.191544 10.186231
v -0.542681 159.176865 10.560920
v -0.567222 158.948715 10.724366
v -0.557686 158.567108 10.808163
v -0.490919 157.734161 10.451479
v -0.532269 157.177567 10.318291
v -0.691175 156.668900 10.284674
v -0.788721 156.018036 10.532234
v -0.841648 155.945480 10.661716
v -0.896496 155.400146 10.300617
v -0.918198 154.981216 9.979434
v -1.202750 155.222961 8.242287
v -1.488345 155.552444 7.270874
v -1.893107 155.997299 5.616955
v -2.369689 156.389786 3.934388
v -2.034456 154.020065 3.551208
v -2.980655 159.476761 -5.042359
v -2.970904 161.869690 -4.591938
v -2.954349 164.530243 -4.382848
v -2.781414 167.255966 -5.674490
v -2.582087 169.551178 -5.364369
v -1.709392 173.914398 7.682061
v -1.724929 172.473618 9.459796
v -1.629407 170.370270 10.761634
v -0.851145 168.714676 11.395857
v -0.786397 168.572937 11.345304
v -0.550458 167.694061 11.327595
v -0.413412 167.079376 11.341541
v -0.363395 166.830704 11.280065
v -0.305242 166.582947 10.905184
v -0.333210 166.391403 10.923553
v -0.352747 166.184204 10.982205
v -0.389589 166.034515 11.014713
v -0.452601 165.577591 11.143494
v -0.493066 165.521011 11.268457
v -0.520853 164.727798 11.526715
v -0.559224 163.640854 11.811072
v -0.568882 162.611984 11.995328
v -0.479425 161.561081 11.944448
v -0.421204 161.234909 11.606359
v -0.334680 161.290665 10.974397
v -0.331611 161.306519 10.645922
v -0.682035 161.428360 10.523421
v -1.279350 161.432770 10.119505
v -2.249488 160.895660 9.168550
v -2.869449 160.084045 8.409534
v -2.452065 159.551239 8.999765
v -0.974313 159.261353 9.944509
v -1.455643 159.164108 9.753193
v -2.075982 159.213776 9.592113
v -2.418159 159.381516 9.168313
v -0.933450 158.986008 9.863453
v -0.974405 159.180634 10.082385
v -1.054279 159.149612 10.396206
v -1.161064 158.911636 10.532918
v -1.167172 158.475983 10.515772
v -0.952201 157.817307 10.128995
v -1.029543 157.202148 9.950474
v -1.347278 156.640823 9.914672
v -1.503793 155.915100 9.871576
v -1.605725 155.830475 9.975039
v -1.620646 155.418793 9.797983
v -1.578498 155.125290 9.689834
v -2.409924 155.498611 8.327406
v -2.835906 155.845352 7.503317
v -3.710394 156.604034 5.797395
v -4.308309 157.207245 4.185479
v -4.440596 157.796799 2.209619
v -4.174104 155.687317 1.689422
v -5.355397 157.200684 -0.486250
v -4.958741 158.447800 -2.860782
v -5.166210 160.680603 -2.515900
v -5.421868 163.251266 -2.680796
v -5.549378 165.227448 -2.882497
v -4.746059 167.254944 -4.272108
v -4.792877 169.372726 -4.376701
v -3.519020 173.358231 7.427193
v -3.360610 171.958420 8.934015
v -3.118358 170.172241 10.170000
v -1.712071 168.725586 11.263968
v -1.583023 168.582703 11.231620
v -1.354662 167.722351 11.231633
v -1.217320 167.095749 11.282720
v -0.933176 166.818420 11.209886
v -0.652787 166.539307 10.832413
v -0.559986 166.356781 10.819952
v -0.524820 166.149414 10.808639
v -0.624347 165.983231 10.752900
v -0.648415 165.466965 10.832527
v -0.726005 165.355286 10.906668
v -0.820092 164.529007 11.083179
v -0.927821 163.501495 11.192047
v -0.984451 162.723663 11.385463
v -0.956094 162.046356 11.421052
v -0.865304 161.630981 11.396533
v -0.633973 161.512573 11.000036
v -1.322452 161.500748 10.204623
v -2.302667 161.509933 8.908263
v -3.090873 160.839462 7.985694
v -3.250479 159.331573 8.009529
v -2.912290 158.980469 8.443268
v -1.476931 159.283066 9.517628
v -1.934299 159.151611 9.345339
v -2.393590 159.177414 9.139188
v -2.737761 159.001724 8.637626
v -1.524892 158.980743 9.507380
v -1.495180 159.190643 9.727733
v -1.597311 159.183548 9.978898
v -1.718856 158.965897 10.040066
v -1.767791 158.443649 9.896940
v -1.766950 157.838120 9.318157
v -1.951950 156.999512 9.000216
v -2.244355 156.226227 8.515466
v -2.365940 156.167068 8.497109
v -2.445392 155.833847 8.399046
v -2.926433 156.154678 7.635038
v -3.580248 157.026016 6.834621
v -4.857216 157.987579 2.673110
v -4.537680 158.314041 4.477729
v -4.167861 158.112686 5.391794
v -5.551943 159.365433 -0.329883
v -5.888011 161.263000 -0.849591
v -5.960650 167.019653 -2.719725
v -5.987795 167.166077 -2.751106
v -5.814307 169.216217 -2.897453
v -4.158980 171.452499 8.441419
v -3.986975 169.959366 9.517901
v -2.601336 168.752228 10.960879
v -2.555560 168.610016 10.923634
v -2.367080 167.842529 10.870093
v -2.225991 167.161499 10.979796
v -1.385723 166.719360 10.995153
v -0.719096 166.488693 10.609956
v -0.640341 166.305084 10.632727
v -0.678782 165.914795 10.360349
v -0.871421 165.256042 10.515412
v -0.964632 165.153091 10.614465
v -1.055597 164.325653 10.744614
v -1.086863 163.564575 10.732871
v -1.271680 162.946213 10.708287
v -1.554468 162.252655 10.764708
v -1.240429 161.797043 10.920151
v -2.319820 161.655792 8.937984
v -3.263299 161.542343 7.552798
v -3.485419 159.920685 7.369772
v -3.209600 158.794891 7.860560
v -2.843768 158.869781 8.408733
v -1.913415 159.246780 9.202877
v -2.264946 159.157700 8.966408
v -2.657204 159.044861 8.661803
v -2.661278 158.958115 8.599244
v -1.953439 158.982208 9.068159
v -1.913537 159.154938 9.281678
v -2.039027 159.175919 9.429729
v -2.152891 158.982300 9.459570
v -2.297008 158.443497 9.201280
v -2.334242 157.946335 8.646564
v -2.574743 157.259903 8.208203
v -2.787438 156.557327 7.763405
v -2.887231 156.498856 7.714419
v -3.497667 157.143219 7.088716
v -4.000772 158.033417 5.977190
v -4.913222 158.815002 3.267233
v -5.616334 160.813858 0.296780
v -5.973422 161.324539 0.381605
v -4.372158 159.448486 5.388278
v -4.593513 159.623856 4.729151
v -5.882374 161.224396 -0.618850
v -6.423201 161.685501 -0.758195
v -7.315908 163.114731 -1.683522
v -7.653218 164.635208 -1.906064
v -7.967174 166.146133 -1.833909
v -6.625740 169.093307 -1.420829
v -6.463757 168.002411 -1.604693
v -4.911445 170.834412 7.813088
v -3.688771 168.822159 10.174051
v -4.715737 169.662338 8.673650
v -3.644701 168.675980 10.145351
v -3.384466 167.989426 10.314165
v -3.182900 167.407074 10.404047
v -2.285301 166.920166 10.757648
v -1.518891 166.654419 10.601581
v -0.807784 166.399368 10.346491
v -0.680831 166.246262 10.316594
v -1.139395 165.412399 10.037769
v -1.170204 164.938416 10.161937
v -1.273447 164.853836 10.285150
v -1.256263 164.111374 10.332232
v -1.288976 163.521561 10.310363
v -1.374336 163.153549 10.273094
v -1.576602 162.903717 9.932039
v -1.618904 161.999146 9.860431
v -2.564670 162.038605 8.768388
v -3.379475 161.637360 7.585951
v -3.776467 160.449905 6.843313
v -3.497155 158.914780 7.194811
v -3.061262 158.447510 7.960506
v -2.691976 158.798981 8.463088
v -2.259855 159.268677 8.863773
v -2.586285 159.091812 8.608932
v -2.610477 159.014725 8.632745
v -2.535082 158.992996 8.652363
v -2.507869 159.199310 8.476909
v -2.553860 159.041214 8.383743
v -2.475296 158.960251 8.430566
v -2.259125 158.991211 8.715405
v -2.244386 159.148727 8.927082
v -2.323083 159.153748 8.962949
v -2.386827 159.010803 8.948915
v -2.529662 158.683228 8.827969
v -2.735791 158.190262 8.281561
v -3.097831 157.681656 7.708555
v -3.381837 157.197266 7.155069
v -3.855891 157.916977 6.416931
v -4.125717 159.169159 6.149512
v -4.867856 159.723984 4.087436
v -5.496128 161.147156 2.599226
v -6.457163 161.671860 -0.397875
v -4.417612 160.854141 5.712151
v -4.606740 160.911377 5.211787
v -7.414046 163.083801 -1.581678
v -6.631837 161.803406 -0.676557
v -7.782760 164.595978 -1.804297
v -6.554920 167.872879 -1.583563
v -8.057748 166.091599 -1.750332
v -7.863396 167.372284 -1.328600
v -6.524317 167.971329 -1.396499
v -6.913296 168.556335 0.786428
v -5.857036 171.077423 5.825257
v -5.537856 170.188766 6.993475
v -4.149231 168.856247 9.630571
v -5.291855 169.336014 7.756302
v -4.650768 168.802872 8.971243
v -4.121035 168.715042 9.596360
v -4.075799 168.124557 9.587230
v -4.033406 167.659393 9.620872
v -3.112058 167.176987 10.321876
v -2.325692 166.913559 10.343148
v -1.583457 166.720123 10.224322
v -1.031887 166.494781 10.057315
v -0.823536 166.264816 9.972010
v -0.958326 165.975876 9.919941
v -1.216170 165.629990 9.835968
v -1.640017 165.016556 9.748675
v -1.578902 164.673141 9.821985
v -1.609193 164.546005 9.867288
v -1.654839 163.652573 9.763103
v -1.647292 163.069748 9.783639
v -1.647946 162.710495 9.656631
v -3.654439 161.853439 7.488298
v -2.748443 162.484177 8.555503
v -3.914626 160.551559 6.784518
v -3.754025 158.976105 6.609931
v -3.422647 158.218750 7.225062
v -2.548086 159.083145 8.615638
v -2.511710 159.066818 8.671961
v -2.496469 159.096863 8.674296
v -3.757844 157.967133 6.502988
v -3.925397 158.980560 6.548327
v -4.190294 160.644852 6.309178
v -5.116953 160.988220 4.083843
v -6.226429 162.851074 0.282335
v -5.797504 162.808624 2.471550
v -7.406612 163.076797 -1.427757
v -3.912903 162.161911 7.178314
v -4.436190 162.213577 6.257055
v -7.802917 164.558258 -1.668033
v -6.607779 167.855270 -1.435803
v -8.055460 166.057083 -1.621481
v -7.941687 167.318497 -1.275993
v -7.957559 167.325439 -1.143313
v -6.987634 166.814621 0.643272
v -6.752289 169.909546 3.211219
v -6.826604 168.123077 2.583775
v -6.528719 169.471573 4.405646
v -6.219966 168.846191 5.542118
v -5.968626 168.333084 6.300642
v -5.108501 168.607910 8.187496
v -4.609356 168.665497 8.952036
v -4.580672 168.132584 8.977490
v -4.483225 167.714386 9.057450
v -3.858994 167.397064 9.661231
v -3.035086 167.062286 10.140630
v -2.243616 167.139542 9.975821
v -1.743413 166.970291 9.875949
v -1.224084 166.642380 9.803628
v -0.927592 166.307571 9.729772
v -1.007148 166.064896 9.682801
v -1.303943 165.816681 9.653082
v -1.667018 165.223770 9.652582
v -2.182371 164.720642 9.469946
v -2.159788 164.346024 9.467158
v -2.187177 164.240753 9.468851
v -1.853289 163.463409 9.376272
v -1.727775 162.976837 9.587077
v -2.849926 162.814667 8.530866
v -5.123982 162.566513 4.744940
v -6.092134 163.847931 2.319545
v -6.467209 164.117767 0.193390
v -4.691174 163.043930 7.214469
v -3.891746 162.858063 7.928682
v -6.728731 165.478104 0.420314
v -6.861587 166.567566 2.454574
v -6.756211 167.954361 3.502912
v -6.513653 167.698624 4.548831
v -6.219394 167.402267 5.643703
v -5.674489 167.876617 6.764077
v -5.047538 168.513016 8.194953
v -4.880148 167.949921 8.375924
v -4.750294 167.585693 8.547379
v -4.337734 167.392715 9.125951
v -3.631852 167.237350 9.621496
v -2.792620 167.232132 9.885849
v -2.116952 167.453552 9.713622
v -1.722757 167.112167 9.688623
v -1.392965 166.690521 9.595387
v -1.103018 166.366272 9.560032
v -1.315307 166.213959 9.533557
v -1.517734 166.034805 9.514103
v -1.713784 165.463837 9.540806
v -2.192456 164.923508 9.433906
v -2.737826 164.601303 9.163695
v -2.807518 164.100479 9.002142
v -2.799938 163.986099 9.077336
v -2.853437 163.389603 8.716209
v -5.459121 163.431229 5.749015
v -5.754944 163.710709 4.180940
v -6.628775 164.994476 2.267446
v -3.853951 163.491760 8.209247
v -4.919807 163.660416 7.556643
v -6.784339 166.470169 3.412610
v -6.574921 166.352127 4.377723
v -6.272383 166.242691 5.556890
v -5.829372 167.205719 6.352654
v -5.557111 167.750763 6.829038
v -5.185131 167.418686 7.510591
v -4.965561 167.217224 7.941869
v -4.541813 167.322403 8.738190
v -4.061366 167.229324 9.221245
v -3.320623 167.277786 9.568143
v -2.595654 167.537308 9.684020
v -2.202860 167.252472 9.691232
v -1.911008 167.022079 9.625582
v -1.663537 166.724564 9.477026
v -1.503482 166.445358 9.443799
v -1.571735 166.276337 9.398243
v -1.719779 166.211212 9.406323
v -1.818771 165.809860 9.472011
v -2.214826 165.173828 9.382427
v -2.672407 164.841370 9.216313
v -3.413363 164.716446 8.788906
v -3.600548 164.247482 8.548980
v -3.735780 164.115692 8.566438
v -5.590692 163.976822 6.471841
v -6.027006 164.129440 5.278314
v -6.496181 164.977158 3.613679
v -4.862417 164.462540 7.820217
v -6.360888 164.965729 4.905719
v -5.859230 166.200180 6.285412
v -6.146619 165.230148 5.749517
v -5.670278 167.154633 6.411463
v -5.266317 166.909058 7.152958
v -4.978060 166.802979 7.668191
v -4.681684 167.074402 8.373647
v -4.286063 167.140884 8.930195
v -3.712823 167.182495 9.297198
v -3.097351 167.491379 9.479203
v -2.618954 167.337906 9.702309
v -1.936661 167.004745 9.556640
v -2.210119 167.208313 9.607224
v -1.695778 166.686447 9.406996
v -1.529950 166.442429 9.402926
v -1.591012 166.287628 9.356134
v -1.745941 166.211044 9.346482
v -1.865574 166.101608 9.466398
v -2.243037 165.597931 9.389843
v -2.635321 165.106857 9.231331
v -3.262318 164.970169 8.925893
v -4.715539 164.589066 7.802157
v -4.133274 164.994965 8.329198
v -5.280918 164.718704 7.305359
v -5.881104 164.585144 6.079824
v -5.691200 166.196991 6.352023
v -5.770893 165.667953 6.484359
v -5.228356 166.306595 7.119258
v -4.895168 166.335312 7.654031
v -4.703756 166.745300 8.120936
v -4.429810 166.979263 8.651955
v -3.972054 167.066971 9.065499
v -3.455369 167.191254 9.321917
v -2.972013 167.295517 9.575033
v -2.625085 167.295395 9.618656
v -1.886147 166.108932 9.398384
v -2.251339 165.968140 9.456199
v -2.608443 165.550430 9.300079
v -3.141786 165.243240 9.020850
v -3.856800 165.256073 8.588420
v -4.534896 165.261581 7.980683
v -5.050471 164.820648 7.382277
v -5.517085 165.115433 6.921368
v -5.562662 165.697266 6.579924
v -5.033318 165.847153 7.347221
v -4.621230 166.460800 8.087043
v -4.692689 165.963181 7.848086
v -4.485504 166.765350 8.431532
v -4.196393 166.920624 8.808477
v -3.748424 166.998688 9.105940
v -3.305131 167.044128 9.363769
v -2.963200 167.239182 9.493521
v -2.263534 165.991959 9.375122
v -2.583589 165.956955 9.412816
v -3.021444 165.658310 9.160999
v -3.649385 165.537949 8.774631
v -4.246297 165.533386 8.311226
v -5.348248 165.189514 6.960237
v -4.789808 165.531296 7.690403
v -4.410389 166.138718 8.224964
v -4.394507 166.588058 8.407774
v -4.473332 165.732300 8.095856
v -4.320581 166.788803 8.612899
v -4.011995 166.822678 8.863625
v -3.513955 166.831741 9.130703
v -3.269234 167.018341 9.296658
v -2.585251 165.964554 9.361376
v -2.930562 165.987671 9.308456
v -3.439709 165.898254 8.976653
v -4.009040 165.822037 8.557846
v -4.213797 165.983902 8.399151
v -4.137250 166.367676 8.538230
v -4.198686 166.698441 8.644371
v -3.756742 166.579117 8.916471
v -3.491189 166.825928 9.059141
v -2.934029 165.990158 9.232100
v -3.293539 166.143631 9.145669
v -3.777747 166.157990 8.772701
v -3.971589 166.281204 8.641286
v -3.865140 166.530762 8.789448
v -3.711247 166.586502 8.872661
v -3.278809 166.139008 9.100629
v -3.653978 166.452682 8.869287
v -3.811626 166.540710 8.760658
v -3.776513 166.559464 8.785725
v -3.622910 166.449188 8.843307
v -1.852360 167.784042 11.087096
v -1.737617 167.094772 11.194703
v -1.836723 166.900543 11.060596
v -1.818771 168.586990 11.189443
v -1.611219 166.802917 11.032812
v -1.427720 166.697281 10.894704
v 0.000000 157.886749 9.474186
v 0.000000 159.005295 9.690914
v 0.896411 159.064484 9.416451
v 0.902382 157.883804 9.213249
v 0.000000 159.582138 9.600790
v 0.480500 159.588043 9.427718
v 2.150748 159.057755 8.277928
v 2.202098 158.075226 8.009890
v 0.882937 159.586365 9.402796
v 0.019011 159.845016 9.402894
v 0.464825 159.872726 9.330592
v 1.280819 159.625595 9.002885
v 1.816996 159.524048 8.425117
v 2.981761 159.254364 6.307146
v 2.935225 158.093109 6.458382
v 0.508765 159.858185 9.313747
v 0.862669 159.878174 9.225123
v 0.037474 159.926651 9.283914
v 0.436018 159.947876 9.260134
v 0.482023 159.874878 9.250622
v 0.000000 159.868408 9.306470
v 1.914389 159.815872 8.254347
v 2.513853 159.888870 7.583545
v 1.358584 159.975128 8.858165
v 1.747168 159.970322 8.437733
v 2.892617 159.549744 6.507445
v 3.315475 159.611847 4.495788
v 3.373825 158.493256 4.553008
v 1.101845 159.924454 9.056361
v 0.827960 159.959351 9.136623
v 0.515917 159.926346 9.240252
v 0.874231 159.916550 9.118305
v 0.050186 159.939911 9.221343
v 0.419841 159.946716 9.189060
v 1.736436 159.846176 8.304074
v 1.738400 159.866058 8.291028
v 2.196774 159.937775 7.461144
v 1.666987 159.981857 8.288489
v 1.334448 159.981583 8.815448
v 1.290233 159.938171 8.821832
v 3.258000 159.715805 5.097555
v 3.727060 160.042709 2.125702
v 0.897759 159.884003 9.204438
v 1.278374 159.920929 8.908364
v 0.809627 159.960648 9.044020
v 0.513913 159.927628 9.173274
v 0.000000 159.624695 9.360885
v 0.460232 159.674698 9.181060
v 2.928986 159.922699 6.325829
v 1.690835 159.548340 8.410190
v 1.737814 159.888199 8.090563
v 2.421410 159.944870 6.176844
v 1.261016 159.909775 8.765474
v 1.553653 159.937592 8.307018
v 3.159830 160.028107 5.327211
v 3.506933 160.524429 3.773503
v 3.718697 160.876114 2.275862
v 0.901719 159.975006 9.088122
v 1.095424 160.017471 8.966235
v 1.241663 160.001831 8.840452
v 0.642976 159.677185 8.995817
v 0.840985 159.664658 8.888436
v 0.000000 159.259460 9.104930
v 0.616303 159.380310 8.872239
v 2.086349 159.687164 7.399991
v 2.428881 159.671860 6.145423
v 2.629997 160.049713 5.201825
v 2.938797 160.058594 5.128241
v 1.354982 159.691055 8.739792
v 1.228814 159.668762 8.842976
v 2.883698 159.848053 4.980452
v 3.147727 160.662506 3.757318
v 3.501015 161.035309 2.167671
v 0.899601 159.988052 8.983393
v 1.075728 159.998306 8.873897
v 1.200305 159.994843 8.762831
v 0.000000 157.868713 8.278962
v 0.621757 158.013855 8.026985
v 2.060795 159.444412 6.864608
v 1.406318 159.460815 8.503565
v 2.628551 159.961929 5.213551
v 2.540129 159.680954 5.061370
v 2.893790 160.532761 3.699038
v 3.249782 160.915619 2.111158
v 1.456724 158.014801 6.796810
v 2.022751 158.047546 5.278595
v 2.605754 158.800507 3.407844
v -0.896411 159.064484 9.416451
v -0.902382 157.883804 9.213249
v -0.480500 159.588043 9.427718
v -2.150748 159.057755 8.277928
v -2.202098 158.075226 8.009890
v -0.882937 159.586365 9.402796
v -0.019011 159.845016 9.402894
v -0.464825 159.872726 9.330592
v -1.280819 159.625595 9.002885
v -1.816996 159.524048 8.425117
v -2.981761 159.254425 6.307149
v -2.935225 158.093109 6.458382
v -0.508765 159.858185 9.313747
v -0.862669 159.878174 9.225123
v -0.037474 159.926651 9.283914
v -0.436018 159.947876 9.260134
v -0.482023 159.874878 9.250622
v -1.914389 159.815872 8.254347
v -2.513853 159.888870 7.583545
v -1.358584 159.975128 8.858165
v -1.747168 159.970322 8.437733
v -2.892617 159.549744 6.507445
v -3.315475 159.611847 4.495788
v -3.373825 158.493256 4.553006
v -1.101845 159.924454 9.056361
v -0.827960 159.959351 9.136623
v -0.515917 159.926346 9.240252
v -0.874231 159.916550 9.118305
v -0.050186 159.939911 9.221343
v -0.419841 159.946716 9.189060
v -1.736436 159.846176 8.304074
v -1.738400 159.866058 8.291028
v -2.196774 159.937775 7.461144
v -1.666987 159.981857 8.288489
v -1.334448 159.981583 8.815448
v -1.290233 159.938171 8.821832
v -3.258000 159.715805 5.097555
v -3.727060 160.042709 2.125702
v -0.897759 159.884003 9.204438
v -1.278374 159.920929 8.908364
v -0.809627 159.960648 9.044020
v -0.513913 159.927628 9.173274
v -0.460232 159.674698 9.181060
v -2.928986 159.922699 6.325829
v -1.690835 159.548340 8.410190
v -1.737814 159.888199 8.090563
v -2.421410 159.944870 6.176844
v -1.261016 159.909775 8.765474
v -1.553653 159.937592 8.307018
v -3.159830 160.028107 5.327211
v -3.506933 160.524429 3.773503
v -3.718697 160.876114 2.275862
v -0.901719 159.975006 9.088122
v -1.095424 160.017471 8.966235
v -1.241663 160.001831 8.840452
v -0.642976 159.677185 8.995817
v -0.840985 159.664658 8.888436
v -0.616303 159.380310 8.872239
v -2.086349 159.687164 7.399991
v -2.428881 159.671860 6.145423
v -2.629997 160.049713 5.201825
v -2.938797 160.058594 5.128241
v -1.354982 159.691055 8.739792
v -1.228814 159.668762 8.842976
v -2.883698 159.848053 4.980452
v -3.147727 160.662506 3.757318
v -3.501015 161.035309 2.167671
v -0.899601 159.988052 8.983393
v -1.075728 159.998306 8.873897
v -1.200305 159.994843 8.762831
v -0.621757 158.013855 8.026985
v -2.060795 159.444412 6.864608
v -1.406318 159.460815 8.503565
v -2.628551 159.961929 5.213551
v -2.540129 159.680954 5.061370
v -2.893790 160.532761 3.699038
v -3.249782 160.915619 2.111158
v -1.456724 158.014801 6.796810
v -2.022751 158.047546 5.278599
v -2.605762 158.800507 3.407771
v 0.000000 161.266174 9.685240
v 1.120080 161.552628 9.396636
v 0.000000 160.310486 9.733037
v 0.777371 160.166016 9.639852
v 1.476314 160.347473 9.066271
v 0.375551 160.009262 9.781537
v 2.182409 161.645660 8.278477
v 1.982862 160.493027 8.588077
v 1.168071 160.112122 9.368566
v 0.724116 159.402969 9.482465
v 0.000000 160.045624 9.819805
v 2.380981 160.551849 7.965520
v 1.773939 160.240097 8.849091
v 1.371830 159.449371 9.038979
v 1.117847 159.417313 9.265779
v 0.861717 159.395294 9.435008
v 0.773684 159.554733 9.438217
v 0.403336 159.389130 9.643492
v 0.000000 159.416290 9.719457
v 2.807136 161.788162 7.136215
v 2.672048 160.657791 7.414479
v 2.257509 160.374084 8.292367
v 1.870122 159.573227 8.527522
v 1.699678 159.503754 8.762887
v 1.475339 159.486267 8.939255
v 1.399006 159.523834 8.966265
v 1.028832 159.451691 9.168144
v 1.338759 159.549866 8.898835
v 0.714679 159.409164 9.410018
v 0.710710 159.597015 9.266038
v 0.396412 159.394333 9.582898
v 0.072296 159.383926 9.703853
v 2.821371 160.747513 6.881091
v 2.589379 160.435913 7.664391
v 2.339715 159.717087 7.937648
v 1.975985 159.624146 8.431819
v 1.911967 159.665146 8.495372
v 1.807658 159.655411 8.484517
v 1.577340 159.543121 8.711922
v 0.803747 159.436142 9.321953
v 1.367458 159.967285 8.776111
v 0.394851 159.474686 9.481385
v 0.066904 159.391037 9.620975
v 0.000000 159.420273 9.620760
v 3.182900 161.894135 5.867110
v 2.944989 160.828476 6.219267
v 2.775452 160.491364 7.167668
v 2.640532 159.831146 7.399306
v 2.459097 159.803101 7.760351
v 2.296917 159.823334 7.830419
v 1.950370 159.681900 8.119088
v 1.557126 160.375336 8.369640
v 0.448320 160.605423 9.156223
v 0.046255 159.447861 9.538320
v 0.000000 159.853043 9.415677
v 3.167729 160.660858 5.591369
v 2.950114 160.579834 6.549699
v 2.744315 159.902924 6.881267
v 2.672178 159.848602 7.272660
v 2.547258 159.833084 7.334203
v 2.136595 159.802002 7.803249
v 1.927780 160.061783 7.983499
v 0.000000 160.797791 9.217954
v 3.121808 160.049713 5.683399
v 3.011550 160.041061 6.047519
v 2.914454 160.012451 6.231693
v 2.839971 159.977478 6.691020
v 2.648324 159.918015 6.770411
v 2.253616 159.871109 7.021029
v 2.422217 159.862198 7.300743
v 2.209653 159.801346 7.408465
v 2.164815 160.707031 6.327188
v 2.118094 160.072968 7.076120
v 2.539604 160.007675 5.562705
v 2.503272 160.032425 5.807872
v 2.841822 160.018204 6.085040
v 2.778765 160.073273 5.538319
v 2.769297 160.229401 5.438875
v 2.365276 159.952896 6.383835
v 2.529619 159.929138 6.724959
v 2.349844 160.181015 5.920028
v 2.406405 160.578690 5.348856
v 2.664729 160.047272 6.067071
v 2.471184 160.154968 5.488302
v 2.912237 160.105545 5.015927
v 2.774979 160.054901 5.491525
v -1.120080 161.552628 9.396632
v -0.777371 160.166016 9.639852
v -1.476314 160.347473 9.066271
v -0.375551 160.009262 9.781533
v -2.182409 161.645660 8.278473
v -1.982862 160.493027 8.588073
v -1.168071 160.112122 9.368566
v -0.724116 159.402969 9.482461
v -2.380981 160.551849 7.965517
v -1.773939 160.240097 8.849087
v -1.371830 159.449371 9.038975
v -1.117847 159.417313 9.265775
v -0.861717 159.395294 9.435003
v -0.773684 159.554733 9.438213
v -0.403336 159.389130 9.643488
v -2.807136 161.788132 7.136209
v -2.672048 160.657791 7.414475
v -2.257509 160.374084 8.292363
v -1.870122 159.573227 8.527518
v -1.699678 159.503754 8.762883
v -1.475339 159.486267 8.939251
v -1.399006 159.523834 8.966261
v -1.028832 159.451691 9.168144
v -1.338759 159.549866 8.898835
v -0.714679 159.409164 9.410018
v -0.710710 159.597015 9.266038
v -0.396412 159.394333 9.582898
v -0.072296 159.383926 9.703853
v -2.821371 160.747513 6.881091
v -2.589379 160.435913 7.664391
v -2.339715 159.717087 7.937648
v -1.975985 159.624146 8.431819
v -1.911967 159.665146 8.495372
v -1.807658 159.655411 8.484517
v -1.577340 159.543121 8.711922
v -0.803747 159.436142 9.321953
v -1.367458 159.967285 8.776111
v -0.394851 159.474686 9.481385
v -0.066904 159.391037 9.620975
v -3.182900 161.894135 5.867110
v -2.944989 160.828476 6.219267
v -2.775452 160.491364 7.167668
v -2.640532 159.831146 7.399306
v -2.459097 159.803101 7.760351
v -2.296917 159.823334 7.830419
v -1.950370 159.681900 8.119088
v -1.557126 160.375336 8.369644
v -0.448320 160.605423 9.156227
v -0.046255 159.447861 9.538320
v -3.167729 160.660858 5.591369
v -2.950114 160.579834 6.549699
v -2.744315 159.902924 6.881267
v -2.672178 159.848602 7.272660
v -2.547258 159.833084 7.334203
v -2.136595 159.802002 7.803249
v -1.927780 160.061783 7.983499
v -3.121808 160.049713 5.683403
v -3.011550 160.041061 6.047519
v -2.914454 160.012451 6.231693
v -2.839971 159.977478 6.691020
v -2.648324 159.918015 6.770411
v -2.253616 159.871109 7.021029
v -2.422217 159.862198 7.300743
v -2.209653 159.801346 7.408465
v -2.164815 160.707031 6.327188
v -2.118094 160.072968 7.076124
v -2.539604 160.007675 5.562705
v -2.503272 160.032425 5.807876
v -2.841822 160.018204 6.085040
v -2.778765 160.073273 5.538315
v -2.769297 160.229401 5.438875
v -2.365276 159.952896 6.383835
v -2.529619 159.929138 6.724959
v -2.349844 160.181015 5.920028
v -2.406405 160.578690 5.348856
v -2.664729 160.047272 6.067071
v -2.471184 160.154968 5.488302
v -2.912237 160.105545 5.015931
v -2.774979 160.054901 5.491525
v -2.264235 166.779526 9.805622
v -1.997395 166.698502 9.746140
v -1.809494 166.588913 9.621829
v -1.751417 166.417374 9.553649
v -2.611375 166.795456 9.778931
v -2.283855 166.380508 9.677131
v -1.982664 166.401764 9.643123
v -2.947350 166.809570 9.669401
v -2.606295 166.382401 9.662595
v -3.204752 166.733109 9.491943
v -2.939391 166.411591 9.543941
v -3.383810 166.707596 9.292858
v -3.216733 166.461105 9.384244
v -3.480526 166.530945 9.154612
v 2.264235 166.779526 9.805622
v 1.997395 166.698502 9.746140
v 1.809494 166.588913 9.621829
v 1.751417 166.417374 9.553649
v 2.611375 166.795456 9.778931
v 2.283855 166.380630 9.677138
v 1.982664 166.401764 9.643123
v 2.947350 166.809570 9.669401
v 2.606295 166.382401 9.662599
v 3.204752 166.733109 9.491943
v 2.939391 166.411591 9.543945
v 3.383810 166.707596 9.292858
v 3.216733 166.461105 9.384244
v 3.480526 166.530945 9.154612
v 0.000000 159.821594 10.062483
v 0.000000 161.306778 9.860717
v 0.000000 162.925430 7.312910
v 0.000000 162.371033 1.525940
v 0.000000 157.795258 1.396026
v 0.000000 157.137787 5.786551
v 0.000000 157.012833 9.148016
v 0.000000 158.339539 10.197923
v 0.512033 159.887924 9.910808
v 0.616608 161.357361 9.624130
v 0.571251 162.960114 7.083365
v 0.418074 162.237518 1.514430
v 1.034583 162.040665 1.497467
v 1.925616 161.756165 1.472951
v 2.672392 161.517838 1.452412
v 3.321926 161.310440 1.434536
v 3.671641 159.578094 1.445563
v 3.511076 158.522690 1.419625
v 3.334722 158.070099 1.426488
v 2.753439 158.020691 1.415480
v 2.216760 157.976654 1.411659
v 1.671923 157.932007 1.407810
v 0.884978 157.867645 1.402264
v 0.473096 157.833984 1.399364
v 0.496906 157.143417 5.651440
v 0.404426 157.019409 8.929681
v 0.464764 158.319519 10.056212
v 1.061546 159.930359 9.724670
v 1.220207 161.463211 9.387265
v 1.142495 162.994934 6.853836
v 2.173856 162.808914 6.298987
v 2.671897 162.541016 5.964861
v 3.169945 162.273346 5.630753
v 3.558200 159.900314 5.034841
v 3.404132 158.232727 4.786181
v 3.276660 157.578094 4.746204
v 2.891086 157.406982 4.886506
v 2.505512 157.235657 5.026787
v 2.072076 157.191467 5.171455
v 0.993804 157.148849 5.516316
v 0.808850 157.025803 8.711346
v 0.922406 158.339386 9.839895
v 1.603908 159.945175 9.249393
v 2.078756 161.572525 8.539433
v 2.663556 161.532730 7.857869
v 3.039533 161.418472 7.204977
v 3.234716 159.602463 6.645866
v 3.021132 158.232147 6.530466
v 2.750552 157.847488 7.093906
v 2.460925 157.637192 7.340120
v 2.078085 157.393112 7.652194
v 1.752559 157.264954 7.915436
v 1.554597 158.446533 9.292140
v 2.107043 159.892487 8.924345
v 2.529451 159.746964 8.528629
v 2.750294 159.303818 8.164399
v 2.718525 158.937286 8.010130
v 2.490424 158.667282 8.184536
v 2.273793 158.512177 8.476000
v 1.993342 158.487991 8.826953
v -0.512033 159.887924 9.910808
v -0.616608 161.357361 9.624130
v -0.571251 162.960114 7.083365
v -0.418059 162.237518 1.514460
v -1.034248 162.040604 1.498066
v -1.924893 161.756165 1.474014
v -2.672392 161.517838 1.452412
v -3.321926 161.310440 1.434536
v -3.671641 159.578094 1.445563
v -3.511084 158.522690 1.419622
v -3.297934 158.074738 1.454221
v -2.753469 158.020752 1.415454
v -2.216760 157.976746 1.411660
v -1.671923 157.932098 1.407811
v -0.884978 157.867737 1.402266
v -0.473096 157.834045 1.399365
v -0.496906 157.143417 5.651440
v -0.404426 157.019409 8.929681
v -0.464764 158.319519 10.056212
v -1.061546 159.930359 9.724670
v -1.220207 161.463211 9.387265
v -1.142495 162.994934 6.853836
v -2.173856 162.808914 6.298988
v -2.671897 162.541016 5.964861
v -3.169945 162.273346 5.630753
v -3.558200 159.900314 5.034841
v -3.404132 158.232727 4.786181
v -3.276668 157.578094 4.746207
v -2.891086 157.406982 4.886506
v -2.505512 157.235657 5.026787
v -2.072076 157.191467 5.171455
v -0.993804 157.148849 5.516316
v -0.808850 157.025803 8.711346
v -0.922406 158.339386 9.839895
v -1.603908 159.945175 9.249393
v -2.078756 161.572525 8.539433
v -2.663556 161.532730 7.857869
v -3.039533 161.418472 7.204977
v -3.234716 159.602463 6.645866
v -3.021132 158.232147 6.530466
v -2.750552 157.847488 7.093906
v -2.460925 157.637192 7.340120
v -2.078085 157.393112 7.652194
v -1.752559 157.264954 7.915436
v -1.554597 158.446533 9.292140
v -2.107043 159.892487 8.924345
v -2.529451 159.746964 8.528629
v -2.750294 159.303818 8.164399
v -2.718525 158.937286 8.010130
v -2.490424 158.667282 8.184536
v -2.273793 158.512177 8.476000
v -1.993342 158.487991 8.826953
vt 0.395227 0.572341
vt 0.385257 0.570853
vt 0.388304 0.560336
vt 0.398151 0.561850
vt 0.375124 0.569313
vt 0.377735 0.558879
vt 0.364165 0.567699
vt 0.366231 0.557284
vt 0.337781 0.563622
vt 0.351842 0.565767
vt 0.351140 0.576243
vt 0.337932 0.573982
vt 0.351786 0.586723
vt 0.343212 0.585026
vt 0.338803 0.553508
vt 0.353345 0.555559
vt 0.380107 0.548736
vt 0.368238 0.547315
vt 0.370032 0.537875
vt 0.382093 0.539152
vt 0.390871 0.550131
vt 0.340250 0.543911
vt 0.354993 0.545691
vt 0.371562 0.529150
vt 0.383726 0.530087
vt 0.393085 0.540133
vt 0.394960 0.530729
vt 0.347302 0.512086
vt 0.354571 0.505056
vt 0.365215 0.505112
vt 0.361865 0.512613
vt 0.359663 0.520078
vt 0.344835 0.518959
vt 0.358124 0.527894
vt 0.373028 0.521020
vt 0.385114 0.521865
vt 0.395970 0.522428
vt 0.374656 0.513289
vt 0.376549 0.505665
vt 0.361079 0.589142
vt 0.362312 0.578267
vt 0.372333 0.579938
vt 0.369509 0.590590
vt 0.388294 0.506082
vt 0.386602 0.513916
vt 0.397893 0.514648
vt 0.381964 0.581438
vt 0.377658 0.591933
vt 0.399038 0.505997
vt 0.414923 0.505482
vt 0.409176 0.516043
vt 0.392096 0.583062
vt 0.390684 0.594087
vt 0.419781 0.504377
vt 0.418395 0.514599
vt 0.400773 0.584358
vt 0.395347 0.595093
vt 0.404558 0.573798
vt 0.425965 0.503587
vt 0.426787 0.514211
vt 0.426605 0.524305
vt 0.417305 0.523543
vt 0.405360 0.522978
vt 0.405717 0.529950
vt 0.409620 0.523214
vt 0.425072 0.534181
vt 0.415435 0.532770
vt 0.423369 0.544521
vt 0.413132 0.542787
vt 0.403437 0.541184
vt 0.400981 0.551453
vt 0.408074 0.563357
vt 0.410702 0.553121
vt 0.421205 0.554680
vt 0.418312 0.564899
vt 0.474649 0.570978
vt 0.489743 0.572778
vt 0.490133 0.584177
vt 0.473733 0.580952
vt 0.415439 0.575145
vt 0.410618 0.585600
vt 0.402508 0.595563
vt 0.463475 0.526537
vt 0.462581 0.515332
vt 0.479696 0.515710
vt 0.479007 0.527265
vt 0.458320 0.503847
vt 0.484123 0.505302
vt 0.493256 0.515042
vt 0.494052 0.527642
vt 0.475991 0.560924
vt 0.459486 0.569135
vt 0.460956 0.559215
vt 0.490606 0.562961
vt 0.319267 0.571002
vt 0.321567 0.561032
vt 0.311902 0.578866
vt 0.306018 0.558385
vt 0.305362 0.570022
vt 0.305813 0.578022
vt 0.061639 0.774523
vt 0.058633 0.773942
vt 0.058835 0.769122
vt 0.063044 0.768959
vt 0.073582 0.769338
vt 0.071201 0.775923
vt 0.074695 0.762596
vt 0.063665 0.764006
vt 0.058244 0.763419
vt 0.126695 0.739708
vt 0.126252 0.733416
vt 0.133197 0.732057
vt 0.135490 0.736526
vt 0.058855 0.758027
vt 0.064577 0.759271
vt 0.075410 0.758166
vt 0.141740 0.723476
vt 0.144427 0.724066
vt 0.137701 0.723805
vt 0.133391 0.728096
vt 0.126397 0.729295
vt 0.115700 0.734560
vt 0.116219 0.730081
vt 0.104292 0.743420
vt 0.105257 0.737283
vt 0.115685 0.740582
vt 0.113454 0.789886
vt 0.113632 0.794115
vt 0.109857 0.793627
vt 0.107570 0.788895
vt 0.106185 0.795529
vt 0.103479 0.793375
vt 0.101286 0.787362
vt 0.099782 0.792538
vt 0.096800 0.786795
vt 0.095421 0.791340
vt 0.327718 0.511757
vt 0.314193 0.510764
vt 0.314036 0.505768
vt 0.320847 0.506679
vt 0.094751 0.775120
vt 0.097678 0.771448
vt 0.101675 0.776287
vt 0.097979 0.778348
vt 0.327469 0.523975
vt 0.326046 0.532049
vt 0.310212 0.527721
vt 0.311770 0.520149
vt 0.312975 0.515481
vt 0.328287 0.517534
vt 0.102730 0.781586
vt 0.098540 0.782202
vt 0.107259 0.774701
vt 0.108714 0.781650
vt 0.103351 0.767470
vt 0.111543 0.765479
vt 0.116117 0.765361
vt 0.118856 0.774331
vt 0.114648 0.774031
vt 0.115525 0.782444
vt 0.107998 0.758539
vt 0.111981 0.757869
vt 0.119084 0.783159
vt 0.109078 0.753927
vt 0.102094 0.753487
vt 0.104987 0.732381
vt 0.106155 0.724420
vt 0.097984 0.732440
vt 0.098155 0.724791
vt 0.099421 0.716735
vt 0.100597 0.711833
vt 0.107153 0.711973
vt 0.107097 0.716472
vt 0.115969 0.723997
vt 0.126972 0.724455
vt 0.116195 0.717185
vt 0.117280 0.712771
vt 0.127903 0.719441
vt 0.134944 0.721839
vt 0.136619 0.717811
vt 0.106149 0.707624
vt 0.120067 0.707771
vt 0.097535 0.754577
vt 0.098334 0.760526
vt 0.084676 0.761265
vt 0.086430 0.756193
vt 0.092207 0.755237
vt 0.090374 0.761423
vt 0.082956 0.767514
vt 0.088151 0.767096
vt 0.088572 0.773875
vt 0.081877 0.775100
vt 0.324274 0.542011
vt 0.307361 0.541116
vt 0.322900 0.551148
vt 0.306367 0.548007
vt 0.140427 0.713667
vt 0.118137 0.790497
vt 0.477087 0.550421
vt 0.491383 0.552644
vt 0.478141 0.539058
vt 0.463453 0.537849
vt 0.462391 0.548760
vt 0.450292 0.594828
vt 0.454749 0.587323
vt 0.472261 0.589961
vt 0.472122 0.599213
vt 0.457153 0.578644
vt 0.480177 0.608227
vt 0.440042 0.601218
vt 0.073578 0.749417
vt 0.074392 0.751049
vt 0.073243 0.752802
vt 0.071286 0.748845
vt 0.076178 0.714149
vt 0.076052 0.711986
vt 0.077477 0.712722
vt 0.077469 0.713624
vt 0.070305 0.722090
vt 0.070472 0.718893
vt 0.071998 0.720141
vt 0.072090 0.721241
vt 0.067556 0.731734
vt 0.067290 0.728567
vt 0.068655 0.729607
vt 0.068700 0.730594
vt 0.090177 0.737861
vt 0.083110 0.741432
vt 0.081868 0.738877
vt 0.085125 0.736834
vt 0.092946 0.742451
vt 0.087712 0.745079
vt 0.095396 0.746095
vt 0.089562 0.747819
vt 0.130463 0.784898
vt 0.125663 0.791429
vt 0.121878 0.791133
vt 0.122469 0.783839
vt 0.120473 0.765252
vt 0.131755 0.766647
vt 0.132918 0.772345
vt 0.122859 0.774622
vt 0.114426 0.752329
vt 0.118970 0.751024
vt 0.124450 0.754686
vt 0.115771 0.757234
vt 0.087348 0.711255
vt 0.096198 0.709816
vt 0.094651 0.712190
vt 0.087208 0.712983
vt 0.085869 0.716263
vt 0.091604 0.716914
vt 0.068737 0.741728
vt 0.068071 0.738711
vt 0.069885 0.739411
vt 0.069974 0.740342
vt 0.444149 0.567606
vt 0.446515 0.557658
vt 0.448075 0.547388
vt 0.449058 0.536658
vt 0.449596 0.525903
vt 0.448309 0.515213
vt 0.442142 0.577124
vt 0.430815 0.566298
vt 0.427698 0.576484
vt 0.432836 0.556239
vt 0.434860 0.545941
vt 0.436447 0.535561
vt 0.437007 0.525037
vt 0.341821 0.534586
vt 0.356585 0.536424
vt 0.128808 0.714892
vt 0.131544 0.709275
vt 0.134138 0.725058
vt 0.493082 0.540693
vt 0.488512 0.505174
vt 0.485655 0.603791
vt 0.485709 0.609598
vt 0.488895 0.592379
vt 0.434727 0.591618
vt 0.438784 0.585833
vt 0.425481 0.587264
vt 0.414495 0.597004
vt 0.444826 0.505086
vt 0.437079 0.514822
vt 0.435986 0.504825
vt 0.425051 0.598498
vt 0.343233 0.526307
vt 0.081592 0.743433
vt 0.078966 0.745173
vt 0.077132 0.743089
vt 0.078734 0.741791
vt 0.131745 0.786806
vt 0.136112 0.788841
vt 0.133795 0.792696
vt 0.128541 0.791419
vt 0.087673 0.748657
vt 0.083335 0.751499
vt 0.081552 0.748925
vt 0.084725 0.746588
vt 0.075754 0.747303
vt 0.073684 0.745054
vt 0.140505 0.789604
vt 0.138790 0.794134
vt 0.078413 0.753747
vt 0.077668 0.750908
vt 0.078902 0.741344
vt 0.078321 0.741035
vt 0.078782 0.738456
vt 0.077671 0.731817
vt 0.079277 0.733786
vt 0.075734 0.733606
vt 0.075763 0.733431
vt 0.071562 0.742424
vt 0.071413 0.740543
vt 0.071132 0.738899
vt 0.069684 0.736603
vt 0.144454 0.778807
vt 0.146386 0.779684
vt 0.145485 0.781612
vt 0.143818 0.782277
vt 0.075052 0.733090
vt 0.072691 0.732949
vt 0.073096 0.730440
vt 0.075806 0.730653
vt 0.073096 0.728465
vt 0.076032 0.727790
vt 0.072577 0.726445
vt 0.075940 0.725416
vt 0.134427 0.767505
vt 0.139665 0.767519
vt 0.140188 0.770329
vt 0.135269 0.770881
vt 0.069383 0.732880
vt 0.069941 0.730614
vt 0.069561 0.728962
vt 0.069046 0.726834
vt 0.143319 0.767704
vt 0.145232 0.767960
vt 0.145428 0.770252
vt 0.143906 0.770588
vt 0.077802 0.724856
vt 0.077321 0.724699
vt 0.079310 0.722709
vt 0.081238 0.724113
vt 0.084119 0.719180
vt 0.081726 0.717447
vt 0.081694 0.717224
vt 0.072609 0.723918
vt 0.074021 0.721797
vt 0.074027 0.719976
vt 0.073220 0.717789
vt 0.138210 0.756319
vt 0.141177 0.756639
vt 0.142295 0.758833
vt 0.140072 0.760064
vt 0.081309 0.716960
vt 0.084030 0.715604
vt 0.084910 0.713087
vt 0.085722 0.711391
vt 0.122701 0.749766
vt 0.126171 0.753069
vt 0.078176 0.716008
vt 0.079244 0.714104
vt 0.079522 0.712112
vt 0.078880 0.709991
vt 0.130167 0.748242
vt 0.132862 0.748164
vt 0.134183 0.750273
vt 0.131498 0.751323
vt 0.079033 0.741430
vt 0.077788 0.734951
vt 0.074980 0.734378
vt 0.080209 0.720287
vt 0.080432 0.718068
vt 0.077453 0.725213
vt 0.078534 0.726667
vt 0.125899 0.757998
vt 0.129439 0.758712
vt 0.131903 0.761250
vt 0.129981 0.762990
vt 0.133731 0.781034
vt 0.130774 0.781157
vt 0.131996 0.775735
vt 0.134648 0.777061
vt 0.126886 0.781936
vt 0.126890 0.776061
vt 0.121547 0.758682
vt 0.123110 0.762655
vt 0.085148 0.734393
vt 0.089694 0.732415
vt 0.090272 0.724932
vt 0.086931 0.720385
vt 0.086788 0.723309
vt 0.099275 0.745112
vt 0.098334 0.740410
vt 0.097849 0.735682
vt 0.112853 0.749353
vt 0.117181 0.748381
vt 0.119502 0.747657
vt 0.134395 0.747238
vt 0.129285 0.746050
vt 0.135716 0.749963
vt 0.133011 0.752954
vt 0.128468 0.754444
vt 0.126826 0.754991
vt 0.127294 0.755612
vt 0.127926 0.755355
vt 0.142079 0.755082
vt 0.137988 0.754061
vt 0.143828 0.759493
vt 0.141024 0.762071
vt 0.134466 0.762960
vt 0.132593 0.763567
vt 0.132692 0.764277
vt 0.139153 0.764262
vt 0.134534 0.764414
vt 0.147001 0.767014
vt 0.144275 0.764954
vt 0.146951 0.771681
vt 0.144606 0.773259
vt 0.140134 0.773049
vt 0.136886 0.773291
vt 0.135427 0.773893
vt 0.135491 0.773631
vt 0.137408 0.774498
vt 0.148526 0.779245
vt 0.145918 0.776584
vt 0.147081 0.783410
vt 0.144158 0.785293
vt 0.134939 0.784509
vt 0.133672 0.784484
vt 0.133495 0.784963
vt 0.137660 0.785918
vt 0.134599 0.785179
vt 0.141437 0.786469
vt 0.143856 0.795849
vt 0.142836 0.793764
vt 0.144093 0.790570
vt 0.146114 0.789945
vt 0.137212 0.797436
vt 0.131809 0.796525
vt 0.126742 0.795214
vt 0.124648 0.794874
vt 0.122159 0.795283
vt 0.073877 0.738037
vt 0.073532 0.735489
vt 0.139133 0.777722
vt 0.140159 0.774765
vt 0.138226 0.780931
vt 0.137792 0.784932
vt 0.076235 0.741576
vt 0.075566 0.739427
vt 0.076757 0.720120
vt 0.077000 0.718091
vt 0.134013 0.757248
vt 0.131809 0.753941
vt 0.135634 0.759762
vt 0.136674 0.762502
vt 0.075670 0.724366
vt 0.075785 0.721905
vt 0.080371 0.716468
vt 0.081604 0.714845
vt 0.082225 0.712673
vt 0.082345 0.710624
vt 0.126639 0.748312
vt 0.124653 0.746386
vt 0.129305 0.751733
vt 0.131217 0.753384
vt 0.100877 0.708381
vt 0.118270 0.794484
vt 0.106530 0.751531
vt 0.452199 0.829576
vt 0.451065 0.833016
vt 0.447310 0.828582
vt 0.450783 0.826508
vt 0.421488 0.749754
vt 0.427090 0.749166
vt 0.423714 0.753820
vt 0.419432 0.750609
vt 0.459213 0.834308
vt 0.461250 0.840462
vt 0.459560 0.843201
vt 0.454057 0.835863
vt 0.469131 0.734729
vt 0.463264 0.741787
vt 0.457858 0.736055
vt 0.464076 0.729121
vt 0.412555 0.757702
vt 0.410955 0.754950
vt 0.415569 0.752879
vt 0.419149 0.756994
vt 0.445365 0.828760
vt 0.438648 0.837954
vt 0.434400 0.837803
vt 0.439325 0.826463
vt 0.419522 0.772974
vt 0.427732 0.771563
vt 0.431796 0.785035
vt 0.422654 0.784662
vt 0.448370 0.822767
vt 0.426086 0.742819
vt 0.434790 0.742108
vt 0.436305 0.751493
vt 0.436229 0.771530
vt 0.440167 0.782972
vt 0.482080 0.762358
vt 0.484172 0.763756
vt 0.483746 0.767330
vt 0.480683 0.766787
vt 0.431833 0.757756
vt 0.450127 0.769975
vt 0.451178 0.780075
vt 0.474330 0.787681
vt 0.475733 0.792516
vt 0.466579 0.798756
vt 0.464045 0.785955
vt 0.481505 0.807016
vt 0.480357 0.806464
vt 0.483356 0.804125
vt 0.467456 0.773185
vt 0.468166 0.772903
vt 0.469848 0.777961
vt 0.469308 0.778579
vt 0.454978 0.800011
vt 0.453460 0.807145
vt 0.444294 0.805997
vt 0.479001 0.813638
vt 0.479248 0.810919
vt 0.480119 0.811037
vt 0.452842 0.789267
vt 0.442241 0.789726
vt 0.459421 0.776798
vt 0.442633 0.838516
vt 0.479892 0.753224
vt 0.469727 0.754344
vt 0.467604 0.746250
vt 0.478543 0.745926
vt 0.479593 0.769031
vt 0.480869 0.771382
vt 0.476027 0.773666
vt 0.474883 0.770198
vt 0.491612 0.808330
vt 0.488573 0.810236
vt 0.421748 0.760724
vt 0.451286 0.815088
vt 0.444399 0.819468
vt 0.454175 0.816703
vt 0.456674 0.808434
vt 0.465171 0.810623
vt 0.460143 0.817266
vt 0.493142 0.784142
vt 0.493773 0.786518
vt 0.489534 0.787915
vt 0.488775 0.784947
vt 0.459819 0.746802
vt 0.453234 0.738165
vt 0.484944 0.834702
vt 0.482538 0.836933
vt 0.481432 0.835451
vt 0.483772 0.833644
vt 0.487491 0.813365
vt 0.487891 0.816664
vt 0.460323 0.760139
vt 0.485059 0.745867
vt 0.486210 0.752491
vt 0.496277 0.813153
vt 0.494660 0.817127
vt 0.494188 0.815872
vt 0.495165 0.813591
vt 0.432080 0.790231
vt 0.489610 0.810622
vt 0.458136 0.799248
vt 0.473157 0.827559
vt 0.475630 0.824387
vt 0.477800 0.826846
vt 0.475239 0.829551
vt 0.488441 0.813786
vt 0.491026 0.814805
vt 0.492065 0.817343
vt 0.444878 0.751630
vt 0.448397 0.759513
vt 0.469310 0.724409
vt 0.474046 0.730274
vt 0.471930 0.811857
vt 0.469247 0.823571
vt 0.470943 0.820006
vt 0.494442 0.810750
vt 0.492064 0.812163
vt 0.452473 0.823362
vt 0.418382 0.730649
vt 0.416070 0.727301
vt 0.418204 0.725981
vt 0.423452 0.729182
vt 0.456535 0.844211
vt 0.451525 0.842579
vt 0.473075 0.831300
vt 0.467690 0.825653
vt 0.482317 0.768674
vt 0.473352 0.722162
vt 0.476994 0.726429
vt 0.456300 0.788310
vt 0.453149 0.779352
vt 0.467901 0.823277
vt 0.469961 0.818532
vt 0.474132 0.770573
vt 0.475453 0.773982
vt 0.488438 0.790488
vt 0.486138 0.788776
vt 0.486851 0.788478
vt 0.466848 0.784161
vt 0.474185 0.785978
vt 0.475388 0.787580
vt 0.422473 0.744559
vt 0.478219 0.832292
vt 0.477927 0.835415
vt 0.422598 0.742253
vt 0.423093 0.738275
vt 0.440278 0.740929
vt 0.459587 0.820480
vt 0.458119 0.769125
vt 0.475148 0.766714
vt 0.473989 0.797467
vt 0.426503 0.734475
vt 0.421242 0.735567
vt 0.470930 0.778669
vt 0.425938 0.817008
vt 0.424434 0.802756
vt 0.430844 0.805292
vt 0.430761 0.818020
vt 0.432395 0.837858
vt 0.434222 0.825651
vt 0.429413 0.738200
vt 0.466259 0.768266
vt 0.478189 0.775022
vt 0.418593 0.735857
vt 0.470769 0.814880
vt 0.485934 0.785158
vt 0.414512 0.761169
vt 0.494931 0.786685
vt 0.492533 0.789320
vt 0.467389 0.762210
vt 0.482908 0.770112
vt 0.490656 0.782341
vt 0.494116 0.783387
vt 0.485410 0.770090
vt 0.483338 0.772650
vt 0.484971 0.785409
vt 0.486537 0.782800
vt 0.476558 0.792089
vt 0.488649 0.747084
vt 0.489332 0.750543
vt 0.479721 0.825076
vt 0.483461 0.829808
vt 0.480493 0.829989
vt 0.477087 0.794807
vt 0.459030 0.713027
vt 0.463998 0.715666
vt 0.461616 0.721203
vt 0.455739 0.716790
vt 0.414236 0.727682
vt 0.416427 0.724586
vt 0.423506 0.788556
vt 0.429384 0.834655
vt 0.425640 0.833398
vt 0.447979 0.839899
vt 0.458438 0.726595
vt 0.451684 0.721991
vt 0.454024 0.733223
vt 0.446396 0.729072
vt 0.476008 0.761495
vt 0.443595 0.732399
vt 0.437836 0.737892
vt 0.414449 0.789773
vt 0.410762 0.774163
vt 0.409110 0.760573
vt 0.426986 0.838476
vt 0.425797 0.843287
vt 0.418745 0.842023
vt 0.419959 0.836141
vt 0.417967 0.823153
vt 0.418144 0.810085
vt 0.414997 0.801562
vt 0.416828 0.732709
vt 0.408117 0.812502
vt 0.408200 0.801713
vt 0.408080 0.842459
vt 0.408185 0.832958
vt 0.408165 0.823040
vt 0.408228 0.774683
vt 0.408090 0.760486
vt 0.408206 0.786762
vt 0.355210 0.777726
vt 0.354016 0.784004
vt 0.341148 0.782925
vt 0.342589 0.776132
vt 0.353375 0.788916
vt 0.339956 0.788548
vt 0.352811 0.801093
vt 0.338064 0.801561
vt 0.358122 0.765198
vt 0.356595 0.771374
vt 0.344361 0.769255
vt 0.345995 0.763183
vt 0.353465 0.815284
vt 0.336870 0.816280
vt 0.352313 0.843434
vt 0.340575 0.843917
vt 0.339435 0.833624
vt 0.351853 0.830664
vt 0.337056 0.825034
vt 0.353574 0.823887
vt 0.311152 0.785929
vt 0.324261 0.787403
vt 0.322166 0.800452
vt 0.309905 0.799668
vt 0.311354 0.778978
vt 0.325675 0.781220
vt 0.333378 0.757291
vt 0.330763 0.761946
vt 0.316274 0.760271
vt 0.320481 0.756851
vt 0.358812 0.800095
vt 0.358737 0.814686
vt 0.359133 0.787621
vt 0.363124 0.779618
vt 0.366435 0.776520
vt 0.365231 0.784657
vt 0.362742 0.782508
vt 0.360346 0.778419
vt 0.359695 0.783798
vt 0.361396 0.773160
vt 0.363268 0.766997
vt 0.357729 0.843450
vt 0.358611 0.829741
vt 0.365160 0.798990
vt 0.364872 0.813969
vt 0.368315 0.768414
vt 0.363104 0.843300
vt 0.364275 0.829379
vt 0.382627 0.776134
vt 0.382013 0.783190
vt 0.380699 0.799318
vt 0.379912 0.813319
vt 0.383738 0.768857
vt 0.347120 0.757867
vt 0.359508 0.758981
vt 0.365184 0.759328
vt 0.370382 0.760408
vt 0.385423 0.760816
vt 0.379889 0.829852
vt 0.379750 0.844362
vt 0.320935 0.816445
vt 0.309375 0.816121
vt 0.397681 0.777229
vt 0.397391 0.784806
vt 0.396704 0.801837
vt 0.396264 0.814602
vt 0.396374 0.830112
vt 0.398236 0.843011
vt 0.398881 0.760221
vt 0.398102 0.769533
vt 0.402831 0.781521
vt 0.403571 0.789617
vt 0.404172 0.802472
vt 0.404056 0.813585
vt 0.404133 0.830534
vt 0.403288 0.843056
vt 0.400855 0.760116
vt 0.402054 0.772907
vt 0.407158 0.784426
vt 0.406912 0.788440
vt 0.406979 0.802261
vt 0.406954 0.813285
vt 0.407135 0.832436
vt 0.407029 0.842634
vt 0.407218 0.760483
vt 0.407163 0.774454
vt 0.358563 0.824211
vt 0.364718 0.824012
vt 0.379778 0.824111
vt 0.404185 0.823666
vt 0.396149 0.824713
vt 0.407043 0.823252
vt 0.309297 0.825991
vt 0.321129 0.825927
vt 0.328757 0.767856
vt 0.313351 0.765597
vt 0.321586 0.835454
vt 0.320641 0.843555
vt 0.327319 0.774675
vt 0.305497 0.824487
vt 0.309503 0.835245
vt 0.304882 0.834385
vt 0.305710 0.815275
vt 0.305484 0.799985
vt 0.306790 0.785995
vt 0.306951 0.777787
vt 0.311736 0.772156
vt 0.311220 0.843910
vt 0.307062 0.770595
vt 0.307016 0.763600
vt 0.306757 0.758662
vt 0.305820 0.843841
vt 0.306774 0.754122
vt 0.452356 0.870082
vt 0.449401 0.873855
vt 0.447908 0.870641
vt 0.451547 0.866131
vt 0.421831 0.951529
vt 0.420779 0.949715
vt 0.426892 0.945673
vt 0.428921 0.950956
vt 0.456867 0.867225
vt 0.454237 0.863981
vt 0.460461 0.859208
vt 0.460497 0.862711
vt 0.471771 0.968171
vt 0.466399 0.973264
vt 0.459796 0.965856
vt 0.465950 0.961993
vt 0.412567 0.942445
vt 0.420568 0.943051
vt 0.416656 0.947910
vt 0.410726 0.945383
vt 0.446489 0.870414
vt 0.440876 0.872868
vt 0.437755 0.861603
vt 0.443624 0.861171
vt 0.419766 0.927262
vt 0.423226 0.914994
vt 0.433627 0.914833
vt 0.428944 0.928602
vt 0.449927 0.876571
vt 0.437571 0.949193
vt 0.435679 0.958082
vt 0.427732 0.956960
vt 0.442688 0.917297
vt 0.437925 0.928807
vt 0.480776 0.938327
vt 0.480041 0.934373
vt 0.482706 0.934458
vt 0.483292 0.936782
vt 0.433713 0.942369
vt 0.453261 0.920250
vt 0.451636 0.930322
vt 0.476625 0.912462
vt 0.463122 0.915465
vt 0.469556 0.901348
vt 0.477637 0.907583
vt 0.479888 0.893649
vt 0.480338 0.896736
vt 0.479024 0.894158
vt 0.468253 0.927423
vt 0.470462 0.922057
vt 0.470911 0.922665
vt 0.468892 0.927688
vt 0.458099 0.899709
vt 0.448602 0.893337
vt 0.456547 0.892002
vt 0.475564 0.887467
vt 0.478227 0.889652
vt 0.477463 0.889737
vt 0.455503 0.910973
vt 0.445253 0.910441
vt 0.461021 0.923661
vt 0.446787 0.860698
vt 0.479124 0.946710
vt 0.477815 0.953701
vt 0.468000 0.953223
vt 0.469687 0.945407
vt 0.479867 0.932101
vt 0.475005 0.930475
vt 0.476516 0.926879
vt 0.481912 0.929448
vt 0.488720 0.892437
vt 0.486225 0.890553
vt 0.422973 0.939286
vt 0.446015 0.879536
vt 0.454072 0.881219
vt 0.456455 0.882127
vt 0.463791 0.882774
vt 0.466940 0.889389
vt 0.459359 0.890937
vt 0.492458 0.915195
vt 0.489233 0.914766
vt 0.489927 0.912233
vt 0.492790 0.913587
vt 0.453021 0.961564
vt 0.459628 0.952450
vt 0.484426 0.865614
vt 0.482114 0.866917
vt 0.480844 0.865665
vt 0.482143 0.863284
vt 0.485314 0.887401
vt 0.485886 0.883930
vt 0.461165 0.939867
vt 0.483925 0.954069
vt 0.484627 0.946846
vt 0.496081 0.887512
vt 0.493847 0.887252
vt 0.493156 0.885358
vt 0.494877 0.883646
vt 0.434202 0.909425
vt 0.487173 0.890195
vt 0.461150 0.900602
vt 0.473357 0.871458
vt 0.475224 0.869624
vt 0.477540 0.872382
vt 0.475630 0.874714
vt 0.486225 0.887008
vt 0.491973 0.883188
vt 0.490464 0.885939
vt 0.449701 0.940768
vt 0.446153 0.949134
vt 0.470430 0.977185
vt 0.475391 0.972489
vt 0.470529 0.887046
vt 0.469321 0.876330
vt 0.471245 0.880375
vt 0.491318 0.888496
vt 0.494024 0.889853
vt 0.454079 0.877998
vt 0.420463 0.967940
vt 0.423521 0.970764
vt 0.418637 0.974777
vt 0.417502 0.972035
vt 0.454231 0.855777
vt 0.458088 0.855736
vt 0.466366 0.874073
vt 0.473006 0.867661
vt 0.483261 0.933143
vt 0.477089 0.976052
vt 0.473833 0.978474
vt 0.458842 0.912057
vt 0.455130 0.921001
vt 0.468576 0.876933
vt 0.470459 0.881783
vt 0.474316 0.930078
vt 0.475967 0.926564
vt 0.487054 0.908266
vt 0.486059 0.910653
vt 0.485494 0.910392
vt 0.476092 0.913716
vt 0.466843 0.915720
vt 0.477389 0.912421
vt 0.422542 0.956665
vt 0.477699 0.868004
vt 0.477490 0.864576
vt 0.422540 0.959127
vt 0.425496 0.960169
vt 0.440912 0.959023
vt 0.460233 0.878718
vt 0.459258 0.931126
vt 0.474501 0.933775
vt 0.473564 0.901789
vt 0.423119 0.963861
vt 0.426827 0.965677
vt 0.471783 0.921970
vt 0.426783 0.882156
vt 0.432189 0.881265
vt 0.434043 0.893543
vt 0.426533 0.895504
vt 0.435185 0.873982
vt 0.431625 0.862864
vt 0.430099 0.962323
vt 0.466608 0.931934
vt 0.478191 0.925173
vt 0.419006 0.963910
vt 0.469933 0.886106
vt 0.485135 0.913908
vt 0.414864 0.938547
vt 0.492525 0.910879
vt 0.494585 0.913363
vt 0.466572 0.937274
vt 0.484850 0.930973
vt 0.490595 0.917064
vt 0.493723 0.916270
vt 0.484327 0.927907
vt 0.484904 0.928853
vt 0.485036 0.915908
vt 0.484397 0.913725
vt 0.478307 0.907969
vt 0.488523 0.948825
vt 0.488073 0.952710
vt 0.479140 0.874120
vt 0.482720 0.870396
vt 0.479636 0.870247
vt 0.479447 0.905836
vt 0.460204 0.987216
vt 0.456340 0.985108
vt 0.461985 0.980789
vt 0.463033 0.985413
vt 0.414753 0.972919
vt 0.416808 0.976080
vt 0.483292 0.936782
vt 0.484160 0.935552
vt 0.424343 0.910861
vt 0.429112 0.865534
vt 0.425220 0.867002
vt 0.450116 0.858055
vt 0.453437 0.980672
vt 0.459812 0.976010
vt 0.455821 0.969880
vt 0.448554 0.973979
vt 0.473947 0.938474
vt 0.444135 0.967450
vt 0.436013 0.962533
vt 0.412257 0.909749
vt 0.409589 0.922213
vt 0.408119 0.939758
vt 0.425290 0.861349
vt 0.415937 0.864602
vt 0.417405 0.857671
vt 0.424767 0.856341
vt 0.415803 0.873094
vt 0.417786 0.888180
vt 0.413292 0.898091
vt 0.416584 0.968102
vt 0.404676 0.897872
vt 0.404552 0.886361
vt 0.404737 0.867344
vt 0.404743 0.857658
vt 0.404677 0.875965
vt 0.404692 0.940006
vt 0.404678 0.923922
vt 0.404709 0.910167
vt 0.341303 0.918015
vt 0.341408 0.924516
vt 0.332500 0.925727
vt 0.332279 0.918609
vt 0.341702 0.910062
vt 0.332371 0.910434
vt 0.332751 0.899806
vt 0.342378 0.899853
vt 0.342255 0.930384
vt 0.343639 0.936566
vt 0.333442 0.937825
vt 0.332850 0.931907
vt 0.333474 0.888671
vt 0.343244 0.888788
vt 0.340284 0.857063
vt 0.349375 0.857343
vt 0.346225 0.867571
vt 0.336654 0.867314
vt 0.344157 0.877934
vt 0.334907 0.877658
vt 0.322593 0.900980
vt 0.322463 0.910591
vt 0.313534 0.912769
vt 0.314008 0.898582
vt 0.313872 0.920714
vt 0.322479 0.920143
vt 0.322813 0.939068
vt 0.321389 0.943881
vt 0.312201 0.945686
vt 0.314006 0.940800
vt 0.350809 0.900474
vt 0.351651 0.889062
vt 0.349653 0.910762
vt 0.352749 0.922419
vt 0.352671 0.918402
vt 0.357646 0.913962
vt 0.357254 0.924554
vt 0.348175 0.918023
vt 0.348285 0.923412
vt 0.349912 0.928486
vt 0.350989 0.935385
vt 0.353912 0.857493
vt 0.353115 0.867865
vt 0.359385 0.901152
vt 0.360385 0.889446
vt 0.358504 0.933693
vt 0.358340 0.857602
vt 0.360662 0.867921
vt 0.368919 0.912837
vt 0.368572 0.923470
vt 0.369938 0.900867
vt 0.370478 0.888824
vt 0.368531 0.932621
vt 0.347255 0.942764
vt 0.334305 0.943725
vt 0.351737 0.942474
vt 0.357156 0.941890
vt 0.368888 0.940843
vt 0.370376 0.867429
vt 0.369013 0.856665
vt 0.313803 0.888880
vt 0.323234 0.888554
vt 0.380763 0.912008
vt 0.379900 0.922563
vt 0.381486 0.899678
vt 0.381920 0.887818
vt 0.381880 0.867224
vt 0.382761 0.857011
vt 0.378731 0.931662
vt 0.377616 0.940059
vt 0.392964 0.911854
vt 0.391847 0.922038
vt 0.393481 0.898200
vt 0.393702 0.886011
vt 0.392388 0.867271
vt 0.388539 0.857225
vt 0.389429 0.930920
vt 0.381551 0.939943
vt 0.402961 0.910616
vt 0.402953 0.922212
vt 0.402927 0.897781
vt 0.402847 0.886196
vt 0.403033 0.868122
vt 0.403039 0.857711
vt 0.402994 0.929760
vt 0.402988 0.940045
vt 0.352666 0.878298
vt 0.360714 0.878302
vt 0.370762 0.877937
vt 0.381976 0.876998
vt 0.393478 0.875934
vt 0.403030 0.875863
vt 0.314190 0.877265
vt 0.324195 0.877620
vt 0.322937 0.933475
vt 0.314182 0.935414
vt 0.325807 0.867339
vt 0.327776 0.857589
vt 0.322701 0.926998
vt 0.305194 0.876260
vt 0.304520 0.868185
vt 0.314821 0.867408
vt 0.305811 0.886618
vt 0.305380 0.899718
vt 0.306147 0.914127
vt 0.306839 0.922433
vt 0.313967 0.929152
vt 0.315439 0.857040
vt 0.306951 0.938286
vt 0.306583 0.931729
vt 0.307476 0.942930
vt 0.305238 0.856158
vt 0.307055 0.946488
vt 0.229177 0.663191
vt 0.238038 0.664549
vt 0.231545 0.676790
vt 0.218718 0.674241
vt 0.250789 0.666741
vt 0.245070 0.680143
vt 0.260832 0.668437
vt 0.256944 0.683064
vt 0.149536 0.528894
vt 0.149552 0.524692
vt 0.153169 0.524543
vt 0.155489 0.527775
vt 0.223008 0.593055
vt 0.240693 0.592620
vt 0.241106 0.608649
vt 0.223560 0.609300
vt 0.257930 0.591883
vt 0.258393 0.607553
vt 0.259248 0.623491
vt 0.276196 0.620933
vt 0.277977 0.638523
vt 0.260635 0.640401
vt 0.241681 0.625229
vt 0.241920 0.642874
vt 0.224278 0.641078
vt 0.224333 0.626058
vt 0.224345 0.688232
vt 0.241048 0.693954
vt 0.214504 0.696706
vt 0.240376 0.709113
vt 0.276856 0.703789
vt 0.265820 0.701823
vt 0.267491 0.685347
vt 0.277431 0.686768
vt 0.254429 0.698334
vt 0.292325 0.615384
vt 0.291648 0.635201
vt 0.200840 0.696176
vt 0.210349 0.685467
vt 0.188327 0.693488
vt 0.197452 0.683226
vt 0.204899 0.592983
vt 0.205622 0.609968
vt 0.186238 0.592534
vt 0.186299 0.608648
vt 0.149537 0.591718
vt 0.167709 0.591843
vt 0.167363 0.608024
vt 0.149549 0.607080
vt 0.274635 0.590582
vt 0.275170 0.606381
vt 0.290706 0.588067
vt 0.291404 0.606539
vt 0.149531 0.575809
vt 0.167608 0.576037
vt 0.186052 0.576449
vt 0.204556 0.577119
vt 0.222794 0.577291
vt 0.240599 0.577282
vt 0.257906 0.576883
vt 0.274677 0.576122
vt 0.290845 0.574219
vt 0.149528 0.560255
vt 0.167088 0.559816
vt 0.185649 0.560879
vt 0.204331 0.561636
vt 0.222821 0.562223
vt 0.240841 0.562392
vt 0.258310 0.562500
vt 0.275252 0.562869
vt 0.291065 0.564752
vt 0.241340 0.547889
vt 0.259019 0.547934
vt 0.261185 0.519792
vt 0.265760 0.506967
vt 0.280940 0.506055
vt 0.275622 0.518606
vt 0.259197 0.533300
vt 0.274106 0.531808
vt 0.243794 0.520352
vt 0.247563 0.507948
vt 0.242042 0.533723
vt 0.334042 0.723912
vt 0.336210 0.723967
vt 0.336410 0.732256
vt 0.329457 0.736113
vt 0.336410 0.721227
vt 0.333532 0.719964
vt 0.223192 0.533508
vt 0.223983 0.519959
vt 0.227719 0.506581
vt 0.149519 0.545220
vt 0.165472 0.542884
vt 0.184839 0.545397
vt 0.203956 0.546871
vt 0.222976 0.547541
vt 0.180781 0.518113
vt 0.175230 0.505312
vt 0.194548 0.507070
vt 0.200732 0.519495
vt 0.163101 0.516325
vt 0.160814 0.505276
vt 0.159247 0.533872
vt 0.149530 0.535517
vt 0.183924 0.531514
vt 0.203106 0.532780
vt 0.166320 0.529583
vt 0.159850 0.523710
vt 0.276848 0.548215
vt 0.290953 0.559871
vt 0.292746 0.540568
vt 0.284722 0.538640
vt 0.284433 0.527178
vt 0.292706 0.521496
vt 0.286049 0.516804
vt 0.292870 0.515567
vt 0.154463 0.521233
vt 0.155058 0.515921
vt 0.155072 0.505082
vt 0.153243 0.510493
vt 0.149171 0.505189
vt 0.149514 0.510468
vt 0.149587 0.515764
vt 0.149558 0.520709
vt 0.291143 0.505881
vt 0.294004 0.506059
vt 0.330628 0.745710
vt 0.325446 0.747253
vt 0.334264 0.739656
vt 0.336410 0.738256
vt 0.336410 0.742492
vt 0.276596 0.721162
vt 0.264564 0.719839
vt 0.277429 0.736521
vt 0.268117 0.736008
vt 0.253929 0.714455
vt 0.258348 0.725714
vt 0.258709 0.736243
vt 0.172633 0.690411
vt 0.176894 0.681098
vt 0.187328 0.682433
vt 0.182875 0.692725
vt 0.166426 0.690583
vt 0.166901 0.680354
vt 0.203921 0.671551
vt 0.214830 0.661591
vt 0.283393 0.657620
vt 0.263348 0.656703
vt 0.287580 0.705371
vt 0.287562 0.724510
vt 0.287735 0.687662
vt 0.245108 0.654581
vt 0.292221 0.657223
vt 0.285980 0.736544
vt 0.269781 0.669697
vt 0.277671 0.670277
vt 0.156171 0.681026
vt 0.149671 0.691477
vt 0.149649 0.681248
vt 0.219580 0.657007
vt 0.217929 0.658953
vt 0.180745 0.671162
vt 0.168147 0.668845
vt 0.192070 0.672763
vt 0.203671 0.657404
vt 0.196367 0.665909
vt 0.185784 0.625026
vt 0.207773 0.628670
vt 0.198589 0.642282
vt 0.183239 0.638159
vt 0.174681 0.658939
vt 0.185919 0.662188
vt 0.158382 0.654914
vt 0.149608 0.654789
vt 0.149593 0.646426
vt 0.158710 0.646569
vt 0.191904 0.652645
vt 0.158469 0.670979
vt 0.149637 0.671545
vt 0.169006 0.636878
vt 0.166007 0.624179
vt 0.149575 0.638111
vt 0.158863 0.637932
vt 0.179454 0.649225
vt 0.168114 0.647013
vt 0.165260 0.655884
vt 0.159966 0.662679
vt 0.211540 0.649333
vt 0.149623 0.662893
vt 0.158112 0.630742
vt 0.149566 0.630112
vt 0.149552 0.621497
vt 0.286386 0.669495
vt 0.237819 0.653361
vt 0.235855 0.658139
vt 0.060438 0.664559
vt 0.071535 0.663594
vt 0.081138 0.674363
vt 0.067558 0.676821
vt 0.046593 0.666862
vt 0.053655 0.680167
vt 0.038116 0.668344
vt 0.042225 0.683074
vt 0.143608 0.527779
vt 0.145927 0.524547
vt 0.058373 0.592847
vt 0.076054 0.593258
vt 0.075340 0.609507
vt 0.057649 0.608886
vt 0.041228 0.592106
vt 0.040475 0.607807
vt 0.022867 0.621414
vt 0.038913 0.623819
vt 0.035900 0.640715
vt 0.020647 0.638889
vt 0.056414 0.625471
vt 0.054789 0.643098
vt 0.074345 0.626244
vt 0.074427 0.641198
vt 0.075026 0.688219
vt 0.058231 0.693879
vt 0.084629 0.696706
vt 0.059364 0.708932
vt 0.033735 0.701980
vt 0.022792 0.704494
vt 0.022261 0.687531
vt 0.032238 0.685582
vt 0.044884 0.698202
vt 0.007788 0.616392
vt 0.008009 0.636036
vt 0.089656 0.685436
vt 0.100273 0.695875
vt 0.102227 0.683329
vt 0.111386 0.693790
vt 0.094182 0.593158
vt 0.093383 0.610130
vt 0.112842 0.592657
vt 0.112779 0.608779
vt 0.131372 0.591913
vt 0.131721 0.608089
vt 0.024710 0.590756
vt 0.024132 0.606609
vt 0.008789 0.588107
vt 0.008484 0.606536
vt 0.131461 0.576097
vt 0.113031 0.576568
vt 0.094555 0.577278
vt 0.076357 0.577488
vt 0.058605 0.577500
vt 0.041382 0.577111
vt 0.024701 0.576324
vt 0.008508 0.574193
vt 0.131962 0.559868
vt 0.113426 0.560974
vt 0.094780 0.561774
vt 0.076363 0.562394
vt 0.058425 0.562598
vt 0.041060 0.562757
vt 0.024247 0.563291
vt 0.008669 0.565883
vt 0.057949 0.548042
vt 0.040381 0.548090
vt 0.034152 0.507258
vt 0.038358 0.519914
vt 0.023923 0.518624
vt 0.018902 0.505952
vt 0.040240 0.533410
vt 0.025395 0.531852
vt 0.051573 0.507944
vt 0.055489 0.520418
vt 0.057248 0.533826
vt 0.339446 0.723912
vt 0.343898 0.736179
vt 0.339292 0.719964
vt 0.075162 0.519993
vt 0.075970 0.533580
vt 0.071572 0.506748
vt 0.133600 0.542911
vt 0.114179 0.545465
vt 0.095132 0.546960
vt 0.076201 0.547670
vt 0.121929 0.505525
vt 0.117754 0.518125
vt 0.098138 0.519313
vt 0.104186 0.506287
vt 0.139189 0.505080
vt 0.136241 0.516275
vt 0.139822 0.533885
vt 0.115012 0.531536
vt 0.095890 0.532788
vt 0.132746 0.529595
vt 0.139288 0.523707
vt 0.022656 0.548309
vt 0.008582 0.559737
vt 0.014851 0.538607
vt 0.006948 0.540420
vt 0.007009 0.521293
vt 0.015088 0.527132
vt 0.013241 0.516806
vt 0.006760 0.515536
vt 0.144701 0.521229
vt 0.144144 0.515909
vt 0.144648 0.505029
vt 0.146092 0.510471
vt 0.007320 0.505951
vt 0.005652 0.506151
vt 0.339474 0.744448
vt 0.338560 0.739656
vt 0.347444 0.747054
vt 0.035006 0.719639
vt 0.023079 0.721066
vt 0.031629 0.735993
vt 0.022120 0.735776
vt 0.045343 0.713843
vt 0.040838 0.736210
vt 0.041255 0.725298
vt 0.122381 0.681140
vt 0.126501 0.690411
vt 0.116259 0.692725
vt 0.112059 0.682483
vt 0.132706 0.690583
vt 0.132341 0.680389
vt 0.084928 0.661425
vt 0.081888 0.658152
vt 0.029262 0.657052
vt 0.015814 0.657450
vt 0.012102 0.707381
vt 0.012389 0.724354
vt 0.011689 0.690009
vt 0.045238 0.654885
vt 0.007662 0.657053
vt 0.013006 0.736524
vt 0.030736 0.669717
vt 0.022316 0.670038
vt 0.095731 0.671561
vt 0.143119 0.681044
vt 0.079652 0.656491
vt 0.087591 0.649265
vt 0.095747 0.657359
vt 0.118589 0.671234
vt 0.131132 0.668896
vt 0.107385 0.672822
vt 0.103092 0.665966
vt 0.091169 0.628824
vt 0.113285 0.625131
vt 0.115921 0.638268
vt 0.100542 0.642334
vt 0.113426 0.662252
vt 0.124589 0.659034
vt 0.140841 0.654960
vt 0.140479 0.646613
vt 0.107380 0.652723
vt 0.140801 0.671014
vt 0.130149 0.636952
vt 0.133117 0.624250
vt 0.140296 0.637981
vt 0.119779 0.649307
vt 0.131092 0.647101
vt 0.133978 0.655950
vt 0.139283 0.662728
vt 0.141014 0.630782
vt 0.013422 0.670144
vt 0.061970 0.653450
vt 0.064209 0.658319
vt 0.409285 0.662778
vt 0.409676 0.673217
vt 0.397559 0.673128
vt 0.397424 0.662753
vt 0.421770 0.673179
vt 0.421479 0.662876
vt 0.434264 0.673205
vt 0.434180 0.662978
vt 0.447343 0.673261
vt 0.461046 0.673520
vt 0.460194 0.683246
vt 0.447057 0.683281
vt 0.446653 0.693125
vt 0.457975 0.692557
vt 0.447496 0.663301
vt 0.461501 0.663706
vt 0.434155 0.653082
vt 0.421285 0.652699
vt 0.421178 0.643005
vt 0.434301 0.643583
vt 0.408942 0.652523
vt 0.447670 0.653548
vt 0.461708 0.654243
vt 0.421313 0.633693
vt 0.434599 0.634778
vt 0.408677 0.642245
vt 0.408399 0.632526
vt 0.463607 0.622549
vt 0.449672 0.620320
vt 0.450527 0.612463
vt 0.463412 0.615851
vt 0.462949 0.629352
vt 0.448970 0.627905
vt 0.435109 0.626493
vt 0.448377 0.635768
vt 0.421539 0.625239
vt 0.408854 0.623922
vt 0.435694 0.618554
vt 0.436582 0.610611
vt 0.434402 0.693671
vt 0.422283 0.693965
vt 0.422092 0.683573
vt 0.434382 0.683423
vt 0.421759 0.616943
vt 0.421876 0.608574
vt 0.408064 0.615711
vt 0.410144 0.683612
vt 0.411647 0.694052
vt 0.408374 0.606892
vt 0.394091 0.614929
vt 0.388586 0.602700
vt 0.394715 0.693982
vt 0.397348 0.683570
vt 0.382780 0.600878
vt 0.383170 0.611765
vt 0.386598 0.683334
vt 0.388655 0.693940
vt 0.386048 0.672959
vt 0.373282 0.609864
vt 0.375338 0.599849
vt 0.383229 0.621156
vt 0.372308 0.620082
vt 0.397584 0.622824
vt 0.395918 0.629823
vt 0.392455 0.622285
vt 0.383972 0.630928
vt 0.372622 0.630406
vt 0.384777 0.641437
vt 0.372705 0.641158
vt 0.396443 0.641631
vt 0.397003 0.652203
vt 0.385472 0.662503
vt 0.385222 0.652147
vt 0.372911 0.651636
vt 0.373316 0.662109
vt 0.308297 0.657888
vt 0.320065 0.658366
vt 0.319432 0.668875
vt 0.306946 0.670182
vt 0.373246 0.672363
vt 0.374662 0.682905
vt 0.379586 0.693058
vt 0.335019 0.603369
vt 0.334121 0.614854
vt 0.320371 0.612767
vt 0.321724 0.600986
vt 0.321581 0.590464
vt 0.335766 0.591922
vt 0.306493 0.610368
vt 0.309853 0.597373
vt 0.319914 0.647576
vt 0.332904 0.648604
vt 0.332518 0.658973
vt 0.308015 0.646729
vt 0.474880 0.683684
vt 0.475552 0.673891
vt 0.476032 0.691820
vt 0.490279 0.674290
vt 0.487852 0.685748
vt 0.486849 0.692334
vt 0.238859 0.774781
vt 0.237464 0.769253
vt 0.241196 0.769248
vt 0.241398 0.774037
vt 0.229359 0.776172
vt 0.226994 0.769629
vt 0.225888 0.762931
vt 0.236847 0.764331
vt 0.241784 0.763582
vt 0.174988 0.740880
vt 0.163766 0.735862
vt 0.166666 0.732186
vt 0.174537 0.734292
vt 0.235941 0.759282
vt 0.241177 0.758225
vt 0.225177 0.757496
vt 0.155668 0.726155
vt 0.159755 0.724998
vt 0.163037 0.725156
vt 0.166721 0.728782
vt 0.174122 0.730202
vt 0.185270 0.735462
vt 0.184387 0.731132
vt 0.196339 0.744667
vt 0.185904 0.741158
vt 0.195181 0.738418
vt 0.187379 0.790044
vt 0.193226 0.789060
vt 0.190954 0.793761
vt 0.187203 0.794245
vt 0.197290 0.793511
vt 0.194602 0.795651
vt 0.199470 0.787537
vt 0.200963 0.792678
vt 0.203926 0.786974
vt 0.205297 0.791489
vt 0.478343 0.624762
vt 0.483268 0.619810
vt 0.490948 0.620261
vt 0.489583 0.626214
vt 0.207308 0.774266
vt 0.202755 0.778581
vt 0.199082 0.776534
vt 0.203054 0.771726
vt 0.476321 0.636999
vt 0.489967 0.635867
vt 0.489794 0.643569
vt 0.476035 0.645117
vt 0.489778 0.631068
vt 0.476884 0.630527
vt 0.198035 0.781798
vt 0.202197 0.782410
vt 0.193534 0.774957
vt 0.192090 0.781862
vt 0.197417 0.767774
vt 0.189279 0.765795
vt 0.186194 0.774292
vt 0.182012 0.774590
vt 0.184735 0.765678
vt 0.185323 0.782650
vt 0.188844 0.758235
vt 0.192800 0.758901
vt 0.181788 0.783360
vt 0.191728 0.754318
vt 0.198666 0.753882
vt 0.195202 0.733500
vt 0.193692 0.725615
vt 0.201498 0.725762
vt 0.201981 0.733319
vt 0.199853 0.717807
vt 0.192394 0.717790
vt 0.192109 0.713364
vt 0.198529 0.713035
vt 0.184197 0.725206
vt 0.173245 0.725417
vt 0.183572 0.718560
vt 0.182327 0.714311
vt 0.171905 0.720365
vt 0.162976 0.720057
vt 0.165119 0.723334
vt 0.179452 0.708546
vt 0.192919 0.708248
vt 0.203196 0.754964
vt 0.202403 0.760874
vt 0.210311 0.761765
vt 0.212519 0.767401
vt 0.215971 0.761608
vt 0.208490 0.755620
vt 0.214228 0.755929
vt 0.217680 0.767818
vt 0.213209 0.774507
vt 0.218753 0.775354
vt 0.490389 0.657213
vt 0.476038 0.655116
vt 0.476137 0.664186
vt 0.491616 0.664128
vt 0.157482 0.716058
vt 0.182728 0.790652
vt 0.306926 0.636065
vt 0.319764 0.636613
vt 0.319994 0.624879
vt 0.333210 0.626422
vt 0.332949 0.637727
vt 0.319463 0.678079
vt 0.332025 0.678077
vt 0.331766 0.686329
vt 0.318166 0.687203
vt 0.332662 0.669006
vt 0.313658 0.694642
vt 0.330308 0.694537
vt 0.226294 0.749318
vt 0.228484 0.748649
vt 0.226768 0.752674
vt 0.225580 0.750982
vt 0.222805 0.714565
vt 0.221543 0.714099
vt 0.221494 0.713198
vt 0.222832 0.712406
vt 0.228980 0.722053
vt 0.227221 0.721278
vt 0.227267 0.720173
vt 0.228678 0.718877
vt 0.231955 0.731661
vt 0.230796 0.730561
vt 0.230798 0.729581
vt 0.232073 0.728496
vt 0.209931 0.738330
vt 0.214771 0.737005
vt 0.217890 0.738962
vt 0.216742 0.741647
vt 0.207320 0.743137
vt 0.212430 0.745559
vt 0.205057 0.746948
vt 0.210772 0.748413
vt 0.170481 0.785089
vt 0.178423 0.784036
vt 0.179011 0.791283
vt 0.175250 0.791577
vt 0.180406 0.765570
vt 0.178036 0.774879
vt 0.168042 0.772617
vt 0.169198 0.766956
vt 0.186414 0.752731
vt 0.185078 0.757603
vt 0.176455 0.755072
vt 0.181900 0.751433
vt 0.211292 0.711913
vt 0.211468 0.713556
vt 0.204326 0.713136
vt 0.202673 0.710860
vt 0.212959 0.716784
vt 0.207506 0.717663
vt 0.231226 0.741823
vt 0.229971 0.740492
vt 0.230019 0.739561
vt 0.231735 0.738791
vt 0.346421 0.660070
vt 0.346258 0.649702
vt 0.346511 0.639071
vt 0.347004 0.628007
vt 0.347495 0.616823
vt 0.349179 0.605809
vt 0.345660 0.669860
vt 0.359639 0.661162
vt 0.359684 0.671620
vt 0.360059 0.650894
vt 0.360021 0.640239
vt 0.359991 0.629438
vt 0.360664 0.618582
vt 0.461955 0.644955
vt 0.447948 0.644327
vt 0.168426 0.710537
vt 0.170542 0.715546
vt 0.166059 0.726140
vt 0.306837 0.623650
vt 0.315172 0.589523
vt 0.307604 0.695471
vt 0.308300 0.689760
vt 0.307923 0.678136
vt 0.345786 0.679040
vt 0.346307 0.685516
vt 0.357746 0.682412
vt 0.363883 0.693422
vt 0.352145 0.595116
vt 0.361394 0.607975
vt 0.362918 0.597683
vt 0.349933 0.694151
vt 0.462398 0.636692
vt 0.218236 0.743631
vt 0.220971 0.741947
vt 0.222577 0.743169
vt 0.220970 0.745355
vt 0.169207 0.786983
vt 0.172391 0.791567
vt 0.167170 0.792835
vt 0.164869 0.789006
vt 0.212636 0.749166
vt 0.215384 0.746938
vt 0.218583 0.749191
vt 0.216954 0.751809
vt 0.225997 0.744977
vt 0.224093 0.747303
vt 0.161608 0.794495
vt 0.159903 0.789995
vt 0.222412 0.750995
vt 0.221812 0.753836
vt 0.220789 0.741508
vt 0.220873 0.738441
vt 0.221337 0.741175
vt 0.221523 0.731501
vt 0.223474 0.733494
vt 0.223509 0.733666
vt 0.220198 0.733352
vt 0.228526 0.742637
vt 0.228601 0.740758
vt 0.228792 0.739105
vt 0.230082 0.736760
vt 0.155795 0.779130
vt 0.156427 0.782577
vt 0.154772 0.781915
vt 0.153876 0.780001
vt 0.224146 0.733123
vt 0.223286 0.730507
vt 0.225945 0.730325
vt 0.226421 0.732882
vt 0.222990 0.727821
vt 0.225829 0.728393
vt 0.222946 0.725522
vt 0.226243 0.726401
vt 0.166543 0.767808
vt 0.165707 0.771163
vt 0.160820 0.770614
vt 0.161338 0.767823
vt 0.230240 0.732881
vt 0.229590 0.730618
vt 0.229895 0.728975
vt 0.230298 0.726846
vt 0.156785 0.767960
vt 0.156202 0.770824
vt 0.154689 0.770491
vt 0.154885 0.768214
vt 0.221122 0.725044
vt 0.217835 0.724378
vt 0.219637 0.722917
vt 0.221580 0.724867
vt 0.217021 0.717613
vt 0.217000 0.717835
vt 0.214798 0.719584
vt 0.226835 0.723973
vt 0.225381 0.721908
vt 0.225307 0.720093
vt 0.225972 0.717896
vt 0.161999 0.755909
vt 0.160149 0.759631
vt 0.157940 0.758407
vt 0.159051 0.756227
vt 0.214747 0.716067
vt 0.217382 0.717333
vt 0.213718 0.713574
vt 0.212869 0.711978
vt 0.174746 0.753466
vt 0.178193 0.750185
vt 0.220369 0.716250
vt 0.219858 0.714667
vt 0.219482 0.712677
vt 0.220010 0.710541
vt 0.169898 0.747839
vt 0.168576 0.750899
vt 0.165907 0.749856
vt 0.167220 0.747761
vt 0.220667 0.741599
vt 0.224271 0.734402
vt 0.221654 0.734778
vt 0.218279 0.718398
vt 0.218682 0.720557
vt 0.221475 0.725384
vt 0.220486 0.726750
vt 0.175015 0.758362
vt 0.170961 0.763322
vt 0.169051 0.761594
vt 0.171499 0.759072
vt 0.167234 0.781250
vt 0.166323 0.777303
vt 0.168958 0.775985
vt 0.170172 0.781372
vt 0.174036 0.782146
vt 0.174031 0.776309
vt 0.179339 0.759043
vt 0.177786 0.762990
vt 0.210278 0.732831
vt 0.214784 0.734526
vt 0.209190 0.725500
vt 0.212200 0.720887
vt 0.212456 0.723771
vt 0.202009 0.741337
vt 0.201264 0.746136
vt 0.202285 0.736560
vt 0.183677 0.748809
vt 0.187977 0.749773
vt 0.181371 0.748089
vt 0.165697 0.746840
vt 0.170775 0.745660
vt 0.164384 0.749548
vt 0.167073 0.752521
vt 0.174094 0.755375
vt 0.172464 0.754831
vt 0.173630 0.755992
vt 0.173002 0.755738
vt 0.158156 0.754680
vt 0.162220 0.753666
vt 0.156417 0.759063
vt 0.159203 0.761624
vt 0.168365 0.763896
vt 0.166505 0.763293
vt 0.168268 0.764601
vt 0.161848 0.764586
vt 0.166436 0.764738
vt 0.153126 0.767274
vt 0.155834 0.765227
vt 0.153176 0.771912
vt 0.155507 0.773479
vt 0.164100 0.773557
vt 0.160874 0.773317
vt 0.165550 0.774154
vt 0.165486 0.773894
vt 0.163581 0.774756
vt 0.151751 0.779565
vt 0.154341 0.776921
vt 0.153186 0.783703
vt 0.156089 0.785573
vt 0.167293 0.784678
vt 0.166035 0.784702
vt 0.167469 0.785152
vt 0.163331 0.786102
vt 0.166372 0.785368
vt 0.158979 0.786881
vt 0.156574 0.796200
vt 0.154331 0.790333
vt 0.156339 0.790955
vt 0.157587 0.794128
vt 0.169144 0.796640
vt 0.163175 0.797776
vt 0.174178 0.795337
vt 0.178732 0.795406
vt 0.176259 0.794999
vt 0.225508 0.737976
vt 0.225720 0.735447
vt 0.160849 0.775021
vt 0.161867 0.777959
vt 0.162768 0.781147
vt 0.163199 0.785123
vt 0.223378 0.741624
vt 0.223947 0.739402
vt 0.221954 0.720248
vt 0.221597 0.718274
vt 0.169144 0.754332
vt 0.166955 0.757618
vt 0.165344 0.760115
vt 0.164311 0.762838
vt 0.223161 0.724465
vt 0.222966 0.721990
vt 0.218268 0.716802
vt 0.217072 0.715246
vt 0.216348 0.713084
vt 0.216100 0.711069
vt 0.176577 0.746503
vt 0.174280 0.748740
vt 0.171632 0.752138
vt 0.169731 0.753779
vt 0.198087 0.709633
vt 0.182596 0.794613
vt 0.194259 0.751938
vt 0.190051 0.815466
vt 0.191805 0.826037
vt 0.183009 0.824585
vt 0.177981 0.814704
vt 0.204951 0.829188
vt 0.203075 0.816869
vt 0.216387 0.818568
vt 0.215047 0.831761
vt 0.233991 0.816329
vt 0.235305 0.833079
vt 0.238948 0.817804
vt 0.245733 0.844080
vt 0.189140 0.835232
vt 0.218585 0.838766
vt 0.244003 0.855981
vt 0.233799 0.848397
vt 0.200799 0.804336
vt 0.219497 0.804304
vt 0.187119 0.804321
vt 0.226799 0.804322
vt 0.237052 0.804320
vt 0.245164 0.832137
vt 0.244731 0.804317
vt 0.167922 0.814422
vt 0.163269 0.804415
vt 0.170628 0.804420
vt 0.157369 0.816121
vt 0.150166 0.804384
vt 0.173107 0.822791
vt 0.167825 0.829538
vt 0.143094 0.816230
vt 0.142588 0.804366
vt 0.147025 0.828902
vt 0.125520 0.828269
vt 0.125515 0.816193
vt 0.125511 0.804342
vt 0.083097 0.814431
vt 0.077912 0.822793
vt 0.068003 0.824579
vt 0.073036 0.814713
vt 0.059204 0.826025
vt 0.060962 0.815474
vt 0.047938 0.816875
vt 0.046056 0.829164
vt 0.035961 0.831727
vt 0.034626 0.818570
vt 0.015687 0.833019
vt 0.017006 0.816313
vt 0.012073 0.817746
vt 0.005295 0.843949
vt 0.061869 0.835201
vt 0.032322 0.838704
vt 0.017182 0.848341
vt 0.006988 0.855976
vt 0.031521 0.804352
vt 0.050219 0.804374
vt 0.063898 0.804350
vt 0.024219 0.804376
vt 0.013966 0.804377
vt 0.005859 0.831993
vt 0.006292 0.804381
vt 0.080390 0.804442
vt 0.087753 0.804433
vt 0.093654 0.816128
vt 0.100851 0.804397
vt 0.083196 0.829536
vt 0.107932 0.816235
vt 0.108429 0.804372
vt 0.104012 0.828907
vt 0.128221 0.890535
vt 0.131438 0.890699
vt 0.131626 0.891587
vt 0.128440 0.891581
vt 0.139095 0.890054
vt 0.141355 0.889925
vt 0.141355 0.890598
vt 0.138330 0.890998
vt 0.128252 0.889202
vt 0.125555 0.889035
vt 0.125550 0.887208
vt 0.128439 0.887202
vt 0.134157 0.888742
vt 0.130874 0.889073
vt 0.131359 0.887158
vt 0.134384 0.887084
vt 0.139816 0.889004
vt 0.136249 0.888929
vt 0.137140 0.887278
vt 0.140363 0.887619
vt 0.209353 0.926156
vt 0.212601 0.926821
vt 0.212618 0.929767
vt 0.209181 0.929172
vt 0.211149 0.913625
vt 0.210036 0.908490
vt 0.223539 0.904449
vt 0.226410 0.919374
vt 0.212098 0.919163
vt 0.219716 0.922994
vt 0.229307 0.935124
vt 0.220401 0.933121
vt 0.225767 0.945349
vt 0.218556 0.943667
vt 0.161969 0.934078
vt 0.161803 0.933066
vt 0.164615 0.932348
vt 0.164607 0.933501
vt 0.165797 0.930761
vt 0.166567 0.931733
vt 0.165253 0.931014
vt 0.159404 0.929174
vt 0.162574 0.929286
vt 0.162182 0.929852
vt 0.159258 0.930028
vt 0.164564 0.930258
vt 0.162158 0.930035
vt 0.164632 0.930140
vt 0.159628 0.930871
vt 0.166396 0.930804
vt 0.128413 0.894351
vt 0.125509 0.894278
vt 0.125507 0.892747
vt 0.128387 0.892710
vt 0.135651 0.894361
vt 0.131649 0.894406
vt 0.131823 0.892748
vt 0.135164 0.892565
vt 0.134874 0.891481
vt 0.135847 0.896136
vt 0.139840 0.895961
vt 0.141388 0.897311
vt 0.136575 0.898383
vt 0.137419 0.900082
vt 0.132700 0.900134
vt 0.132131 0.898432
vt 0.128270 0.896372
vt 0.131852 0.896501
vt 0.128477 0.898348
vt 0.143036 0.899132
vt 0.144459 0.900641
vt 0.138245 0.901857
vt 0.138504 0.904957
vt 0.145918 0.902404
vt 0.148132 0.896558
vt 0.150218 0.897509
vt 0.148413 0.931999
vt 0.149215 0.932413
vt 0.148198 0.932896
vt 0.147631 0.932288
vt 0.146391 0.932518
vt 0.146957 0.933473
vt 0.151418 0.932742
vt 0.153236 0.933002
vt 0.153191 0.933841
vt 0.150992 0.933648
vt 0.155837 0.934773
vt 0.152892 0.934777
vt 0.155857 0.933811
vt 0.155890 0.932922
vt 0.149304 0.933340
vt 0.150034 0.932485
vt 0.233874 0.869148
vt 0.244586 0.877590
vt 0.145219 0.931316
vt 0.146711 0.931531
vt 0.144787 0.932775
vt 0.145412 0.933987
vt 0.150305 0.934591
vt 0.149461 0.935549
vt 0.152503 0.935835
vt 0.125516 0.896403
vt 0.125525 0.898276
vt 0.147807 0.931542
vt 0.148603 0.930907
vt 0.147890 0.930554
vt 0.148801 0.930946
vt 0.148617 0.931507
vt 0.128652 0.879892
vt 0.125549 0.879982
vt 0.125556 0.875582
vt 0.128751 0.875629
vt 0.128599 0.883098
vt 0.125546 0.883197
vt 0.135135 0.883278
vt 0.131821 0.883039
vt 0.131980 0.879987
vt 0.135840 0.880448
vt 0.132406 0.875744
vt 0.136375 0.876345
vt 0.137289 0.876886
vt 0.133064 0.876963
vt 0.129179 0.876800
vt 0.128550 0.885211
vt 0.125546 0.885229
vt 0.134767 0.885321
vt 0.131637 0.885150
vt 0.155753 0.931419
vt 0.155884 0.930256
vt 0.152680 0.929482
vt 0.155954 0.929279
vt 0.152637 0.930403
vt 0.152003 0.931356
vt 0.125547 0.928632
vt 0.129530 0.928616
vt 0.129512 0.931147
vt 0.125547 0.931180
vt 0.125548 0.933194
vt 0.128973 0.933227
vt 0.142611 0.932907
vt 0.139589 0.933248
vt 0.139656 0.930237
vt 0.143104 0.931022
vt 0.133730 0.928288
vt 0.138178 0.927477
vt 0.134057 0.931507
vt 0.143607 0.928186
vt 0.142351 0.926143
vt 0.141299 0.923778
vt 0.137294 0.924716
vt 0.133278 0.925436
vt 0.145397 0.929314
vt 0.158624 0.933662
vt 0.158915 0.934530
vt 0.155869 0.935787
vt 0.159243 0.935536
vt 0.157944 0.933133
vt 0.143395 0.934660
vt 0.140640 0.935416
vt 0.135743 0.933978
vt 0.137091 0.936529
vt 0.139437 0.937794
vt 0.137295 0.938426
vt 0.125559 0.938948
vt 0.125556 0.936913
vt 0.129378 0.936871
vt 0.129882 0.938830
vt 0.134046 0.938581
vt 0.133151 0.936652
vt 0.129068 0.934978
vt 0.125553 0.935079
vt 0.145462 0.895425
vt 0.143832 0.893429
vt 0.142310 0.892626
vt 0.138932 0.893274
vt 0.128932 0.899872
vt 0.125541 0.899819
vt 0.129232 0.902995
vt 0.125554 0.901610
vt 0.125556 0.900932
vt 0.129258 0.901384
vt 0.161970 0.932135
vt 0.133244 0.945076
vt 0.125565 0.945264
vt 0.125563 0.941561
vt 0.131321 0.941372
vt 0.141450 0.938988
vt 0.143417 0.940708
vt 0.137642 0.940691
vt 0.139066 0.881577
vt 0.140428 0.878166
vt 0.141816 0.873994
vt 0.138363 0.883653
vt 0.140918 0.884892
vt 0.141898 0.882754
vt 0.143308 0.880498
vt 0.159770 0.928236
vt 0.156061 0.928252
vt 0.133988 0.874278
vt 0.129922 0.873738
vt 0.125565 0.876739
vt 0.147499 0.926832
vt 0.146505 0.924994
vt 0.145620 0.922701
vt 0.151609 0.925997
vt 0.151070 0.924130
vt 0.140695 0.886034
vt 0.137696 0.885692
vt 0.148412 0.891429
vt 0.150824 0.891968
vt 0.146395 0.891122
vt 0.151718 0.898611
vt 0.153085 0.892511
vt 0.155237 0.893604
vt 0.154948 0.886075
vt 0.153291 0.886212
vt 0.150854 0.886869
vt 0.156973 0.938311
vt 0.155962 0.936967
vt 0.159759 0.936581
vt 0.161381 0.937789
vt 0.162393 0.935037
vt 0.163160 0.935954
vt 0.164260 0.936917
vt 0.165904 0.935114
vt 0.167298 0.935750
vt 0.169339 0.934410
vt 0.167688 0.934103
vt 0.166587 0.933915
vt 0.164972 0.934433
vt 0.146664 0.953511
vt 0.143001 0.952978
vt 0.143398 0.948206
vt 0.146585 0.948691
vt 0.143321 0.944703
vt 0.146337 0.944885
vt 0.137912 0.944659
vt 0.140343 0.948964
vt 0.135470 0.949436
vt 0.136895 0.953246
vt 0.125553 0.953943
vt 0.125563 0.950072
vt 0.146107 0.888011
vt 0.143952 0.886005
vt 0.144444 0.885109
vt 0.146890 0.887754
vt 0.146402 0.883639
vt 0.148204 0.887374
vt 0.148751 0.881711
vt 0.145821 0.877333
vt 0.145512 0.890174
vt 0.125531 0.840145
vt 0.151214 0.841875
vt 0.173136 0.845659
vt 0.144701 0.889897
vt 0.141735 0.891109
vt 0.138522 0.892118
vt 0.145409 0.888599
vt 0.168162 0.941315
vt 0.162997 0.943157
vt 0.157740 0.947425
vt 0.157276 0.942840
vt 0.163253 0.946100
vt 0.168387 0.943220
vt 0.174444 0.937177
vt 0.175466 0.937394
vt 0.175491 0.935169
vt 0.174479 0.934729
vt 0.141217 0.869902
vt 0.145605 0.872913
vt 0.144177 0.875641
vt 0.139668 0.872800
vt 0.147851 0.874503
vt 0.143214 0.937379
vt 0.145301 0.935928
vt 0.147536 0.938191
vt 0.148380 0.936730
vt 0.152082 0.937001
vt 0.152284 0.938507
vt 0.130773 0.870355
vt 0.135691 0.871152
vt 0.136578 0.868176
vt 0.131163 0.867383
vt 0.125574 0.873556
vt 0.125582 0.870360
vt 0.165291 0.929731
vt 0.166384 0.929106
vt 0.163321 0.928491
vt 0.151864 0.941054
vt 0.146708 0.939792
vt 0.152070 0.946424
vt 0.157321 0.954260
vt 0.151975 0.953779
vt 0.152032 0.949832
vt 0.157313 0.950879
vt 0.160267 0.927083
vt 0.156107 0.927080
vt 0.156109 0.925591
vt 0.160731 0.925577
vt 0.155906 0.923585
vt 0.161071 0.923566
vt 0.150262 0.921682
vt 0.155556 0.920983
vt 0.192426 0.853650
vt 0.219947 0.860801
vt 0.178640 0.938959
vt 0.169120 0.946477
vt 0.172680 0.922866
vt 0.177214 0.925423
vt 0.174883 0.927294
vt 0.170958 0.925378
vt 0.169382 0.927060
vt 0.172565 0.928601
vt 0.174578 0.930566
vt 0.177255 0.929800
vt 0.174995 0.932806
vt 0.177951 0.932639
vt 0.179716 0.936253
vt 0.180356 0.928599
vt 0.181166 0.932238
vt 0.161198 0.920714
vt 0.167030 0.921372
vt 0.166247 0.924088
vt 0.165258 0.926069
vt 0.149197 0.877663
vt 0.153254 0.878996
vt 0.151387 0.880020
vt 0.125586 0.867025
vt 0.171949 0.950046
vt 0.181436 0.942579
vt 0.183629 0.936008
vt 0.143558 0.887021
vt 0.129374 0.925704
vt 0.125554 0.925869
vt 0.244713 0.898793
vt 0.234272 0.891932
vt 0.245963 0.921753
vt 0.233583 0.915884
vt 0.203405 0.988136
vt 0.203785 0.995247
vt 0.187881 0.997463
vt 0.190659 0.989481
vt 0.234223 0.963920
vt 0.237901 0.966504
vt 0.234401 0.972080
vt 0.230748 0.971174
vt 0.225040 0.976646
vt 0.227454 0.980812
vt 0.244666 0.949563
vt 0.237154 0.940161
vt 0.236451 0.949424
vt 0.240885 0.961784
vt 0.129200 0.922615
vt 0.125561 0.922610
vt 0.170168 0.997249
vt 0.173650 0.990239
vt 0.158865 0.984589
vt 0.149532 0.992579
vt 0.134350 0.860659
vt 0.131955 0.861848
vt 0.125589 0.861343
vt 0.125586 0.859553
vt 0.128902 0.905155
vt 0.125554 0.903351
vt 0.153142 0.857836
vt 0.125547 0.848927
vt 0.129077 0.919057
vt 0.125564 0.919119
vt 0.125565 0.915161
vt 0.129057 0.915457
vt 0.125563 0.910893
vt 0.129196 0.911497
vt 0.129446 0.907695
vt 0.125554 0.904941
vt 0.133059 0.958557
vt 0.124585 0.959381
vt 0.131372 0.864335
vt 0.125588 0.864186
vt 0.138621 0.971557
vt 0.125464 0.974768
vt 0.144107 0.860348
vt 0.125565 0.858047
vt 0.143060 0.888106
vt 0.144725 0.888810
vt 0.143904 0.889894
vt 0.138879 0.860826
vt 0.125578 0.857791
vt 0.202922 0.887944
vt 0.196654 0.882545
vt 0.181913 0.865568
vt 0.197119 0.871181
vt 0.182983 0.874700
vt 0.206501 0.902056
vt 0.207970 0.902415
vt 0.221748 0.884166
vt 0.209962 0.895743
vt 0.212426 0.935539
vt 0.208864 0.904769
vt 0.188842 0.895667
vt 0.202713 0.909795
vt 0.191192 0.907058
vt 0.194479 0.914989
vt 0.203003 0.916346
vt 0.210770 0.918691
vt 0.209577 0.915457
vt 0.178723 0.881702
vt 0.208729 0.908561
vt 0.154390 0.901278
vt 0.157625 0.893963
vt 0.176279 0.914559
vt 0.168017 0.912432
vt 0.168004 0.905495
vt 0.180803 0.907878
vt 0.177591 0.897917
vt 0.170103 0.897138
vt 0.154970 0.869707
vt 0.165484 0.864570
vt 0.168741 0.875948
vt 0.159748 0.875803
vt 0.162638 0.886820
vt 0.168230 0.887178
vt 0.157918 0.886996
vt 0.155200 0.877784
vt 0.151495 0.874897
vt 0.136548 0.862912
vt 0.136733 0.865167
vt 0.140203 0.863586
vt 0.141949 0.866871
vt 0.216642 0.989532
vt 0.217229 0.981624
vt 0.212308 0.974399
vt 0.205937 0.976883
vt 0.193283 0.980757
vt 0.223406 0.955704
vt 0.220567 0.964482
vt 0.218000 0.969908
vt 0.184162 0.945634
vt 0.188130 0.946803
vt 0.183912 0.956099
vt 0.177139 0.953185
vt 0.182296 0.962677
vt 0.174909 0.962572
vt 0.186904 0.956460
vt 0.163217 0.950437
vt 0.166409 0.953975
vt 0.169408 0.957538
vt 0.166928 0.965279
vt 0.158228 0.960585
vt 0.153500 0.960828
vt 0.157690 0.967166
vt 0.170499 0.972631
vt 0.175667 0.967659
vt 0.211188 0.940670
vt 0.217098 0.953035
vt 0.209641 0.949512
vt 0.215205 0.961532
vt 0.208026 0.959577
vt 0.199173 0.959090
vt 0.201789 0.948236
vt 0.203525 0.938198
vt 0.195147 0.948211
vt 0.191938 0.958279
vt 0.188796 0.964970
vt 0.196895 0.966167
vt 0.206218 0.965681
vt 0.213249 0.967265
vt 0.132599 0.919100
vt 0.132875 0.922320
vt 0.136590 0.921901
vt 0.136149 0.918773
vt 0.140428 0.921108
vt 0.144480 0.919983
vt 0.139498 0.918393
vt 0.143205 0.916984
vt 0.136098 0.915718
vt 0.138822 0.916080
vt 0.145117 0.865371
vt 0.146152 0.870266
vt 0.197186 0.938836
vt 0.193880 0.939711
vt 0.191378 0.947709
vt 0.148290 0.904855
vt 0.142109 0.908107
vt 0.134808 0.908273
vt 0.137459 0.911569
vt 0.141074 0.914197
vt 0.145602 0.911476
vt 0.159929 0.904543
vt 0.160244 0.911808
vt 0.153530 0.913275
vt 0.151150 0.908532
vt 0.180894 0.976886
vt 0.185236 0.970439
vt 0.195176 0.972276
vt 0.205759 0.970844
vt 0.198518 0.929611
vt 0.205288 0.927207
vt 0.209442 0.933612
vt 0.211076 0.970985
vt 0.183150 0.926997
vt 0.180027 0.922683
vt 0.167759 0.917417
vt 0.174229 0.919421
vt 0.182357 0.919529
vt 0.161010 0.916945
vt 0.133185 0.901896
vt 0.133076 0.903998
vt 0.186142 0.936384
vt 0.185795 0.931620
vt 0.190317 0.930915
vt 0.191546 0.936857
vt 0.194240 0.930335
vt 0.132600 0.915527
vt 0.132758 0.912318
vt 0.161393 0.896399
vt 0.175775 0.888883
vt 0.204029 0.921967
vt 0.197497 0.922407
vt 0.190002 0.923383
vt 0.132317 0.909519
vt 0.131572 0.906332
vt 0.186717 0.916233
vt 0.149334 0.918702
vt 0.154762 0.917495
vt 0.211240 0.924731
vt 0.211528 0.921962
vt 0.148281 0.934126
vt 0.147002 0.934988
vt 0.150188 0.930555
vt 0.149844 0.931149
vt 0.149914 0.929914
vt 0.152453 0.928549
vt 0.149316 0.929113
vt 0.146824 0.930088
vt 0.148462 0.928162
vt 0.152123 0.927422
vt 0.134084 0.890772
vt 0.144010 0.890045
vt 0.143911 0.889028
vt 0.143487 0.888759
vt 0.125508 0.891532
vt 0.125547 0.890530
vt 0.132418 0.934777
vt 0.131787 0.933187
vt 0.143699 0.939236
vt 0.173707 0.932885
vt 0.172105 0.931049
vt 0.170514 0.929474
vt 0.168683 0.930088
vt 0.169972 0.931397
vt 0.166646 0.933038
vt 0.170214 0.932878
vt 0.167224 0.930530
vt 0.164268 0.927456
vt 0.167780 0.928255
vt 0.147749 0.915159
vt 0.186248 0.925004
vt 0.168171 0.931626
vt 0.168314 0.932931
vt 0.122516 0.891568
vt 0.119442 0.891554
vt 0.119543 0.890342
vt 0.122484 0.890488
vt 0.113308 0.891326
vt 0.109760 0.890785
vt 0.110295 0.890468
vt 0.113890 0.890467
vt 0.122652 0.887250
vt 0.122863 0.889223
vt 0.116489 0.887218
vt 0.119711 0.887243
vt 0.120268 0.889130
vt 0.116796 0.888924
vt 0.110082 0.887632
vt 0.113287 0.887372
vt 0.113073 0.888901
vt 0.110049 0.888693
vt 0.041871 0.929365
vt 0.038953 0.929739
vt 0.039469 0.926549
vt 0.041414 0.926466
vt 0.024603 0.919434
vt 0.027206 0.904076
vt 0.040429 0.908377
vt 0.039336 0.914639
vt 0.031702 0.923005
vt 0.038819 0.919963
vt 0.022356 0.934822
vt 0.032479 0.944972
vt 0.025352 0.945943
vt 0.031527 0.932601
vt 0.086045 0.933423
vt 0.085777 0.932294
vt 0.089214 0.933006
vt 0.089060 0.933955
vt 0.085437 0.931138
vt 0.082516 0.931531
vt 0.082509 0.930315
vt 0.088522 0.929568
vt 0.085445 0.929498
vt 0.085548 0.928972
vt 0.088970 0.928809
vt 0.082768 0.929733
vt 0.085144 0.929770
vt 0.083063 0.929920
vt 0.087833 0.930215
vt 0.081758 0.930496
vt 0.122631 0.892735
vt 0.122615 0.894385
vt 0.115953 0.892807
vt 0.119253 0.892831
vt 0.119398 0.894508
vt 0.115396 0.894565
vt 0.116364 0.891585
vt 0.114295 0.898490
vt 0.109275 0.897445
vt 0.111041 0.896132
vt 0.115114 0.896275
vt 0.118891 0.898459
vt 0.118360 0.900095
vt 0.113376 0.900156
vt 0.122570 0.898352
vt 0.119170 0.896583
vt 0.122762 0.896399
vt 0.112391 0.901940
vt 0.105822 0.900766
vt 0.107345 0.899339
vt 0.104764 0.902499
vt 0.112084 0.905055
vt 0.100347 0.897527
vt 0.102576 0.896508
vt 0.103217 0.931998
vt 0.103227 0.932645
vt 0.102682 0.932309
vt 0.102279 0.931978
vt 0.104186 0.933090
vt 0.104434 0.932168
vt 0.101097 0.933398
vt 0.099130 0.933514
vt 0.100422 0.932504
vt 0.101250 0.932606
vt 0.096127 0.933607
vt 0.098799 0.934496
vt 0.095697 0.934536
vt 0.096962 0.932966
vt 0.102487 0.932765
vt 0.102528 0.933163
vt 0.006458 0.877571
vt 0.017111 0.869049
vt 0.106024 0.932430
vt 0.103759 0.931153
vt 0.105371 0.931027
vt 0.105637 0.933678
vt 0.101276 0.934273
vt 0.098853 0.935596
vt 0.101863 0.935295
vt 0.102759 0.931234
vt 0.102213 0.930259
vt 0.101438 0.930693
vt 0.102273 0.931151
vt 0.101576 0.931062
vt 0.122362 0.875672
vt 0.122443 0.879926
vt 0.122490 0.883141
vt 0.115183 0.880419
vt 0.119099 0.880023
vt 0.119249 0.883076
vt 0.115864 0.883020
vt 0.118702 0.875809
vt 0.114711 0.876420
vt 0.118084 0.877075
vt 0.113861 0.877021
vt 0.121955 0.876857
vt 0.122547 0.885263
vt 0.119426 0.885255
vt 0.116208 0.885424
vt 0.092109 0.929862
vt 0.091270 0.930979
vt 0.095910 0.930102
vt 0.092646 0.928878
vt 0.096431 0.929141
vt 0.096025 0.931213
vt 0.121565 0.931163
vt 0.121555 0.928647
vt 0.122120 0.933241
vt 0.107611 0.930840
vt 0.111260 0.930189
vt 0.111390 0.933175
vt 0.108290 0.932721
vt 0.116977 0.931531
vt 0.112801 0.927537
vt 0.117319 0.928328
vt 0.108594 0.926156
vt 0.107153 0.928137
vt 0.113760 0.924778
vt 0.109728 0.923866
vt 0.117799 0.925500
vt 0.105170 0.929128
vt 0.092357 0.934334
vt 0.092602 0.933371
vt 0.091976 0.935369
vt 0.095481 0.935605
vt 0.092725 0.932469
vt 0.110420 0.935342
vt 0.107628 0.934440
vt 0.114004 0.936507
vt 0.115308 0.933973
vt 0.113821 0.938426
vt 0.111679 0.937784
vt 0.121235 0.938834
vt 0.121733 0.936875
vt 0.117951 0.936659
vt 0.117073 0.938586
vt 0.122030 0.934987
vt 0.106943 0.893422
vt 0.105396 0.895360
vt 0.112082 0.893510
vt 0.108625 0.892748
vt 0.122151 0.899857
vt 0.121868 0.901334
vt 0.121895 0.902989
vt 0.089418 0.932336
vt 0.119805 0.941375
vt 0.117887 0.945080
vt 0.113499 0.940696
vt 0.107725 0.940708
vt 0.109678 0.938984
vt 0.110601 0.878228
vt 0.111864 0.881359
vt 0.109333 0.874152
vt 0.112523 0.883814
vt 0.108920 0.883065
vt 0.109890 0.884767
vt 0.107644 0.880697
vt 0.093279 0.927909
vt 0.089208 0.927916
vt 0.117180 0.874420
vt 0.121231 0.873812
vt 0.104390 0.925001
vt 0.103216 0.926706
vt 0.105432 0.922733
vt 0.099848 0.924063
vt 0.098965 0.925848
vt 0.113091 0.885486
vt 0.109946 0.886312
vt 0.100244 0.891649
vt 0.102333 0.891237
vt 0.104332 0.891028
vt 0.098813 0.898629
vt 0.097989 0.892308
vt 0.095934 0.893429
vt 0.097897 0.885992
vt 0.096226 0.886037
vt 0.100143 0.886705
vt 0.089813 0.937723
vt 0.091465 0.936478
vt 0.095269 0.936830
vt 0.094252 0.938252
vt 0.087966 0.935866
vt 0.088719 0.934929
vt 0.083727 0.935745
vt 0.085075 0.935059
vt 0.086905 0.936870
vt 0.083002 0.934087
vt 0.081406 0.934417
vt 0.085928 0.934355
vt 0.084071 0.933854
vt 0.104154 0.948967
vt 0.107672 0.948265
vt 0.107527 0.953701
vt 0.103918 0.953898
vt 0.103974 0.944893
vt 0.107830 0.944710
vt 0.115663 0.949439
vt 0.110726 0.949021
vt 0.113238 0.944664
vt 0.114162 0.953324
vt 0.103593 0.887915
vt 0.106244 0.885323
vt 0.106533 0.886431
vt 0.104396 0.888124
vt 0.104452 0.883844
vt 0.102634 0.887269
vt 0.102297 0.881761
vt 0.105269 0.877471
vt 0.105010 0.890215
vt 0.099840 0.841892
vt 0.077896 0.845666
vt 0.109233 0.891330
vt 0.105798 0.889920
vt 0.112769 0.892353
vt 0.104749 0.888695
vt 0.088226 0.943138
vt 0.082689 0.941314
vt 0.087981 0.946114
vt 0.093930 0.942815
vt 0.093485 0.947432
vt 0.075701 0.937463
vt 0.076652 0.937189
vt 0.081276 0.943386
vt 0.076422 0.934801
vt 0.075228 0.935408
vt 0.111555 0.873022
vt 0.107037 0.875854
vt 0.105637 0.873150
vt 0.110009 0.870133
vt 0.103326 0.874658
vt 0.105834 0.935753
vt 0.107902 0.937295
vt 0.098908 0.938430
vt 0.099169 0.936865
vt 0.102811 0.936552
vt 0.103634 0.938128
vt 0.115497 0.871323
vt 0.120397 0.870450
vt 0.120013 0.867473
vt 0.114615 0.868353
vt 0.082909 0.929487
vt 0.085556 0.928267
vt 0.082442 0.928952
vt 0.099332 0.941041
vt 0.099929 0.946429
vt 0.104393 0.939770
vt 0.093929 0.950906
vt 0.099206 0.949376
vt 0.098449 0.954257
vt 0.093975 0.953827
vt 0.089603 0.925442
vt 0.094419 0.925416
vt 0.093804 0.926803
vt 0.089511 0.926859
vt 0.094931 0.923530
vt 0.089743 0.923530
vt 0.095509 0.920999
vt 0.100781 0.921719
vt 0.058564 0.853574
vt 0.030934 0.860636
vt 0.079921 0.946179
vt 0.073512 0.939285
vt 0.079748 0.925449
vt 0.075813 0.927393
vt 0.073694 0.925603
vt 0.078162 0.922992
vt 0.077801 0.928663
vt 0.080824 0.927050
vt 0.073619 0.929944
vt 0.075966 0.930650
vt 0.073306 0.935917
vt 0.073069 0.932771
vt 0.075850 0.932922
vt 0.069935 0.932454
vt 0.070585 0.928792
vt 0.084440 0.924097
vt 0.083935 0.921465
vt 0.089786 0.920761
vt 0.085025 0.926005
vt 0.099742 0.880060
vt 0.097915 0.879046
vt 0.102009 0.877842
vt 0.070617 0.940921
vt 0.077202 0.949789
vt 0.069641 0.936374
vt 0.107113 0.887192
vt 0.121727 0.925730
vt 0.016704 0.891779
vt 0.006315 0.898809
vt 0.017479 0.915776
vt 0.005021 0.921917
vt 0.058163 0.989387
vt 0.061171 0.996989
vt 0.048026 0.995847
vt 0.047229 0.987641
vt 0.022365 0.969658
vt 0.016385 0.971963
vt 0.013187 0.967780
vt 0.018824 0.962732
vt 0.023676 0.979435
vt 0.026764 0.976442
vt 0.014201 0.939970
vt 0.006361 0.949563
vt 0.010142 0.961784
vt 0.015247 0.951972
vt 0.121916 0.922641
vt 0.076764 0.990689
vt 0.081067 0.997050
vt 0.101543 0.992250
vt 0.091035 0.983425
vt 0.119223 0.861913
vt 0.116823 0.860737
vt 0.125554 0.903351
vt 0.122226 0.905158
vt 0.097913 0.857805
vt 0.122074 0.915476
vt 0.122051 0.919075
vt 0.121936 0.911518
vt 0.121684 0.907706
vt 0.111252 0.960469
vt 0.119806 0.864412
vt 0.104337 0.972553
vt 0.107036 0.860419
vt 0.105491 0.888834
vt 0.106919 0.888196
vt 0.106373 0.889856
vt 0.112287 0.860919
vt 0.053838 0.871055
vt 0.069192 0.865610
vt 0.054706 0.882750
vt 0.047971 0.887825
vt 0.045632 0.902701
vt 0.068317 0.874864
vt 0.042609 0.903071
vt 0.040716 0.894536
vt 0.029042 0.883748
vt 0.039272 0.935520
vt 0.041215 0.900822
vt 0.060139 0.907490
vt 0.049240 0.910084
vt 0.062650 0.896459
vt 0.048386 0.916188
vt 0.056759 0.915662
vt 0.042877 0.914081
vt 0.040805 0.917521
vt 0.072412 0.881970
vt 0.043049 0.908848
vt 0.093526 0.893971
vt 0.096731 0.901270
vt 0.070418 0.908688
vt 0.082951 0.905668
vt 0.082989 0.912629
vt 0.074524 0.914796
vt 0.080946 0.897327
vt 0.073492 0.898271
vt 0.091355 0.875875
vt 0.082305 0.875984
vt 0.085587 0.864648
vt 0.096132 0.869748
vt 0.082810 0.887287
vt 0.088490 0.886930
vt 0.095952 0.877894
vt 0.093256 0.887002
vt 0.099695 0.875059
vt 0.114451 0.865317
vt 0.114633 0.863032
vt 0.110983 0.863738
vt 0.109263 0.867076
vt 0.034422 0.983005
vt 0.031973 0.987049
vt 0.045695 0.980441
vt 0.037834 0.977763
vt 0.056631 0.982659
vt 0.028719 0.970649
vt 0.026019 0.957839
vt 0.031134 0.972428
vt 0.073958 0.951635
vt 0.069913 0.953689
vt 0.063941 0.944571
vt 0.067433 0.942383
vt 0.065375 0.957411
vt 0.077134 0.962385
vt 0.069780 0.966583
vt 0.087972 0.953341
vt 0.088061 0.950475
vt 0.083586 0.959607
vt 0.093497 0.961058
vt 0.084058 0.965631
vt 0.097321 0.961632
vt 0.091153 0.968189
vt 0.073599 0.969036
vt 0.079871 0.973844
vt 0.041146 0.951991
vt 0.033228 0.955472
vt 0.039797 0.942884
vt 0.035115 0.965295
vt 0.047999 0.950381
vt 0.051739 0.961250
vt 0.044020 0.962826
vt 0.044553 0.941252
vt 0.059143 0.959558
vt 0.051748 0.950397
vt 0.053887 0.968253
vt 0.062536 0.967380
vt 0.036951 0.970477
vt 0.045071 0.968703
vt 0.118235 0.922364
vt 0.118527 0.919143
vt 0.114978 0.918828
vt 0.114503 0.921981
vt 0.110672 0.921176
vt 0.106622 0.920067
vt 0.107937 0.917055
vt 0.111628 0.918471
vt 0.112322 0.916144
vt 0.115043 0.915767
vt 0.106081 0.865529
vt 0.105071 0.870489
vt 0.048326 0.940207
vt 0.059570 0.947361
vt 0.056071 0.939458
vt 0.109090 0.908062
vt 0.102293 0.904952
vt 0.113695 0.911614
vt 0.116363 0.908242
vt 0.105566 0.911540
vt 0.110079 0.914258
vt 0.100011 0.908571
vt 0.097622 0.913370
vt 0.090819 0.911924
vt 0.091164 0.904667
vt 0.069196 0.977610
vt 0.055296 0.974298
vt 0.065141 0.971601
vt 0.045323 0.973935
vt 0.045258 0.927535
vt 0.051969 0.929796
vt 0.041851 0.933798
vt 0.039313 0.974229
vt 0.070792 0.922920
vt 0.067783 0.927261
vt 0.076703 0.919630
vt 0.083193 0.917558
vt 0.068512 0.919896
vt 0.090088 0.917051
vt 0.118099 0.903906
vt 0.117944 0.901856
vt 0.059329 0.937001
vt 0.060495 0.931143
vt 0.066778 0.931854
vt 0.065011 0.936608
vt 0.056217 0.930463
vt 0.118384 0.912346
vt 0.118538 0.915563
vt 0.089723 0.896478
vt 0.075250 0.889081
vt 0.053317 0.922619
vt 0.046896 0.921797
vt 0.060752 0.923697
vt 0.119567 0.906345
vt 0.118824 0.909548
vt 0.064125 0.916620
vt 0.101799 0.918761
vt 0.096344 0.917574
vt 0.039490 0.921001
vt 0.039990 0.923946
vt 0.103146 0.933818
vt 0.104194 0.934673
vt 0.099169 0.931126
vt 0.099111 0.930346
vt 0.099635 0.929581
vt 0.100679 0.928810
vt 0.097131 0.928196
vt 0.103431 0.929785
vt 0.101862 0.927938
vt 0.098081 0.927150
vt 0.116873 0.890701
vt 0.105742 0.889726
vt 0.106000 0.889113
vt 0.105896 0.889008
vt 0.118670 0.934788
vt 0.119287 0.933205
vt 0.107440 0.939227
vt 0.078065 0.931117
vt 0.076834 0.932944
vt 0.079237 0.929471
vt 0.079706 0.931392
vt 0.080523 0.930033
vt 0.083550 0.932956
vt 0.080106 0.932923
vt 0.081372 0.930362
vt 0.085287 0.927296
vt 0.081835 0.928192
vt 0.103396 0.915241
vt 0.064531 0.925309
vt 0.081225 0.931550
vt 0.081808 0.932897
vt 0.271133 0.754443
vt 0.280238 0.753895
vt 0.273894 0.756091
vt 0.287775 0.762740
vt 0.267774 0.764721
vt 0.291108 0.771064
vt 0.291966 0.786045
vt 0.269657 0.783583
vt 0.265209 0.773793
vt 0.262421 0.774149
vt 0.264340 0.784464
vt 0.270838 0.787802
vt 0.287864 0.791829
vt 0.263579 0.764320
vt 0.257681 0.774392
vt 0.260497 0.763041
vt 0.265731 0.757867
vt 0.276303 0.796488
vt 0.265180 0.791455
vt 0.259243 0.782218
vt 0.030383 0.759270
vt 0.019841 0.754099
vt 0.029545 0.754305
vt 0.032630 0.763593
vt 0.012865 0.762411
vt 0.033436 0.777554
vt 0.031630 0.784538
vt 0.008973 0.786936
vt 0.008047 0.771034
vt 0.034872 0.785396
vt 0.034748 0.774778
vt 0.013105 0.792858
vt 0.028425 0.789258
vt 0.034952 0.765718
vt 0.039520 0.763479
vt 0.041957 0.774110
vt 0.032961 0.757845
vt 0.023623 0.796311
vt 0.041499 0.782256
vt 0.034800 0.791606
vt 0.355063 0.954109
vt 0.358723 0.954109
vt 0.357498 0.955574
vt 0.354427 0.955565
vt 0.356934 0.956147
vt 0.354764 0.956223
vt 0.352861 0.956205
vt 0.351903 0.954109
vt 0.359529 0.955405
vt 0.360498 0.954109
vt 0.360498 0.955478
vt 0.359472 0.956828
vt 0.360498 0.956810
vt 0.358831 0.957127
vt 0.354759 0.957366
vt 0.356519 0.957314
vt 0.356581 0.957882
vt 0.354457 0.957950
vt 0.357253 0.956788
vt 0.356845 0.959259
vt 0.353519 0.959224
vt 0.352828 0.958143
vt 0.352919 0.957310
vt 0.351400 0.958112
vt 0.350502 0.959219
vt 0.351941 0.957287
vt 0.350118 0.957976
vt 0.350608 0.958117
vt 0.350419 0.957064
vt 0.351259 0.957254
vt 0.351358 0.956942
vt 0.351555 0.956882
vt 0.351728 0.956829
vt 0.347723 0.959285
vt 0.348798 0.958099
vt 0.350038 0.957109
vt 0.349553 0.957058
vt 0.350258 0.956714
vt 0.347636 0.958079
vt 0.348137 0.958102
vt 0.347811 0.956892
vt 0.348695 0.957002
vt 0.348904 0.956679
vt 0.349135 0.956967
vt 0.345921 0.959404
vt 0.345921 0.958178
vt 0.346368 0.957114
vt 0.347286 0.956920
vt 0.347547 0.956649
vt 0.351721 0.956285
vt 0.351226 0.955194
vt 0.350381 0.956416
vt 0.351173 0.956342
vt 0.350441 0.956812
vt 0.350005 0.955164
vt 0.350024 0.956715
vt 0.349541 0.956704
vt 0.349532 0.956311
vt 0.350024 0.956363
vt 0.348999 0.956410
vt 0.349082 0.956700
vt 0.348819 0.955198
vt 0.348725 0.956387
vt 0.348701 0.956737
vt 0.347641 0.956447
vt 0.347786 0.956711
vt 0.347365 0.955171
vt 0.347378 0.956438
vt 0.347244 0.956724
vt 0.345921 0.956793
vt 0.346323 0.956432
vt 0.345921 0.955260
vt 0.345921 0.956527
vt 0.345921 0.957433
vt 0.360498 0.959340
vt 0.359619 0.959984
vt 0.359385 0.959316
vt 0.356869 0.959984
vt 0.353491 0.959984
vt 0.348716 0.959984
vt 0.347319 0.959694
vt 0.348570 0.954109
vt 0.345921 0.954109
vt 0.351963 0.952914
vt 0.355220 0.952914
vt 0.358793 0.952914
vt 0.348628 0.952914
vt 0.347274 0.953511
vt 0.337415 0.955565
vt 0.334344 0.955574
vt 0.333119 0.954109
vt 0.336778 0.954109
vt 0.337077 0.956223
vt 0.334908 0.956147
vt 0.338980 0.956205
vt 0.339938 0.954109
vt 0.331343 0.955478
vt 0.331343 0.954109
vt 0.332313 0.955405
vt 0.331343 0.956810
vt 0.332370 0.956828
vt 0.333010 0.957127
vt 0.337385 0.957950
vt 0.335261 0.957882
vt 0.335322 0.957314
vt 0.337082 0.957366
vt 0.334588 0.956788
vt 0.334996 0.959259
vt 0.338322 0.959224
vt 0.339013 0.958143
vt 0.338923 0.957310
vt 0.341340 0.959219
vt 0.340441 0.958112
vt 0.339900 0.957287
vt 0.341234 0.958117
vt 0.341724 0.957976
vt 0.340582 0.957254
vt 0.341422 0.957064
vt 0.340286 0.956882
vt 0.340483 0.956942
vt 0.340113 0.956829
vt 0.343044 0.958099
vt 0.344119 0.959285
vt 0.342288 0.957058
vt 0.341803 0.957109
vt 0.341583 0.956714
vt 0.343704 0.958102
vt 0.344205 0.958079
vt 0.344030 0.956892
vt 0.343146 0.957002
vt 0.342937 0.956679
vt 0.342707 0.956967
vt 0.344556 0.956920
vt 0.345473 0.957114
vt 0.344294 0.956649
vt 0.340121 0.956285
vt 0.340615 0.955194
vt 0.341401 0.956812
vt 0.340669 0.956342
vt 0.341460 0.956416
vt 0.341837 0.955164
vt 0.341817 0.956363
vt 0.342310 0.956311
vt 0.342301 0.956704
vt 0.341818 0.956715
vt 0.342759 0.956700
vt 0.342842 0.956410
vt 0.343022 0.955198
vt 0.343118 0.956387
vt 0.343141 0.956737
vt 0.344055 0.956711
vt 0.344200 0.956447
vt 0.344476 0.955171
vt 0.345518 0.956432
vt 0.345921 0.956793
vt 0.344597 0.956724
vt 0.344463 0.956438
vt 0.345921 0.956793
vt 0.345921 0.956793
vt 0.345921 0.956793
vt 0.332455 0.959316
vt 0.332222 0.959984
vt 0.331343 0.959340
vt 0.334973 0.959984
vt 0.338351 0.959984
vt 0.343125 0.959984
vt 0.344523 0.959694
vt 0.343271 0.954109
vt 0.336621 0.952914
vt 0.339879 0.952914
vt 0.333048 0.952914
vt 0.343214 0.952914
vt 0.344568 0.953511
vt 0.346079 0.967613
vt 0.348535 0.969042
vt 0.347307 0.968328
vt 0.348938 0.964934
vt 0.348460 0.964897
vt 0.348458 0.964431
vt 0.348891 0.964651
vt 0.348025 0.964210
vt 0.348024 0.965074
vt 0.358863 0.963351
vt 0.357642 0.963294
vt 0.356622 0.961964
vt 0.359444 0.961964
vt 0.354694 0.963359
vt 0.352549 0.963459
vt 0.351458 0.961964
vt 0.359788 0.963475
vt 0.359291 0.964467
vt 0.358553 0.964175
vt 0.358960 0.965129
vt 0.358025 0.964096
vt 0.357350 0.964471
vt 0.356431 0.963979
vt 0.354327 0.964518
vt 0.353900 0.964224
vt 0.354921 0.964016
vt 0.354582 0.965151
vt 0.354306 0.964992
vt 0.353445 0.965067
vt 0.351573 0.964801
vt 0.352179 0.964401
vt 0.352827 0.964837
vt 0.351317 0.964946
vt 0.351169 0.964610
vt 0.353067 0.964372
vt 0.353093 0.964906
vt 0.350493 0.964718
vt 0.350559 0.964875
vt 0.350017 0.965002
vt 0.349728 0.964674
vt 0.350230 0.963572
vt 0.351034 0.964833
vt 0.347530 0.964898
vt 0.347548 0.964818
vt 0.346930 0.964630
vt 0.346290 0.964563
vt 0.346079 0.963037
vt 0.347560 0.961964
vt 0.346079 0.961964
vt 0.360617 0.962561
vt 0.358633 0.965801
vt 0.358835 0.966327
vt 0.358160 0.966815
vt 0.346873 0.964899
vt 0.346312 0.964957
vt 0.346856 0.965016
vt 0.346294 0.965105
vt 0.350643 0.966435
vt 0.351442 0.966839
vt 0.349809 0.966790
vt 0.352437 0.969042
vt 0.347921 0.966802
vt 0.353074 0.966756
vt 0.352293 0.966494
vt 0.355377 0.969042
vt 0.354410 0.966747
vt 0.354105 0.965171
vt 0.353797 0.966404
vt 0.355621 0.966846
vt 0.354926 0.966435
vt 0.355266 0.965135
vt 0.356979 0.966944
vt 0.356316 0.966527
vt 0.355963 0.965155
vt 0.356881 0.965204
vt 0.357850 0.969042
vt 0.346946 0.966529
vt 0.346079 0.966615
vt 0.346079 0.965366
vt 0.348883 0.966336
vt 0.349606 0.964909
vt 0.355612 0.964936
vt 0.357577 0.965335
vt 0.357305 0.965063
vt 0.358195 0.965508
vt 0.346079 0.964854
vt 0.349818 0.964996
vt 0.355686 0.964471
vt 0.344851 0.968328
vt 0.343623 0.969042
vt 0.343268 0.964651
vt 0.343700 0.964431
vt 0.343698 0.964897
vt 0.343219 0.964934
vt 0.344135 0.965074
vt 0.344133 0.964210
vt 0.332714 0.961964
vt 0.335537 0.961964
vt 0.334516 0.963294
vt 0.333295 0.963351
vt 0.337465 0.963359
vt 0.340699 0.961964
vt 0.339608 0.963459
vt 0.332866 0.964467
vt 0.332370 0.963475
vt 0.333198 0.965129
vt 0.333605 0.964175
vt 0.334132 0.964096
vt 0.334808 0.964471
vt 0.335727 0.963979
vt 0.338258 0.964224
vt 0.337831 0.964518
vt 0.337237 0.964016
vt 0.337853 0.964992
vt 0.337576 0.965151
vt 0.338713 0.965067
vt 0.339331 0.964837
vt 0.339979 0.964401
vt 0.340585 0.964801
vt 0.340988 0.964610
vt 0.340841 0.964946
vt 0.339092 0.964372
vt 0.339065 0.964906
vt 0.342429 0.964674
vt 0.342140 0.965002
vt 0.341599 0.964875
vt 0.341666 0.964718
vt 0.341928 0.963572
vt 0.341124 0.964833
vt 0.344611 0.964818
vt 0.344629 0.964898
vt 0.345228 0.964630
vt 0.345868 0.964563
vt 0.344599 0.961964
vt 0.331540 0.962561
vt 0.333998 0.966815
vt 0.333322 0.966327
vt 0.333524 0.965801
vt 0.345847 0.964957
vt 0.345286 0.964899
vt 0.345302 0.965016
vt 0.345863 0.965105
vt 0.340716 0.966839
vt 0.341516 0.966435
vt 0.342349 0.966790
vt 0.339720 0.969042
vt 0.344238 0.966802
vt 0.339866 0.966494
vt 0.339083 0.966756
vt 0.337748 0.966747
vt 0.336782 0.969042
vt 0.338362 0.966404
vt 0.338053 0.965171
vt 0.337232 0.966435
vt 0.336536 0.966846
vt 0.336892 0.965135
vt 0.335842 0.966527
vt 0.335178 0.966944
vt 0.336195 0.965155
vt 0.335277 0.965204
vt 0.334309 0.969042
vt 0.345212 0.966529
vt 0.342553 0.964909
vt 0.343275 0.966336
vt 0.336547 0.964936
vt 0.334854 0.965063
vt 0.334581 0.965335
vt 0.333963 0.965508
vt 0.342340 0.964996
vt 0.336471 0.964471
vt 0.289124 0.924362
vt 0.292982 0.925797
vt 0.288096 0.931880
vt 0.285736 0.926437
vt 0.290129 0.921319
vt 0.294364 0.920872
vt 0.286132 0.921378
vt 0.288127 0.915329
vt 0.290942 0.916605
vt 0.293418 0.918113
vt 0.254640 0.919440
vt 0.262663 0.915299
vt 0.265316 0.921759
vt 0.259614 0.922230
vt 0.253657 0.922008
vt 0.251969 0.921282
vt 0.261838 0.925596
vt 0.257527 0.927000
vt 0.266008 0.926507
vt 0.262657 0.931179
vt 0.270518 0.921414
vt 0.269213 0.913075
vt 0.270752 0.928278
vt 0.269020 0.935382
vt 0.275744 0.912966
vt 0.276130 0.921268
vt 0.276257 0.928280
vt 0.275401 0.936638
vt 0.281419 0.913177
vt 0.281250 0.921109
vt 0.282942 0.935412
vt 0.281628 0.927982
vt 0.265121 0.976426
vt 0.262789 0.981798
vt 0.257963 0.975793
vt 0.261769 0.974382
vt 0.256609 0.970927
vt 0.260780 0.971377
vt 0.259984 0.966720
vt 0.262758 0.965469
vt 0.264726 0.971434
vt 0.257538 0.968204
vt 0.290909 0.972317
vt 0.285286 0.971810
vt 0.287916 0.965457
vt 0.295839 0.969607
vt 0.298459 0.971465
vt 0.296784 0.972154
vt 0.292934 0.977041
vt 0.288698 0.975628
vt 0.287879 0.981135
vt 0.284578 0.976498
vt 0.281438 0.963218
vt 0.280149 0.971431
vt 0.281595 0.985253
vt 0.279911 0.978242
vt 0.274613 0.971292
vt 0.274969 0.963089
vt 0.275310 0.986479
vt 0.274489 0.978235
vt 0.269552 0.971152
vt 0.269371 0.963337
vt 0.269183 0.977948
vt 0.267879 0.985268
vt 0.362368 0.995680
vt 0.360260 0.996212
vt 0.360435 0.995141
vt 0.362777 0.995039
vt 0.356257 0.997869
vt 0.355289 0.997971
vt 0.355300 0.997038
vt 0.356275 0.996863
vt 0.358503 0.997167
vt 0.357269 0.997662
vt 0.357296 0.996580
vt 0.358481 0.996035
vt 0.359472 0.996733
vt 0.359455 0.995571
vt 0.312721 0.997504
vt 0.311583 0.997144
vt 0.311898 0.996003
vt 0.312889 0.996282
vt 0.309987 0.996331
vt 0.308688 0.995399
vt 0.309089 0.994353
vt 0.310230 0.995217
vt 0.307799 0.994618
vt 0.307213 0.993970
vt 0.307608 0.993221
vt 0.308328 0.993664
vt 0.306937 0.993906
vt 0.306810 0.993030
vt 0.306129 0.992473
vt 0.306178 0.991847
vt 0.313792 0.996415
vt 0.313789 0.997624
vt 0.358426 0.989717
vt 0.357124 0.990797
vt 0.356243 0.991192
vt 0.367501 0.988962
vt 0.360160 0.988065
vt 0.359403 0.988871
vt 0.307626 0.987591
vt 0.304719 0.988644
vt 0.308434 0.988490
vt 0.309086 0.988862
vt 0.309990 0.989285
vt 0.310662 0.989688
vt 0.312421 0.990868
vt 0.313121 0.991210
vt 0.313800 0.991585
vt 0.355327 0.991491
vt 0.308315 0.983905
vt 0.309186 0.974800
vt 0.309648 0.974725
vt 0.309236 0.983600
vt 0.359026 0.985438
vt 0.359446 0.974873
vt 0.360164 0.974955
vt 0.359741 0.985138
vt 0.313069 0.984923
vt 0.313121 0.973983
vt 0.313840 0.973971
vt 0.313814 0.985186
vt 0.366998 0.977224
vt 0.369324 0.981619
vt 0.356964 0.986353
vt 0.358283 0.985767
vt 0.303762 0.984504
vt 0.309728 0.983796
vt 0.310257 0.983997
vt 0.310834 0.984192
vt 0.312330 0.984707
vt 0.355376 0.986977
vt 0.356178 0.986637
vt 0.305024 0.977157
vt 0.310818 0.974313
vt 0.311469 0.974166
vt 0.310232 0.974494
vt 0.312530 0.974020
vt 0.358505 0.974510
vt 0.357195 0.974078
vt 0.356195 0.973514
vt 0.355488 0.973384
vt 0.347794 0.994367
vt 0.350210 0.995020
vt 0.350361 0.996094
vt 0.348188 0.995018
vt 0.354329 0.996839
vt 0.354322 0.997844
vt 0.352143 0.995959
vt 0.353315 0.996532
vt 0.353316 0.997613
vt 0.352095 0.997089
vt 0.351180 0.995471
vt 0.351137 0.996632
vt 0.314696 0.996287
vt 0.315687 0.996015
vt 0.315996 0.997159
vt 0.314856 0.997512
vt 0.317360 0.995241
vt 0.318506 0.994383
vt 0.318900 0.995430
vt 0.317596 0.996356
vt 0.319272 0.993698
vt 0.319994 0.993260
vt 0.320385 0.994011
vt 0.319795 0.994655
vt 0.320793 0.993075
vt 0.320661 0.993948
vt 0.321422 0.991894
vt 0.321495 0.992517
vt 0.353546 0.990754
vt 0.352271 0.989643
vt 0.354417 0.991170
vt 0.350586 0.987946
vt 0.344581 0.989832
vt 0.351319 0.988772
vt 0.323494 0.988250
vt 0.319997 0.987636
vt 0.319183 0.988529
vt 0.317623 0.989311
vt 0.318529 0.988895
vt 0.315183 0.990878
vt 0.316949 0.989710
vt 0.314481 0.991215
vt 0.318400 0.983647
vt 0.317976 0.974823
vt 0.318451 0.974849
vt 0.319320 0.983954
vt 0.351078 0.985021
vt 0.350794 0.975137
vt 0.351517 0.974723
vt 0.351783 0.985343
vt 0.314557 0.973990
vt 0.314560 0.984930
vt 0.341988 0.981866
vt 0.344595 0.977493
vt 0.352513 0.985693
vt 0.353810 0.986313
vt 0.324127 0.985075
vt 0.317906 0.983837
vt 0.316797 0.984221
vt 0.317376 0.984031
vt 0.315300 0.984722
vt 0.354585 0.986618
vt 0.322443 0.977154
vt 0.316204 0.974195
vt 0.316853 0.974353
vt 0.317435 0.974546
vt 0.315147 0.974035
vt 0.352463 0.974285
vt 0.353777 0.973978
vt 0.354774 0.973634
vn -0.252867 -0.254132 -0.933529
vn 0.714930 -0.698587 0.029172
vn 0.568689 -0.617000 0.543971
vn -0.756587 -0.047690 -0.652152
vn -0.256235 -0.080482 0.963258
vn -0.989892 -0.039709 -0.136153
vn -0.877043 -0.060197 0.476625
vn 0.469435 -0.116575 0.875238
vn 0.168390 -0.602674 -0.780019
vn 0.459141 -0.801972 -0.382140
vn 0.529580 0.039351 -0.847346
vn 0.614079 0.163204 -0.772186
vn 0.622815 0.218135 -0.751345
vn 0.628529 0.167693 -0.759493
vn 0.590056 -0.000422 -0.807362
vn 0.492068 -0.112425 -0.863267
vn 0.944257 -0.018459 0.328690
vn 0.998916 -0.019114 -0.042436
vn 0.987806 -0.055643 -0.145405
vn 0.959390 -0.047906 0.277985
vn 0.193173 -0.098159 0.976242
vn -0.530638 -0.091633 0.842631
vn -0.594638 -0.099125 0.797860
vn 0.061659 -0.101404 0.992933
vn -0.433322 0.000135 -0.901239
vn -0.282747 0.245170 -0.927333
vn -0.344259 0.206691 -0.915841
vn -0.268033 0.148612 -0.951879
vn -0.504108 -0.122896 -0.854852
vn -0.930087 0.097376 -0.354199
vn -0.878271 0.159015 -0.450947
vn -0.820163 0.107700 -0.561902
vn -0.963009 -0.045979 -0.265519
vn -0.968508 -0.117447 -0.219540
vn -0.899601 -0.008477 0.436631
vn -0.914246 0.011677 0.404990
vn -0.693056 -0.024692 0.720461
vn -0.651616 -0.026979 0.758069
vn -0.958223 -0.031832 0.284247
vn -0.747535 -0.117604 0.653728
vn 0.775382 -0.066336 0.627998
vn 0.739741 -0.044669 0.671408
vn -0.095382 -0.030000 0.994989
vn -0.237189 -0.050528 0.970149
vn -0.305232 -0.159758 0.938782
vn 0.666657 -0.006651 0.745335
vn 0.911554 0.001632 0.411176
vn 0.898426 0.025103 0.438406
vn 0.991985 0.066354 0.107535
vn 0.998380 0.020345 0.053128
vn 0.594902 -0.030404 0.803223
vn 0.594767 -0.107248 0.796712
vn 0.995948 0.064488 0.062678
vn 0.932180 -0.006921 0.361928
vn 0.981134 -0.085587 -0.173350
vn 0.954539 -0.146184 0.259780
vn 0.591688 -0.233517 0.771606
vn 0.954397 -0.184441 0.234749
vn 0.739143 -0.182082 0.648470
vn 0.931640 -0.150465 -0.330768
vn 0.731850 -0.271180 0.625186
vn 0.965776 -0.185015 0.181785
vn -0.274584 -0.141581 0.951083
vn -0.763216 -0.033212 0.645289
vn -0.834592 -0.117164 0.538265
vn -0.107315 -0.224291 0.968595
vn -0.191011 -0.271459 0.943305
vn -0.896723 -0.106035 0.429704
vn -0.998718 0.003822 -0.050479
vn -0.986150 -0.016670 -0.165016
vn -0.993709 -0.021653 0.109876
vn -0.234069 0.088814 -0.968155
vn -0.753111 0.069961 -0.654163
vn -0.186400 0.026322 -0.982121
vn -0.701106 0.051081 -0.711225
vn -0.680001 0.007802 -0.733170
vn -0.145460 -0.004481 -0.989354
vn -0.218417 -0.235287 -0.947066
vn 0.234673 -0.541811 -0.807075
vn 0.546007 -0.722948 -0.423348
vn 0.447153 -0.047689 -0.893185
vn 0.489867 -0.015998 -0.871650
vn 0.945174 -0.088465 -0.314358
vn -0.344304 -0.208151 0.915493
vn 0.569738 -0.215065 0.793187
vn 0.480353 -0.132305 0.867039
vn -0.294400 -0.131026 0.946658
vn -0.744620 -0.048228 -0.665744
vn 0.362594 -0.108764 -0.925579
vn 0.969919 -0.060815 -0.235708
vn 0.974526 -0.046972 0.219300
vn 0.285222 -0.018093 -0.958291
vn 0.966404 -0.045720 -0.252928
vn 0.985004 -0.034082 0.169131
vn 0.980742 -0.041405 -0.190870
vn 0.987752 0.008961 0.155775
vn 0.312148 0.098727 -0.944890
vn 0.378892 0.235606 -0.894947
vn 0.990909 0.009976 -0.134165
vn 0.989066 0.065000 0.132379
vn 0.992241 0.066742 0.104900
vn 0.995359 0.048389 -0.083184
vn 0.966666 -0.252555 -0.042112
vn 0.940830 -0.337249 0.033197
vn 0.439588 0.116113 -0.890663
vn 0.474070 -0.547729 -0.689385
vn 0.322333 -0.934370 -0.151836
vn 0.532369 -0.846162 -0.024348
vn 0.630924 -0.775531 0.022052
vn 0.870920 -0.491257 -0.012841
vn 0.388876 -0.913754 -0.117601
vn 0.990582 0.127719 0.049340
vn 0.980512 0.119216 0.156155
vn 0.807249 -0.567163 -0.163327
vn 0.661815 -0.727992 -0.178967
vn 0.687210 0.720956 0.089241
vn 0.857066 0.469590 0.211952
vn 0.886026 0.307260 0.347202
vn 0.847124 0.163124 0.505738
vn 0.846107 0.023250 0.532506
vn 0.818449 -0.031282 0.573727
vn 0.298646 -0.007851 0.954332
vn -0.492662 -0.002875 0.870216
vn -0.887937 -0.045212 0.457737
vn -0.917136 0.037010 0.396852
vn -0.490909 0.149890 0.858220
vn -0.462620 0.440661 0.769286
vn -0.928174 0.231111 0.291687
vn 0.335012 0.126670 0.933661
vn 0.350183 0.405239 0.844484
vn -0.360630 0.722599 0.589743
vn 0.428324 0.670039 0.606289
vn -0.813152 0.462788 0.353003
vn -0.695794 0.657577 0.288899
vn -0.248341 0.860841 0.444161
vn -0.107265 0.954564 0.278033
vn -0.378177 0.899184 0.220115
vn 0.463210 0.787229 0.407071
vn -0.894569 0.430528 0.119970
vn -0.624709 0.773792 0.104810
vn 0.274327 0.919614 0.281168
vn -0.849248 0.524912 -0.056968
vn -0.984159 0.167596 -0.057817
vn -0.821410 -0.528539 -0.214318
vn -0.609192 -0.776573 -0.160686
vn -0.121690 -0.991412 -0.047890
vn -0.048080 -0.997306 0.055399
vn -0.139806 -0.988485 0.057885
vn 0.238821 -0.971063 0.001337
vn 0.287679 -0.919291 -0.268597
vn 0.153223 -0.965358 -0.211201
vn -0.156068 -0.961119 -0.227800
vn 0.179399 -0.977092 -0.114490
vn 0.195061 -0.980766 -0.006980
vn -0.303062 -0.942421 -0.141404
vn -0.895373 -0.431249 -0.111050
vn -0.320908 -0.944224 -0.073889
vn -0.996224 0.080203 -0.033255
vn -0.962346 0.258765 0.083256
vn -0.728992 0.218273 -0.648789
vn -0.946930 0.185582 -0.262457
vn -0.969425 0.069778 -0.235259
vn -0.748756 0.083779 -0.657530
vn -0.701329 0.103804 -0.705239
vn -0.948453 0.075834 -0.307712
vn -0.943454 -0.051747 -0.327439
vn -0.632617 -0.020161 -0.774202
vn -0.566254 -0.103295 -0.817733
vn -0.956022 -0.103886 -0.274282
vn -0.665689 -0.486444 -0.565889
vn -0.873271 -0.085304 0.479709
vn -0.894077 -0.093612 0.438022
vn -0.988018 -0.049357 -0.146232
vn 0.963149 -0.168674 0.209509
vn -0.915062 -0.129874 0.381831
vn 0.857912 -0.100817 -0.503808
vn 0.551437 -0.048234 -0.832821
vn -0.017368 -0.001377 -0.999848
vn -0.983631 -0.069966 -0.166054
vn -0.705744 -0.015388 -0.708300
vn 0.977579 -0.139988 -0.157300
vn 0.790826 -0.612041 -0.000489
vn 0.688315 -0.520171 0.505613
vn 0.061660 -0.926629 0.370887
vn 0.056118 0.844033 0.533346
vn 0.652430 0.719502 0.238018
vn 0.441245 -0.892117 0.097112
vn -0.453673 0.862863 0.222819
vn -0.000911 -0.994936 0.100504
vn -0.470120 -0.879699 -0.071529
vn -0.786179 0.614981 0.060998
vn -0.584445 0.745863 0.319550
vn -0.401980 -0.888509 0.221279
vn 0.144630 0.909448 0.389854
vn 0.218161 -0.923156 0.316527
vn -0.051279 0.014876 -0.998574
vn -0.712400 -0.000680 -0.701773
vn -0.986879 -0.046528 -0.154612
vn -0.929771 -0.135118 0.342446
vn -0.363208 -0.275901 0.889921
vn 0.643259 -0.281006 0.712217
vn 0.880608 -0.074847 -0.467897
vn 0.572604 -0.029448 -0.819303
vn 0.977454 -0.181787 0.107413
vn 0.974235 -0.117493 -0.192514
vn -0.091227 0.007779 -0.995800
vn -0.691551 -0.013900 -0.722193
vn -0.985012 -0.021591 -0.171126
vn -0.923808 -0.094623 0.370979
vn -0.304712 -0.281439 0.909914
vn 0.689072 -0.328026 0.646203
vn 0.973000 -0.212819 0.089327
vn 0.940119 -0.089584 -0.328864
vn 0.555749 0.005431 -0.831332
vn -0.884388 -0.076301 0.460473
vn -0.884198 -0.424755 -0.194364
vn -0.187527 -0.965291 -0.181789
vn 0.225455 -0.972774 0.053671
vn -0.484683 -0.776997 -0.401694
vn -0.585420 0.810598 -0.014645
vn 0.572217 0.805963 0.151625
vn 0.375212 -0.894291 -0.243845
vn -0.260969 -0.894462 0.363089
vn -0.377287 0.780241 0.498878
vn 0.345271 0.782217 0.518580
vn 0.334845 -0.863737 0.376613
vn 0.580464 -0.806682 -0.111019
vn 0.530194 0.835683 0.143273
vn -0.580464 -0.795072 -0.175849
vn -0.645822 0.758055 0.090921
vn 0.538147 -0.423107 0.728957
vn 0.336329 0.927948 0.160612
vn -0.343298 -0.488456 0.802220
vn -0.215837 0.962006 0.167207
vn 0.403436 0.876314 0.263276
vn 0.714815 -0.685749 -0.137069
vn -0.404669 -0.882608 -0.239261
vn -0.638653 0.750583 0.169551
vn 0.170919 0.896305 0.409176
vn 0.547476 -0.271794 0.791453
vn -0.291968 -0.434817 0.851874
vn -0.277245 0.890235 0.361410
vn 0.507126 0.838903 0.197650
vn 0.650349 -0.741267 -0.166042
vn -0.542260 -0.822426 -0.171955
vn -0.512733 0.834766 0.200676
vn 0.309471 0.914453 0.260774
vn 0.614839 -0.153182 0.773633
vn -0.384510 -0.280050 0.879616
vn -0.179905 0.955566 0.233510
vn 0.403647 0.904899 0.135010
vn 0.767178 -0.627419 -0.133354
vn -0.311212 -0.946071 -0.089979
vn -0.738001 0.656842 0.154638
vn 0.522803 0.603111 0.602440
vn 0.721804 -0.564241 0.400788
vn 0.003766 -0.880804 0.473467
vn -0.315812 0.625785 0.713201
vn -0.159789 -0.121427 0.979654
vn 0.268068 -0.864290 0.425608
vn 0.406143 0.756995 0.511866
vn -0.093137 0.827122 0.554252
vn -0.330142 -0.900041 0.284485
vn -0.784732 0.590165 0.189477
vn -0.537779 -0.815923 0.212280
vn -0.200803 0.904204 0.376951
vn 0.033857 -0.915522 0.400841
vn 0.317552 -0.909794 -0.267275
vn 0.762124 -0.580078 -0.287536
vn 0.981683 0.116786 -0.150533
vn -0.985169 -0.014096 -0.171007
vn -0.989173 -0.137510 -0.051254
vn -0.978099 -0.205561 0.032676
vn -0.426408 -0.221321 0.877037
vn 0.756761 -0.026901 0.653138
vn 0.987946 0.147390 -0.047317
vn 0.267305 -0.240882 0.933019
vn -0.958674 -0.221998 0.177933
vn -0.999609 0.016231 -0.022765
vn -0.447253 0.708012 0.546520
vn 0.584218 0.636630 0.503380
vn 0.979237 0.202624 0.006216
vn 0.240180 -0.114430 0.963960
vn -0.925897 -0.223653 0.304456
vn -0.987842 -0.104043 -0.115514
vn -0.478002 0.535532 0.696218
vn 0.497239 0.594226 0.632177
vn 0.974119 0.214709 0.070654
vn 0.829775 0.067979 0.553943
vn -0.502671 -0.152036 0.851003
vn -0.994531 -0.078705 -0.068653
vn -0.581437 0.566672 0.583793
vn 0.644619 0.533133 0.547937
vn 0.997436 0.055353 0.045350
vn 0.763595 -0.037930 0.644580
vn -0.283640 -0.236200 0.929386
vn -0.942142 -0.107872 -0.317384
vn -0.609918 -0.181515 0.771396
vn 0.618296 -0.129121 0.775266
vn 0.986452 -0.164028 0.002701
vn 0.982387 -0.157784 0.100100
vn 0.985098 0.036388 -0.168102
vn 0.469198 -0.881856 -0.046727
vn 0.991673 -0.064737 0.111326
vn 0.511934 0.838121 0.188354
vn -0.554964 0.819421 0.143402
vn -0.992371 -0.120784 0.024735
vn -0.446275 -0.890930 -0.084154
vn -0.978035 -0.200287 -0.057734
vn -0.504749 0.854479 0.122862
vn 0.634908 0.742405 0.213838
vn 0.955035 -0.258735 0.144789
vn 0.309582 -0.950750 -0.015313
vn -0.439691 -0.891236 -0.111222
vn -0.568557 -0.813719 0.120849
vn -0.990096 0.131135 0.050129
vn -0.484836 0.864305 0.133831
vn 0.486622 0.859118 0.158479
vn 0.972974 0.191880 0.128465
vn 0.674439 -0.717814 0.172843
vn 0.991010 0.023199 0.131764
vn 0.590848 0.780480 0.204328
vn -0.631457 0.728388 0.265918
vn -0.988648 -0.149019 0.019213
vn -0.642975 -0.748482 -0.162351
vn 0.486902 -0.873395 -0.010419
vn 0.191770 0.914423 0.356449
vn 0.078548 0.942814 0.323932
vn -0.433160 -0.882142 0.184926
vn -0.978393 0.134588 0.156949
vn -0.492661 0.838124 0.234166
vn 0.335375 0.889797 0.309492
vn 0.927266 0.323212 0.188975
vn 0.751047 -0.633582 0.185747
vn -0.457970 -0.869481 -0.185109
vn -0.980734 -0.181485 -0.072283
vn -0.701962 0.702485 0.117319
vn 0.430663 0.874362 0.223653
vn 0.978616 0.159572 0.129795
vn 0.668838 -0.739701 -0.074150
vn -0.593956 -0.787270 0.165595
vn -0.953696 0.276759 0.117763
vn -0.359069 0.920432 0.154513
vn 0.482811 0.863785 0.144113
vn 0.947046 0.299192 0.116573
vn 0.733210 -0.650513 0.198082
vn -0.603159 0.778336 0.174335
vn -0.408274 0.886884 0.216217
vn 0.982220 0.087074 0.166317
vn 0.776796 -0.629497 0.017928
vn -0.280631 -0.957986 -0.059238
vn -0.971686 -0.202071 0.122451
vn -0.598120 0.762604 0.246346
vn 0.561589 0.794879 0.229749
vn 0.983169 0.166792 0.074565
vn 0.456480 0.863873 0.212956
vn -0.672337 0.730732 0.118290
vn -0.987562 -0.138712 -0.074028
vn -0.510210 -0.854047 -0.101441
vn 0.644370 -0.763666 -0.040016
vn -0.978247 -0.207415 0.003437
vn -0.673949 0.721470 0.158976
vn 0.466752 0.853947 0.230038
vn 0.989759 0.109391 0.091714
vn 0.746431 -0.658104 -0.098691
vn -0.294017 -0.944188 -0.148539
vn -0.212858 -0.943329 0.254603
vn 0.055591 -0.963449 0.262061
vn -0.248219 -0.957980 0.143739
vn -0.047319 -0.973043 0.225719
vn 0.782718 0.616325 0.086579
vn 0.380169 0.878175 0.290311
vn -0.156823 0.929257 0.334496
vn -0.532419 0.813962 0.232368
vn -0.779382 0.623464 0.062105
vn -0.912541 0.399849 -0.085960
vn -0.976294 0.088097 -0.197710
vn -0.676310 -0.675274 -0.294295
vn -0.052273 -0.979877 -0.192638
vn 0.029818 -0.983159 -0.180301
vn 0.075615 -0.970620 -0.228428
vn -0.578735 0.661787 -0.476554
vn -0.960494 0.076235 0.267654
vn 0.027471 0.463375 0.885737
vn 0.143959 0.711944 0.687322
vn 0.585313 -0.671532 0.454371
vn 0.615934 -0.665353 0.421818
vn 0.102206 -0.865813 -0.489818
vn -0.232983 -0.901726 -0.364155
vn -0.622683 0.649694 -0.436077
vn 0.095671 0.693047 0.714516
vn -0.395310 0.380410 0.836073
vn -0.946952 0.320207 0.027375
vn 0.051763 -0.573245 -0.817747
vn 0.149095 -0.515378 0.843893
vn 0.087192 -0.533423 0.841343
vn 0.005899 -0.576658 -0.816964
vn 0.071996 -0.961836 0.263985
vn 0.324090 -0.907712 -0.266505
vn 0.509828 -0.641438 0.573265
vn 0.088507 -0.338126 0.936930
vn 0.414860 0.202552 0.887053
vn 0.567911 0.052514 0.821413
vn 0.479029 -0.673969 0.562403
vn -0.010458 -0.563244 -0.826224
vn 0.036059 0.467477 -0.883269
vn 0.054106 0.551960 -0.832113
vn 0.051649 -0.569368 -0.820458
vn -0.008562 0.190927 0.981567
vn -0.584133 -0.721605 -0.371585
vn -0.818919 -0.548501 -0.168871
vn -0.433911 -0.882792 -0.179998
vn 0.023218 0.598263 -0.800963
vn -0.003541 -0.614845 -0.788640
vn 0.010998 -0.577009 0.816664
vn 0.012161 -0.806708 -0.590825
vn -0.616119 -0.603828 -0.505756
vn -0.688330 -0.423300 0.589083
vn -0.198853 -0.898485 -0.391386
vn -0.028931 0.581865 -0.812771
vn -0.061103 -0.528339 -0.846832
vn -0.153580 0.627444 -0.763366
vn -0.407314 0.880841 -0.241277
vn -0.387464 0.917900 -0.085624
vn -0.284547 0.729637 0.621822
vn -0.191723 0.663321 -0.723358
vn -0.117379 0.677977 -0.725651
vn -0.153890 0.519563 -0.840460
vn -0.395985 0.605838 0.690041
vn -0.409156 0.734138 0.541879
vn -0.175138 0.522247 -0.834616
vn -0.027158 0.997437 -0.066199
vn 0.109771 0.982396 0.151154
vn 0.069691 0.980503 0.183732
vn -0.130200 0.716483 0.685347
vn -0.073613 0.722338 0.687611
vn -0.055371 0.954535 -0.292911
vn -0.010629 0.971017 -0.238775
vn -0.191143 0.516288 -0.834812
vn 0.489415 -0.658230 0.572019
vn 0.034604 -0.614991 -0.787775
vn 0.084898 -0.476047 0.875312
vn -0.024838 -0.499194 0.866134
vn 0.036346 -0.617775 -0.785515
vn -0.389228 0.476223 -0.788488
vn -0.328823 0.470686 -0.818737
vn -0.414634 0.737307 0.533346
vn -0.383387 0.755719 0.530946
vn -0.342820 0.624710 -0.701578
vn 0.105017 -0.928059 -0.357322
vn 0.363356 0.499216 0.786610
vn 0.133909 0.419838 0.897666
vn -0.001130 0.550139 0.835073
vn -0.103300 0.589862 0.800870
vn -0.325161 0.942713 0.074575
vn -0.162596 0.976692 0.140125
vn -0.722468 0.485223 -0.492542
vn -0.339482 0.579224 -0.741115
vn -0.320896 0.725571 0.608746
vn -0.708635 0.563504 0.424619
vn -0.108375 -0.993994 0.015202
vn -0.077881 -0.995888 0.046282
vn -0.657066 -0.510631 -0.554546
vn -0.744159 0.503504 -0.438989
vn -0.731002 0.399566 0.553158
vn -0.593581 -0.619510 0.513682
vn -0.254901 0.677408 0.690032
vn -0.136129 -0.935156 0.327036
vn -0.009226 -0.638032 0.769954
vn -0.053488 -0.749696 -0.659618
vn -0.725787 -0.495364 -0.477334
vn -0.767255 0.454336 -0.452657
vn -0.703448 0.497185 0.507905
vn -0.699239 -0.485171 0.525046
vn 0.085268 0.961957 -0.259554
vn -0.327135 0.632599 -0.701998
vn -0.280671 0.955635 -0.089364
vn -0.194801 0.567850 0.799749
vn -0.245102 0.569771 0.784402
vn -0.311725 0.742213 -0.593252
vn -0.321311 0.750955 -0.576911
vn -0.252027 0.667052 0.701088
vn 0.008913 -0.691905 0.721934
vn -0.262777 0.670121 0.694180
vn -0.170170 -0.985225 -0.019355
vn -0.325509 -0.943556 -0.061195
vn -0.077122 -0.705923 -0.704078
vn -0.078407 0.587288 0.805571
vn -0.182926 0.769229 -0.612230
vn -0.359197 0.634100 -0.684759
vn -0.225668 -0.456325 0.860722
vn -0.324588 -0.741017 -0.587823
vn -0.770272 -0.637570 -0.013631
vn 0.444049 -0.652668 0.613877
vn -0.125978 -0.624957 0.770428
vn 0.082540 -0.656601 0.749708
vn 0.117906 -0.641034 0.758402
vn -0.736830 0.371733 -0.564709
vn -0.258711 0.913733 -0.313306
vn -0.148538 0.541142 -0.827709
vn 0.004932 0.613534 0.789653
vn -0.146212 0.765663 -0.626404
vn -0.213628 0.514742 -0.830304
vn -0.390117 0.748336 0.536471
vn -0.246724 0.745073 0.619673
vn -0.204331 0.754091 0.624176
vn -0.190964 0.619293 -0.761583
vn -0.324930 0.571404 0.753603
vn 0.073122 -0.765056 0.639799
vn -0.418993 -0.826469 -0.376023
vn -0.473507 -0.880750 0.008333
vn 0.031847 -0.746225 0.664931
vn 0.008384 -0.774102 -0.633006
vn 0.139124 -0.688540 -0.711728
vn -0.224317 -0.703626 -0.674235
vn -0.108599 -0.443990 0.889426
vn 0.008587 0.633124 0.774003
vn 0.363569 0.368278 0.855680
vn 0.160182 0.958103 0.237445
vn 0.023780 0.996172 0.084117
vn 0.549518 -0.064300 0.833004
vn 0.170467 -0.684490 -0.708812
vn -0.014020 -0.400359 0.916251
vn 0.538707 -0.640575 0.547228
vn -0.103679 -0.461503 -0.881059
vn -0.251074 0.587720 -0.769121
vn -0.001190 -0.983428 -0.181296
vn -0.685994 -0.404964 0.604497
vn -0.749712 0.573166 0.330775
vn -0.745758 -0.485181 -0.456557
vn -0.241786 0.596162 -0.765591
vn -0.271569 0.727659 0.629891
vn -0.012567 -0.429522 -0.902969
vn 0.014096 -0.614464 -0.788819
vn -0.357050 0.706233 -0.611351
vn 0.063659 0.911291 -0.406812
vn 0.878335 0.064867 0.473623
vn 0.834836 0.407602 0.370014
vn 0.842948 -0.482636 -0.237697
vn 0.850676 -0.524021 0.041861
vn 0.860554 -0.287636 0.420371
vn 0.961179 -0.153598 -0.229220
vn 0.644719 0.664936 -0.377091
vn -0.221990 -0.839310 -0.496266
vn -0.024654 -0.959398 0.280976
vn -0.390161 0.914056 -0.110802
vn -0.279092 0.507299 -0.815325
vn -0.208197 -0.295817 -0.932280
vn -0.577018 0.439363 0.688483
vn -0.430600 -0.654529 0.621431
vn -0.241603 0.954688 0.173776
vn -0.196562 0.715441 -0.670454
vn -0.128193 0.058743 -0.990008
vn -0.027993 0.241038 -0.970112
vn 0.018991 -0.249368 -0.968222
vn -0.066273 0.718696 -0.692159
vn 0.033573 -0.665398 -0.745733
vn 0.060559 -0.907796 -0.415017
vn -0.057460 0.997990 -0.026741
vn 0.072221 -0.991152 0.111363
vn 0.009565 -0.843962 0.536317
vn 0.062350 -0.980771 0.184932
vn 0.062109 -0.977482 -0.201673
vn 0.043917 -0.702979 -0.709853
vn 0.031643 -0.302840 -0.952516
vn -0.011484 0.181043 -0.983408
vn -0.065606 0.759131 -0.647623
vn -0.090128 0.995152 0.039358
vn -0.180435 0.724468 -0.665274
vn -0.224054 0.958221 0.177799
vn -0.099122 0.072794 -0.992409
vn 0.038364 -0.989488 -0.139431
vn -0.000460 -0.981067 0.193669
vn -0.000400 -0.686320 0.727300
vn -0.037339 0.992662 -0.115013
vn -0.102414 0.674416 -0.731215
vn -0.159960 -0.054926 -0.985594
vn -0.200082 0.210834 -0.956826
vn -0.150863 0.468585 -0.870442
vn -0.070877 -0.300523 -0.951137
vn -0.088837 0.288352 -0.953394
vn -0.049742 -0.160439 -0.985792
vn -0.020541 -0.556412 -0.830652
vn 0.030629 -0.822500 -0.567939
vn 0.084780 -0.995674 0.038016
vn 0.085632 -0.573021 0.815055
vn -0.110386 0.976326 -0.186017
vn 0.024441 -0.779976 -0.625332
vn 0.062298 -0.997925 -0.016292
vn 0.086817 -0.635016 0.767605
vn -0.099841 0.443098 -0.890896
vn -0.023779 -0.328901 -0.944065
vn -0.135488 0.975102 -0.175554
vn -0.018983 -0.759548 0.650174
vn -0.005580 -0.999942 -0.009227
vn 0.000927 -0.803106 -0.595835
vn -0.145426 0.406543 -0.901984
vn -0.108967 -0.378277 -0.919257
vn -0.126688 0.982450 -0.136901
vn -0.075844 -0.831119 0.550898
vn -0.076685 -0.994583 0.070178
vn -0.089827 -0.864286 -0.494915
vn -0.107309 0.385257 -0.916549
vn -0.115100 -0.437138 -0.891999
vn -0.094762 0.992302 -0.079731
vn -0.093266 0.593812 0.799180
vn -0.088551 0.482343 0.871495
vn -0.091174 -0.861648 0.499250
vn -0.106732 -0.987551 0.115550
vn -0.129891 -0.906731 -0.401206
vn -0.770209 -0.204803 -0.604015
vn -0.707184 -0.394055 -0.587036
vn -0.950110 0.265437 0.163813
vn -0.891778 -0.011237 0.452334
vn -0.774661 -0.610337 0.165494
vn -0.765428 -0.643014 0.025561
vn -0.735373 -0.619292 -0.275144
vn -0.061586 0.649750 0.757649
vn -0.066420 -0.075815 0.994907
vn 0.072701 -0.017236 0.997205
vn 0.056203 0.615516 0.786118
vn -0.010079 0.640808 0.767635
vn 0.072459 -0.059219 0.995612
vn -0.091140 0.655478 0.749695
vn -0.033524 -0.171280 0.984652
vn -0.077483 -0.311513 0.947078
vn -0.089528 -0.422494 0.901933
vn -0.786002 -0.489752 0.377286
vn -0.307303 0.369921 0.876768
vn -0.048990 0.602567 0.796564
vn -0.111020 0.662674 0.740633
vn -0.078953 -0.207068 0.975135
vn -0.024143 -0.301427 0.953184
vn 0.073345 -0.682615 -0.727088
vn -0.091971 -0.278657 -0.955977
vn -0.186546 -0.515386 -0.836408
vn -0.467538 -0.857409 0.215077
vn -0.407103 -0.814215 -0.413909
vn -0.012823 -0.901089 0.433444
vn 0.016552 0.189587 -0.981724
vn -0.079258 0.783312 -0.616555
vn -0.102436 0.986821 0.125266
vn 0.061770 -0.271059 -0.960579
vn -0.285623 -0.388258 0.876171
vn -0.241259 -0.377044 0.894222
vn -0.268871 0.399853 0.876257
vn -0.117423 -0.551868 -0.825623
vn -0.047122 -0.276613 -0.959825
vn -0.512801 -0.725816 -0.458504
vn -0.390043 -0.743289 0.543497
vn -0.572273 -0.788442 0.225527
vn -0.477730 -0.684057 0.551217
vn 0.580691 0.659783 -0.476953
vn 0.961736 0.074938 0.263531
vn -0.024974 0.463388 0.885804
vn -0.142537 0.711960 0.687602
vn -0.587320 -0.669467 0.454829
vn -0.618727 -0.662569 0.422113
vn -0.105590 -0.865530 -0.489599
vn 0.232765 -0.901592 -0.364626
vn 0.624697 0.647452 -0.436531
vn -0.093881 0.693077 0.714724
vn 0.400043 0.379657 0.834162
vn 0.947947 0.317462 0.024785
vn -0.054728 -0.573178 -0.817601
vn -0.148338 -0.515166 0.844156
vn -0.086059 -0.533315 0.841528
vn -0.008555 -0.576641 -0.816953
vn -0.120334 -0.960249 0.251875
vn -0.346354 -0.898532 -0.269590
vn -0.528063 -0.633829 0.565164
vn -0.109254 -0.342095 0.933292
vn -0.414723 0.202665 0.887091
vn -0.568349 0.052880 0.821086
vn -0.480656 -0.672505 0.562767
vn 0.010019 -0.587251 -0.809343
vn -0.037895 0.467230 -0.883323
vn -0.056143 0.551991 -0.831958
vn -0.057303 -0.570173 -0.819523
vn 0.011320 0.190911 0.981542
vn 0.585166 -0.720432 -0.372235
vn 0.819840 -0.546708 -0.170211
vn 0.435080 -0.882034 -0.180890
vn -0.024934 0.598272 -0.800905
vn 0.000999 -0.614839 -0.788652
vn -0.009462 -0.576993 0.816694
vn -0.014471 -0.806688 -0.590800
vn 0.616884 -0.602800 -0.506049
vn 0.691924 -0.422521 0.585420
vn 0.198339 -0.898428 -0.391776
vn 0.027518 0.581830 -0.812845
vn 0.058873 -0.528370 -0.846970
vn 0.153186 0.627202 -0.763644
vn 0.409752 0.879495 -0.242057
vn 0.390263 0.916628 -0.086535
vn 0.288588 0.728968 0.620744
vn 0.191711 0.662984 -0.723671
vn 0.116907 0.677806 -0.725887
vn 0.153275 0.519307 -0.840730
vn 0.400650 0.604789 0.688265
vn 0.413620 0.732879 0.540192
vn 0.174676 0.521946 -0.834902
vn 0.028025 0.997408 -0.066271
vn -0.109276 0.982410 0.151426
vn -0.068847 0.980530 0.183907
vn 0.133503 0.716270 0.684934
vn 0.076558 0.722233 0.687400
vn 0.055799 0.954467 -0.293052
vn 0.010917 0.971005 -0.238808
vn 0.190678 0.515990 -0.835102
vn -0.491028 -0.656737 0.572354
vn -0.037407 -0.614945 -0.787682
vn -0.083615 -0.475946 0.875491
vn 0.026822 -0.499208 0.866067
vn -0.039159 -0.617728 -0.785417
vn 0.389838 0.475396 -0.788686
vn 0.329136 0.470034 -0.818986
vn 0.419004 0.736058 0.531653
vn 0.387621 0.754622 0.529429
vn 0.343622 0.623902 -0.701904
vn -0.116627 -0.928193 -0.353349
vn -0.363035 0.499071 0.786850
vn -0.132120 0.419892 0.897906
vn 0.003771 0.550128 0.835072
vn 0.106569 0.589720 0.800545
vn 0.328135 0.941753 0.073683
vn 0.164873 0.976374 0.139681
vn 0.723949 0.482890 -0.492661
vn 0.340099 0.578475 -0.741417
vn 0.325041 0.724776 0.607494
vn 0.712584 0.560968 0.421354
vn 0.108291 -0.994007 0.014921
vn 0.077672 -0.995913 0.046081
vn 0.657731 -0.509696 -0.554616
vn 0.745698 0.500981 -0.439263
vn 0.735050 0.397491 0.549274
vn 0.596976 -0.618523 0.510929
vn 0.258924 0.676862 0.689069
vn 0.137075 -0.935152 0.326653
vn 0.010732 -0.638032 0.769935
vn 0.051500 -0.749719 -0.659749
vn 0.726456 -0.494220 -0.477502
vn 0.768614 0.451864 -0.452826
vn 0.707573 0.494898 0.504398
vn 0.702583 -0.484156 0.521508
vn -0.085690 0.961981 -0.259327
vn 0.327869 0.631846 -0.702334
vn 0.283015 0.954880 -0.090040
vn 0.198632 0.567522 0.799039
vn 0.249179 0.569316 0.783447
vn 0.312737 0.741453 -0.593669
vn 0.322424 0.750149 -0.577338
vn 0.256048 0.666521 0.700135
vn -0.007702 -0.691891 0.721961
vn 0.266797 0.669568 0.693179
vn 0.170400 -0.985176 -0.019789
vn 0.326521 -0.943155 -0.061992
vn 0.075213 -0.705951 -0.704256
vn 0.081537 0.587186 0.805335
vn 0.183215 0.768890 -0.612568
vn 0.360090 0.633236 -0.685089
vn 0.228952 -0.456353 0.859839
vn 0.324410 -0.740762 -0.588243
vn 0.771811 -0.635662 -0.015550
vn -0.445444 -0.651409 0.614204
vn 0.128278 -0.624987 0.770023
vn -0.081719 -0.656493 0.749892
vn -0.117284 -0.640864 0.758642
vn 0.737968 0.369739 -0.564532
vn 0.260320 0.913095 -0.313834
vn 0.147843 0.540928 -0.827973
vn -0.002388 0.613531 0.789667
vn 0.146228 0.765420 -0.626697
vn 0.213341 0.514377 -0.830603
vn 0.394417 0.747198 0.534911
vn 0.250598 0.744524 0.618777
vn 0.207979 0.753677 0.623471
vn 0.190798 0.618966 -0.761891
vn 0.329328 0.570707 0.752221
vn -0.072616 -0.764959 0.639972
vn 0.419665 -0.825841 -0.376654
vn 0.475268 -0.879812 0.007101
vn -0.030983 -0.746187 0.665015
vn -0.010750 -0.774087 -0.632988
vn -0.142491 -0.688317 -0.711278
vn 0.223427 -0.703577 -0.674582
vn 0.111262 -0.444047 0.889068
vn -0.004531 0.636145 0.771556
vn -0.363633 0.368109 0.855726
vn -0.159809 0.958072 0.237821
vn -0.022583 0.996173 0.084431
vn -0.550188 -0.063730 0.832605
vn -0.174030 -0.684192 -0.708234
vn 0.016133 -0.400362 0.916215
vn -0.540444 -0.638846 0.547536
vn 0.101701 -0.461550 -0.881265
vn 0.251238 0.587234 -0.769439
vn -0.023248 -0.988653 -0.148410
vn 0.689650 -0.404247 0.600805
vn 0.753259 0.570336 0.327593
vn 0.746410 -0.483989 -0.456758
vn 0.241914 0.595701 -0.765910
vn 0.275561 0.727039 0.628872
vn 0.009945 -0.429523 -0.903001
vn -0.016758 -0.614442 -0.788784
vn 0.358182 0.705311 -0.611753
vn -0.063784 0.911519 -0.406281
vn -0.871332 0.053512 0.487768
vn -0.824600 0.418047 0.381146
vn -0.862640 -0.463114 -0.203415
vn -0.868447 -0.493799 0.044302
vn -0.860417 -0.301067 0.411146
vn -0.956882 -0.193388 -0.216745
vn -0.661550 0.653119 -0.368494
vn 0.208965 -0.844768 -0.492646
vn 0.274256 -0.944851 0.179000
vn 0.401160 0.904600 -0.144119
vn 0.295029 0.516938 -0.803575
vn 0.196039 -0.295691 -0.934952
vn 0.890861 0.185380 0.414729
vn 0.375225 -0.604732 0.702500
vn 0.467249 -0.858288 0.212180
vn 0.405554 -0.813927 -0.415991
vn 0.273066 0.398392 0.875625
vn 0.227783 0.957790 0.175365
vn 0.182707 0.726313 -0.662636
vn 0.101163 0.076004 -0.991962
vn 0.242258 -0.376170 0.894319
vn 0.025794 0.240492 -0.970308
vn -0.022309 -0.250666 -0.967817
vn 0.065620 0.719636 -0.691243
vn -0.037669 -0.666471 -0.744579
vn -0.064601 -0.906582 -0.417056
vn 0.058704 0.997983 -0.024154
vn -0.074451 -0.991335 0.108223
vn 0.064508 0.648910 0.758125
vn 0.069402 -0.075407 0.994735
vn 0.001516 -0.686250 0.727364
vn 0.037930 0.992930 -0.112482
vn 0.100953 0.675555 -0.730365
vn 0.158759 -0.056280 -0.985712
vn 0.199190 0.208272 -0.957573
vn 0.149130 0.468357 -0.870863
vn 0.068430 -0.300477 -0.951331
vn 0.087645 0.287071 -0.953891
vn 0.047470 -0.161323 -0.985759
vn 0.015892 -0.556644 -0.830599
vn -0.035932 -0.821911 -0.568482
vn -0.087520 -0.995486 0.036714
vn -0.084549 -0.572741 0.815364
vn -0.070534 -0.016356 0.997375
vn -0.053299 0.615121 0.786629
vn 0.111317 0.976346 -0.185356
vn 0.013129 0.640815 0.767583
vn -0.070365 -0.058656 0.995795
vn -0.085745 -0.634908 0.767815
vn -0.026793 -0.779923 -0.625302
vn -0.063455 -0.997851 -0.016328
vn 0.098659 0.442719 -0.891216
vn 0.136770 0.974916 -0.175591
vn 0.094151 0.655297 0.749481
vn 0.036122 -0.171118 0.984588
vn 0.020122 -0.759515 0.650178
vn 0.004593 -0.999949 -0.009009
vn -0.003283 -0.802975 -0.596004
vn 0.021249 -0.328874 -0.944135
vn 0.144322 0.405872 -0.902463
vn 0.107206 -0.378683 -0.919297
vn 0.127912 0.982270 -0.137053
vn 0.096343 0.593625 0.798954
vn 0.077233 -0.831146 0.550665
vn 0.077072 -0.994537 0.070403
vn 0.089173 -0.864401 -0.494832
vn 0.105098 0.384628 -0.917069
vn 0.120907 -0.451369 -0.884108
vn 0.096266 0.992116 -0.080238
vn 0.092636 0.482201 0.871149
vn 0.080184 -0.311530 0.946847
vn 0.092360 -0.861810 0.498752
vn 0.092004 -0.422594 0.901637
vn 0.117384 -0.988060 0.099795
vn 0.145278 -0.905190 -0.399407
vn 0.806158 0.015577 -0.591495
vn 0.710827 -0.411210 -0.570641
vn 0.919366 0.384396 -0.083703
vn 0.897673 -0.028558 0.439736
vn 0.771016 -0.616667 0.158921
vn 0.789786 -0.497835 0.358327
vn 0.770122 -0.637851 0.007585
vn 0.744071 -0.606761 -0.279642
vn -0.076925 -0.682881 -0.726468
vn -0.039848 -0.989542 -0.138632
vn 0.000215 -0.981345 0.192256
vn 0.013169 -0.901876 0.431794
vn 0.026567 -0.301876 0.952977
vn 0.051865 0.602074 0.796754
vn 0.114753 -0.551975 -0.825927
vn 0.285690 -0.387131 0.876647
vn 0.311394 0.368216 0.876043
vn 0.245966 0.954089 0.170923
vn 0.199641 0.716943 -0.667934
vn 0.131033 0.061702 -0.989456
vn 0.046059 -0.279394 -0.959071
vn 0.009169 0.180499 -0.983532
vn 0.065322 0.759396 -0.647341
vn 0.091794 0.994970 0.040108
vn 0.113951 0.661939 0.740846
vn 0.081508 -0.207514 0.974830
vn -0.009674 -0.844398 0.535629
vn -0.063922 -0.981140 0.182421
vn -0.063636 -0.977122 -0.202937
vn -0.045793 -0.703588 -0.709132
vn -0.034209 -0.303737 -0.952141
vn -0.065773 -0.271095 -0.960303
vn -0.020531 0.191531 -0.981272
vn 0.077220 0.784326 -0.615524
vn 0.103743 0.986744 0.124795
vn 0.391380 -0.743639 0.542055
vn 0.091608 -0.281851 -0.955075
vn 0.184437 -0.515629 -0.836726
vn 0.511033 -0.725854 -0.460414
vn 0.571357 -0.789949 0.222556
vn 0.478458 -0.684470 0.550072
vn 0.001080 0.317280 -0.948331
vn 0.001894 0.419434 0.907784
vn 0.441048 0.894927 0.067693
vn 0.341905 0.839254 -0.422793
vn 0.154264 0.494606 -0.855317
vn 0.335164 0.650195 0.681844
vn 0.296517 0.692190 0.657990
vn 0.367290 0.796101 0.480958
vn 0.108689 0.347956 -0.931189
vn 0.367344 0.552470 0.748221
vn 0.253457 0.429913 0.866565
vn -0.437169 0.896983 0.065606
vn -0.327226 0.837315 -0.437981
vn -0.363450 0.799618 0.478032
vn -0.151570 0.490589 -0.858108
vn -0.122861 0.346013 -0.930151
vn -0.369344 0.552463 0.747242
vn -0.333796 0.650070 0.682634
vn -0.293609 0.694479 0.656881
vn -0.251977 0.430367 0.866771
vn -0.001433 -0.747863 -0.663851
vn 0.004189 -0.423506 -0.905884
vn -0.000501 -0.530911 0.847427
vn -0.000465 -0.212252 0.977215
vn -0.000333 -0.164844 0.986320
vn 0.003469 0.206603 0.978419
vn 0.004641 0.105270 0.994433
vn 0.001520 0.435114 0.900374
vn 0.000897 0.459600 0.888126
vn 0.000056 -0.204203 -0.978929
vn 0.002533 -0.303771 -0.952742
vn 0.001344 -0.210295 -0.977637
vn 0.000184 -0.085778 -0.996314
vn 0.005053 0.157488 0.987508
vn 0.000957 0.195181 -0.980767
vn 0.000038 -0.086745 0.996231
vn -0.000000 0.114207 -0.993457
vn 0.002243 0.099484 0.995037
vn 0.000538 -0.008149 0.999967
vn 0.000000 -0.101620 -0.994823
vn 0.000027 -0.084376 0.996434
vn 0.000000 -0.000839 -1.000000
vn 0.000197 -0.994382 0.105847
vn 0.000123 -0.926929 0.375235
vn -0.000315 -0.892432 0.451181
vn 0.000100 0.105609 -0.994408
vn 0.003028 -0.130248 -0.991477
vn -0.000072 -0.164903 0.986310
vn 0.000582 0.016358 -0.999866
vn -0.004194 -0.900394 -0.435055
vn -0.000723 -0.784855 0.619680
vn -0.001059 -0.966457 -0.256827
vn 0.381632 -0.341465 0.858929
vn 0.790688 -0.231285 0.566850
vn 0.825791 -0.392250 0.405228
vn 0.251190 -0.253835 -0.934062
vn -0.169003 -0.601948 -0.780446
vn -0.053122 -0.440154 -0.896350
vn -0.460504 -0.802086 -0.380256
vn 0.239114 -0.514782 0.823301
vn 0.249338 -0.685629 0.683918
vn 0.061941 -0.267490 0.961568
vn 0.024731 -0.366762 0.929986
vn -0.468985 -0.117714 0.875326
vn 0.257210 -0.245974 0.934527
vn 0.209484 -0.203817 0.956334
vn 0.989760 -0.040025 -0.137013
vn 0.878327 -0.060500 0.474216
vn 0.756616 -0.047662 -0.652120
vn 0.810071 0.130145 -0.571706
vn 0.336765 -0.213395 -0.917089
vn 0.251180 -0.327874 -0.910718
vn 0.821367 -0.251638 -0.511893
vn 0.903328 -0.375028 0.208211
vn 0.561007 0.014437 0.827685
vn 0.878558 -0.075531 0.471625
vn 0.990817 0.119916 -0.062466
vn 0.982358 -0.182075 0.042678
vn 0.414782 0.006281 0.909899
vn 0.213474 0.433053 0.875725
vn 0.702854 -0.127540 0.699807
vn 0.287984 0.461893 0.838880
vn 0.211508 0.485815 0.848085
vn 0.066744 0.461843 0.884447
vn 0.305154 0.570737 0.762326
vn 0.221138 0.775060 -0.591929
vn 0.263727 0.957505 0.116757
vn 0.311181 0.947605 0.072191
vn 0.248764 0.839522 -0.483031
vn 0.219884 -0.223642 -0.949545
vn 0.199045 -0.104850 -0.974365
vn 0.162376 0.387735 -0.907357
vn 0.186801 0.206686 -0.960409
vn 0.066009 -0.078786 -0.994704
vn 0.052478 -0.211635 -0.975939
vn 0.053205 -0.301883 -0.951859
vn 0.013718 -0.195897 -0.980529
vn 0.298491 0.239876 0.923776
vn 0.447326 0.231507 0.863889
vn 0.553668 0.268966 0.788105
vn 0.422320 0.380474 0.822731
vn 0.311263 0.636319 0.705843
vn 0.292016 0.783908 0.547918
vn 0.221750 -0.151600 -0.963247
vn 0.099621 0.222236 -0.969890
vn 0.153550 0.012705 -0.988059
vn 0.343440 -0.261593 -0.902008
vn 0.450790 -0.319616 -0.833447
vn 0.689933 -0.443509 -0.572094
vn 0.285631 0.614123 0.735709
vn 0.370677 0.514767 0.773054
vn 0.316426 0.612645 0.724252
vn 0.839677 0.122053 0.529193
vn 0.500275 0.044615 0.864717
vn 0.381555 0.125779 -0.915749
vn 0.064819 0.111408 -0.991659
vn 0.215621 0.074455 0.973634
vn 0.275401 0.005115 0.961316
vn 0.582470 0.008555 0.812807
vn 0.876860 -0.022450 0.480221
vn 0.996314 -0.084151 -0.016644
vn 0.825568 -0.172793 -0.537197
vn 0.385358 -0.176685 -0.905694
vn 0.035286 -0.123934 -0.991663
vn 0.557176 0.047610 0.829029
vn 0.849334 0.105390 0.517227
vn 0.993720 0.100892 -0.048386
vn 0.811868 0.051978 -0.581522
vn 0.393932 0.009587 -0.919090
vn 0.051646 0.000041 -0.998665
vn 0.259676 -0.081290 0.962268
vn 0.993192 -0.018413 -0.115028
vn 0.311987 -0.212106 -0.926107
vn 0.782340 -0.047501 -0.621038
vn -0.214031 -0.725747 -0.653821
vn -0.152645 -0.398838 -0.904228
vn -0.716295 -0.697157 0.029895
vn -0.570011 -0.616402 0.543265
vn 0.276739 -0.048737 0.959708
vn 0.294564 -0.035810 0.954960
vn 0.866382 -0.028249 0.498583
vn 0.273660 -0.075693 0.958844
vn -0.273315 -0.260025 0.926113
vn 0.179483 -0.799697 0.572950
vn 0.003756 -0.870687 0.491823
vn 0.822561 0.129639 -0.553703
vn 0.395347 0.106036 -0.912391
vn 0.089773 0.081446 -0.992626
vn 0.990461 0.114039 -0.077349
vn 0.991526 0.105471 -0.075847
vn 0.828980 0.062492 -0.555776
vn 0.414335 -0.008416 -0.910085
vn 0.074097 -0.057570 -0.995588
vn -0.067958 -0.106547 -0.991983
vn 0.241360 -0.138902 0.960443
vn 0.853913 0.058455 0.517122
vn 0.458789 -0.037156 0.887768
vn 0.382010 -0.082818 0.920440
vn 0.846034 0.049404 0.530834
vn 0.040449 0.021194 -0.998957
vn -0.269609 -0.861166 -0.430935
vn 0.808042 -0.171724 0.563542
vn 0.495788 0.025946 0.868056
vn 0.115742 0.146961 0.982347
vn 0.115546 0.193821 0.974209
vn 0.124499 0.096457 0.987520
vn 0.216577 0.147454 0.965066
vn 0.199387 0.076088 0.976962
vn 0.125160 0.449406 0.884516
vn 0.136843 0.342355 0.929552
vn 0.201867 0.190336 0.960740
vn 0.180468 0.129951 0.974958
vn 0.526080 0.087051 0.845968
vn 0.871521 -0.101170 0.479809
vn 0.965446 -0.253782 0.059236
vn 0.785504 -0.317587 -0.531151
vn 0.297847 -0.274054 -0.914430
vn 0.033147 -0.276296 -0.960501
vn 0.001333 -0.300840 -0.953674
vn 0.004381 0.076603 0.997052
vn 0.004505 0.131309 0.991331
vn 0.103344 0.158873 0.981875
vn -0.259920 -0.305052 0.916180
vn -0.086863 -0.570999 0.816342
vn -0.825339 -0.175519 -0.536664
vn -0.296569 -0.274960 -0.914573
vn -0.783909 -0.316547 -0.534121
vn -0.996210 -0.086140 -0.012029
vn -0.966164 -0.250992 0.059420
vn -0.220751 0.775453 -0.591559
vn -0.265639 0.956990 0.116646
vn -0.311031 0.947920 0.068611
vn -0.240264 0.840641 -0.485382
vn -0.198676 -0.108996 -0.973985
vn -0.152868 0.019263 -0.988059
vn -0.187591 0.207740 -0.960028
vn -0.152680 0.394550 -0.906101
vn -0.032292 -0.277840 -0.960084
vn -0.293885 0.787024 0.542424
vn -0.225115 -0.148258 -0.962986
vn -0.344615 -0.263603 -0.900974
vn -0.876377 -0.023264 0.481064
vn -0.274829 0.004639 0.961482
vn -0.582636 0.008010 0.812693
vn -0.251522 -0.327020 -0.910931
vn -0.051819 -0.302168 -0.951845
vn -0.382327 -0.177357 -0.906847
vn -0.035200 -0.123962 -0.991662
vn -0.013539 -0.196116 -0.980487
vn -0.334197 -0.213854 -0.917921
vn -0.820029 -0.250767 -0.514459
vn -0.982673 -0.179970 0.044336
vn -0.878098 -0.075676 0.472459
vn -0.562178 0.011421 0.826937
vn -0.213685 0.071367 0.974292
vn -0.556534 0.049354 0.829357
vn -0.849425 0.106020 0.516949
vn -0.994177 0.097841 -0.045165
vn -0.812900 0.047469 -0.580466
vn -0.392390 0.007799 -0.919766
vn -0.051596 0.000008 -0.998668
vn -0.275251 -0.048420 0.960152
vn -0.293441 -0.035002 0.955336
vn -0.500426 0.045452 0.864586
vn -0.840561 0.122487 0.527688
vn -0.990887 0.119669 -0.061821
vn -0.809829 0.130307 -0.572011
vn -0.380571 0.126030 -0.916124
vn -0.064807 0.111398 -0.991660
vn -0.689350 -0.442887 -0.573278
vn -0.821781 0.130149 -0.554741
vn -0.393763 0.106199 -0.913057
vn -0.313100 -0.212204 -0.925709
vn -0.413513 -0.008668 -0.910457
vn -0.828645 0.061628 -0.556371
vn -0.782399 -0.048035 -0.620922
vn -0.459753 -0.038750 0.887201
vn -0.854686 0.057693 0.515929
vn -0.990476 0.114333 -0.076714
vn -0.271210 -0.075196 0.959578
vn -0.212371 -0.206713 0.955075
vn -0.241275 -0.139879 0.960323
vn -0.255357 -0.248410 0.934390
vn -0.142091 -0.410066 0.900919
vn -0.381687 -0.083997 0.920467
vn -0.991639 0.104917 -0.075127
vn -0.993259 -0.018613 -0.114414
vn -0.865646 -0.028131 0.499865
vn -0.846030 0.048823 0.530895
vn -0.075121 -0.056250 -0.995587
vn 0.067936 -0.462895 -0.883806
vn -0.089918 0.081627 -0.992599
vn -0.040052 0.021380 -0.998969
vn 0.070030 -0.104508 -0.992055
vn 0.159386 -0.436377 -0.885535
vn 0.274956 -0.258072 0.926174
vn -0.006335 -0.720133 0.693807
vn 0.109304 -0.787538 0.606495
vn 0.273026 -0.793727 0.543557
vn 0.203182 -0.696339 -0.688352
vn 0.327981 -0.846888 -0.418580
vn -0.063503 -0.080789 -0.994706
vn -0.107711 0.223297 -0.968781
vn -0.306385 0.570524 0.761991
vn -0.285537 0.614115 0.735753
vn -0.314707 0.611176 0.726239
vn -0.219987 -0.225598 -0.949058
vn -0.450399 -0.321675 -0.832866
vn -0.051081 -0.211570 -0.976027
vn -0.903422 -0.374086 0.209496
vn -0.315018 0.638215 0.702457
vn -0.423948 0.381661 0.821342
vn -0.382027 -0.341637 0.858685
vn -0.288261 0.461369 0.839074
vn -0.790289 -0.231445 0.567341
vn -0.527634 0.085404 0.845168
vn -0.871647 -0.099903 0.479844
vn -0.496249 0.028421 0.867715
vn -0.809361 -0.171187 0.561810
vn -0.112353 0.146977 0.982738
vn -0.372049 0.513856 0.773002
vn -0.554251 0.270306 0.787236
vn -0.825200 -0.392655 0.406039
vn -0.210822 0.485642 0.848355
vn -0.213519 0.433739 0.875374
vn -0.064211 0.461622 0.884750
vn -0.122965 0.450792 0.884119
vn -0.213352 0.150561 0.965304
vn -0.120898 0.096337 0.987979
vn -0.111246 0.195035 0.974467
vn -0.135117 0.342715 0.929672
vn -0.447953 0.232238 0.863367
vn -0.298424 0.241597 0.923349
vn -0.704292 -0.126380 0.698571
vn -0.414284 0.010177 0.910091
vn -0.197954 0.078605 0.977054
vn -0.202885 0.190691 0.960456
vn -0.175698 0.129255 0.975922
vn -0.095950 0.160618 0.982342
vn -0.000898 -0.856062 0.516872
vn 0.003260 0.327293 0.944917
vn -0.534373 0.044274 -0.844089
vn -0.618089 0.161840 -0.769269
vn -0.625527 0.220389 -0.748428
vn -0.629487 0.169017 -0.758406
vn -0.592614 -0.001058 -0.805486
vn -0.495982 -0.111867 -0.861097
vn -0.944474 -0.019950 0.327981
vn -0.998937 -0.022160 -0.040427
vn -0.988290 -0.054984 -0.142333
vn -0.963653 -0.045925 0.263179
vn -0.189884 -0.097803 0.976923
vn 0.532007 -0.092455 0.841677
vn 0.596768 -0.099340 0.796241
vn -0.059288 -0.097399 0.993478
vn 0.432874 -0.000337 -0.901455
vn 0.276683 0.244022 -0.929462
vn 0.341080 0.205482 -0.917301
vn 0.264621 0.148001 -0.952928
vn 0.504426 -0.123106 -0.854634
vn 0.928815 0.094721 -0.358233
vn 0.875605 0.157469 -0.456639
vn 0.818603 0.108066 -0.564102
vn 0.962626 -0.046645 -0.266787
vn 0.968315 -0.117477 -0.220373
vn 0.900677 -0.014829 0.434237
vn 0.913314 0.009782 0.407138
vn 0.684707 -0.027176 0.728312
vn 0.649753 -0.033836 0.759392
vn 0.957579 -0.026590 0.286941
vn 0.744344 -0.110826 0.658536
vn -0.784503 -0.064181 0.616795
vn -0.741289 -0.040070 0.669988
vn 0.087037 -0.029865 0.995757
vn 0.219429 -0.052152 0.974234
vn 0.295765 -0.159560 0.941840
vn -0.664386 -0.003704 0.747381
vn -0.905876 0.003344 0.423529
vn -0.893098 0.029742 0.448877
vn -0.991369 0.072750 0.109064
vn -0.998246 0.023093 0.054505
vn -0.597422 -0.029068 0.801400
vn -0.597847 -0.108437 0.794242
vn -0.995821 0.064940 0.064218
vn -0.930252 -0.006798 0.366859
vn -0.982515 -0.081258 -0.167515
vn -0.953885 -0.144326 0.263197
vn -0.592598 -0.233467 0.770922
vn -0.954075 -0.181889 0.238029
vn -0.739981 -0.181368 0.647715
vn -0.936259 -0.140792 -0.321864
vn -0.734087 -0.269776 0.623167
vn -0.965286 -0.184369 0.185018
vn 0.276906 -0.140379 0.950588
vn 0.765897 -0.029275 0.642297
vn 0.836292 -0.116396 0.535787
vn 0.114184 -0.225032 0.967638
vn 0.196286 -0.272647 0.941879
vn 0.898604 -0.107839 0.425302
vn 0.998944 0.002208 -0.045888
vn 0.986342 -0.018616 -0.163652
vn 0.993344 -0.021124 0.113229
vn 0.234645 0.090310 -0.967877
vn 0.753150 0.068916 -0.654229
vn 0.177931 0.031588 -0.983536
vn 0.701632 0.049538 -0.710816
vn 0.681298 0.007109 -0.731972
vn 0.128504 -0.004842 -0.991697
vn 0.216762 -0.235258 -0.947453
vn -0.236180 -0.541363 -0.806936
vn -0.547813 -0.722827 -0.421215
vn -0.461285 -0.033219 -0.886630
vn -0.507437 -0.012505 -0.861598
vn -0.947830 -0.086067 -0.306939
vn 0.344529 -0.209554 0.915088
vn -0.571887 -0.213629 0.792027
vn -0.480440 -0.132714 0.866928
vn 0.297924 -0.133191 0.945252
vn 0.744894 -0.048413 -0.665424
vn -0.363607 -0.109654 -0.925076
vn -0.970299 -0.060762 -0.234153
vn -0.976801 -0.044851 0.209400
vn -0.283493 -0.017206 -0.958820
vn -0.966451 -0.043897 -0.253072
vn -0.985434 -0.033497 0.166727
vn -0.981087 -0.038675 -0.189666
vn -0.987804 0.008623 0.155463
vn -0.313850 0.101285 -0.944055
vn -0.382635 0.235119 -0.893481
vn -0.991032 0.010852 -0.133180
vn -0.989153 0.064836 0.131806
vn -0.992525 0.065744 0.102816
vn -0.995148 0.049845 -0.084824
vn -0.967257 -0.250130 -0.042992
vn -0.940798 -0.337283 0.033741
vn -0.441395 0.117061 -0.889644
vn -0.477583 -0.544533 -0.689491
vn -0.324459 -0.933700 -0.151430
vn -0.531567 -0.846699 -0.023176
vn -0.632075 -0.774588 0.022267
vn -0.872626 -0.488304 -0.009149
vn -0.391094 -0.913137 -0.115005
vn -0.990190 0.129646 0.052114
vn -0.980547 0.119039 0.156070
vn -0.811104 -0.562580 -0.160041
vn -0.667039 -0.724572 -0.173360
vn -0.685188 0.723104 0.087397
vn -0.856295 0.470095 0.213937
vn -0.886847 0.305527 0.346634
vn -0.848248 0.160935 0.504555
vn -0.847754 0.023222 0.529881
vn -0.824960 -0.030946 0.564343
vn -0.297330 -0.008420 0.954738
vn 0.495292 -0.002613 0.868723
vn 0.889386 -0.045385 0.454898
vn 0.918803 0.036230 0.393051
vn 0.495252 0.149485 0.855792
vn 0.467239 0.439788 0.766990
vn 0.929828 0.229194 0.287907
vn -0.332953 0.126717 0.934390
vn -0.349203 0.404252 0.845362
vn 0.364122 0.721821 0.588549
vn -0.428513 0.669270 0.607005
vn 0.815990 0.460475 0.349462
vn 0.699027 0.654795 0.287411
vn 0.252498 0.859632 0.444160
vn 0.111615 0.955030 0.274701
vn 0.426753 0.874601 0.230120
vn -0.461902 0.787287 0.408444
vn 0.895018 0.429902 0.118859
vn 0.658265 0.742455 0.124288
vn -0.263331 0.923114 0.280211
vn 0.863754 0.501848 -0.045581
vn 0.984074 0.168773 -0.055797
vn 0.827381 -0.517407 -0.218471
vn 0.611648 -0.772357 -0.171324
vn 0.110449 -0.992783 -0.046724
vn 0.031200 -0.997746 0.059414
vn 0.136383 -0.989060 0.056217
vn -0.243970 -0.969781 0.001596
vn -0.294087 -0.917797 -0.266761
vn -0.172325 -0.961944 -0.212055
vn 0.150699 -0.959725 -0.237104
vn -0.182797 -0.976421 -0.114840
vn -0.194730 -0.980833 -0.006830
vn 0.302261 -0.942050 -0.145535
vn 0.895317 -0.429819 -0.116893
vn 0.323525 -0.943234 -0.075105
vn 0.996122 0.079566 -0.037545
vn 0.962970 0.257452 0.080045
vn 0.732013 0.217564 -0.645618
vn 0.948216 0.182818 -0.259737
vn 0.969680 0.067307 -0.234928
vn 0.751196 0.081239 -0.655060
vn 0.703582 0.103911 -0.702976
vn 0.949167 0.075267 -0.305642
vn 0.943411 -0.052109 -0.327507
vn 0.634501 -0.020899 -0.772639
vn 0.567501 -0.103536 -0.816837
vn 0.955902 -0.104126 -0.274609
vn 0.666750 -0.485951 -0.565063
vn 0.874422 -0.085834 0.477513
vn 0.895510 -0.096013 0.434561
vn 0.987840 -0.049935 -0.147234
vn -0.964309 -0.165396 0.206764
vn 0.914413 -0.132328 0.382542
vn -0.859789 -0.099433 -0.500875
vn -0.556245 -0.047280 -0.829672
vn 0.014104 -0.001697 -0.999899
vn 0.983486 -0.071023 -0.166468
vn 0.707542 -0.016275 -0.706484
vn -0.978206 -0.137961 -0.155180
vn -0.792163 -0.610309 0.000650
vn -0.689702 -0.519161 0.504761
vn -0.072301 -0.921687 0.381138
vn -0.044989 0.846147 0.531047
vn -0.650793 0.718584 0.245165
vn -0.449286 -0.888140 0.096695
vn 0.493429 0.806950 0.324591
vn -0.028333 -0.994717 0.098664
vn 0.445611 -0.892257 -0.072859
vn 0.798368 0.595439 0.089790
vn 0.631805 0.708993 0.313293
vn 0.389148 -0.893181 0.225371
vn -0.144589 0.911556 0.384914
vn -0.224977 -0.918902 0.324044
vn 0.050215 0.014977 -0.998626
vn 0.714971 -0.001014 -0.699154
vn 0.986868 -0.046478 -0.154699
vn 0.929128 -0.134170 0.344556
vn 0.362923 -0.273988 0.890628
vn -0.645898 -0.279962 0.710238
vn -0.883817 -0.075086 -0.461768
vn -0.578432 -0.029378 -0.815201
vn -0.978121 -0.179178 0.105714
vn -0.975264 -0.116427 -0.187896
vn 0.083498 0.004239 -0.996499
vn 0.693715 -0.013667 -0.720120
vn 0.984974 -0.021548 -0.171355
vn 0.924557 -0.093559 0.369381
vn 0.307216 -0.280006 0.909514
vn -0.691533 -0.327493 0.643840
vn -0.972924 -0.212341 0.091265
vn -0.942392 -0.092756 -0.321392
vn -0.566101 -0.001568 -0.824334
vn 0.885937 -0.076728 0.457415
vn 0.885331 -0.421812 -0.195610
vn 0.187725 -0.965161 -0.182274
vn -0.226045 -0.972627 0.053855
vn 0.485448 -0.786188 -0.382424
vn 0.583080 0.812356 -0.009741
vn -0.576599 0.803106 0.150182
vn -0.374611 -0.894892 -0.242559
vn 0.262649 -0.894566 0.361618
vn 0.380988 0.779608 0.497052
vn -0.345671 0.782174 0.518378
vn -0.335954 -0.863427 0.376337
vn -0.581746 -0.805170 -0.115209
vn -0.529900 0.835726 0.144112
vn 0.579852 -0.795357 -0.176576
vn 0.650519 0.753776 0.092993
vn -0.538266 -0.422593 0.729167
vn -0.335276 0.929233 0.155293
vn 0.348830 -0.488113 0.800039
vn 0.221408 0.960966 0.165901
vn -0.406612 0.875350 0.261590
vn -0.714227 -0.685577 -0.140941
vn 0.409379 -0.881654 -0.234721
vn 0.642632 0.746564 0.172238
vn -0.170393 0.895979 0.410107
vn -0.548243 -0.270348 0.791417
vn 0.297006 -0.434487 0.850299
vn 0.281384 0.888263 0.363059
vn -0.483535 0.861126 0.157024
vn -0.654746 -0.736751 -0.168833
vn 0.535832 -0.827263 -0.168878
vn 0.512189 0.844021 0.159033
vn -0.292806 0.923678 0.247150
vn -0.615775 -0.148179 0.773863
vn 0.391055 -0.275993 0.878011
vn 0.184609 0.958025 0.219335
vn -0.362221 0.923536 0.126006
vn -0.769285 -0.625841 -0.128542
vn 0.294206 -0.953194 -0.069748
vn 0.700430 0.704274 0.115743
vn -0.524944 0.624516 0.578285
vn -0.704399 -0.576541 0.414032
vn 0.021144 -0.875571 0.482627
vn 0.313441 0.643222 0.698584
vn 0.165438 -0.118906 0.979026
vn -0.270664 -0.855974 0.440509
vn -0.408479 0.758391 0.507926
vn 0.090036 0.829722 0.550867
vn 0.333986 -0.896048 0.292492
vn 0.795282 0.573944 0.195230
vn 0.517763 -0.828263 0.214249
vn 0.249340 0.890295 0.381056
vn -0.043181 -0.912089 0.407713
vn -0.320998 -0.909267 -0.264940
vn -0.765556 -0.577259 -0.284071
vn -0.982182 0.117758 -0.146465
vn 0.984648 -0.016056 -0.173810
vn 0.987770 -0.147340 -0.050998
vn 0.975931 -0.214780 0.037790
vn 0.432347 -0.215381 0.875607
vn -0.754024 -0.013053 0.656717
vn -0.968679 0.248081 -0.010806
vn -0.088192 -0.068057 0.993776
vn 0.952176 -0.254017 0.169813
vn 0.999492 0.014968 -0.028154
vn 0.449069 0.717998 0.531804
vn -0.578008 0.649262 0.494334
vn -0.973566 0.228382 -0.003257
vn -0.223604 -0.051085 0.973341
vn 0.923173 -0.232384 0.306185
vn 0.988060 -0.108197 -0.109685
vn 0.482184 0.533518 0.694879
vn -0.499190 0.594441 0.630436
vn -0.974738 0.213802 0.064613
vn -0.829853 0.063037 0.554410
vn 0.505361 -0.170308 0.845934
vn 0.993409 -0.090633 -0.070178
vn 0.584622 0.562922 0.584239
vn -0.647072 0.534689 0.543512
vn -0.997155 0.062598 0.041992
vn -0.759694 -0.028144 0.649672
vn 0.285626 -0.232036 0.929826
vn 0.947607 -0.115836 -0.297695
vn 0.614322 -0.181798 0.767827
vn -0.618911 -0.129041 0.774788
vn -0.986362 -0.164591 -0.000060
vn -0.982100 -0.158611 0.101594
vn -0.985640 0.036504 -0.164867
vn -0.469258 -0.881814 -0.046906
vn -0.991437 -0.065760 0.112823
vn -0.514366 0.836609 0.188449
vn 0.556524 0.818503 0.142596
vn 0.992581 -0.119597 0.021907
vn 0.448689 -0.889353 -0.087917
vn 0.977216 -0.209157 -0.036085
vn 0.508531 0.851632 0.126958
vn -0.638236 0.736785 0.223166
vn -0.955308 -0.259316 0.141920
vn -0.314443 -0.949118 -0.017321
vn 0.432186 -0.897704 -0.085692
vn 0.570103 -0.812503 0.121745
vn 0.991169 0.121626 0.052825
vn 0.492715 0.859865 0.133658
vn -0.485308 0.860670 0.154023
vn -0.972753 0.195544 0.124558
vn -0.676076 -0.716671 0.171184
vn -0.990447 0.032593 0.133990
vn -0.590256 0.778797 0.212303
vn 0.636998 0.722435 0.268925
vn 0.986668 -0.162357 0.011207
vn 0.643642 -0.748249 -0.160775
vn -0.484196 -0.874921 -0.008243
vn -0.189940 0.918858 0.345867
vn -0.083913 0.946553 0.311443
vn 0.439437 -0.879167 0.184286
vn 0.978957 0.131162 0.156333
vn 0.498357 0.834388 0.235452
vn -0.336152 0.889834 0.308541
vn -0.928356 0.323097 0.183748
vn -0.752262 -0.632687 0.183871
vn 0.452095 -0.874093 -0.177681
vn 0.979469 -0.189526 -0.068698
vn 0.706280 0.698166 0.117187
vn -0.433818 0.873565 0.220650
vn -0.979665 0.155966 0.126219
vn -0.671896 -0.737356 -0.069724
vn 0.595302 -0.786575 0.164057
vn 0.951065 0.288470 0.110725
vn 0.357546 0.924385 0.132939
vn -0.465161 0.876401 0.124688
vn -0.943438 0.312145 0.111756
vn -0.736238 -0.647037 0.198233
vn 0.617289 0.758110 0.210294
vn 0.469691 0.847238 0.248150
vn -0.981070 0.102768 0.164134
vn -0.763480 -0.645332 0.025382
vn 0.296816 -0.953874 -0.045008
vn 0.971962 -0.200974 0.122062
vn 0.591742 0.776633 0.216060
vn -0.559170 0.805316 0.196963
vn -0.974583 0.212177 0.071890
vn -0.435813 0.882031 0.179133
vn 0.665364 0.740797 0.092258
vn 0.984341 -0.160339 -0.073242
vn 0.491710 -0.865671 -0.093993
vn -0.656539 -0.753476 -0.035085
vn 0.978208 -0.207591 0.003761
vn 0.631027 0.771246 0.083577
vn -0.460669 0.882703 0.092839
vn -0.983873 0.172709 0.046541
vn -0.738599 -0.667245 -0.096205
vn 0.296363 -0.945837 -0.132515
vn 0.218822 -0.941734 0.255450
vn -0.060231 -0.962273 0.265336
vn 0.235561 -0.960526 0.147991
vn 0.043904 -0.972562 0.228462
vn -0.782499 0.616171 0.089601
vn -0.376053 0.878954 0.293298
vn 0.163006 0.927654 0.335986
vn 0.534299 0.812791 0.232152
vn 0.780298 0.622299 0.062274
vn 0.913729 0.397569 -0.083892
vn 0.976893 0.089654 -0.194015
vn 0.697850 -0.653268 -0.293678
vn 0.052955 -0.978754 -0.198082
vn -0.060011 -0.981888 -0.179706
vn -0.082942 -0.970331 -0.227108
vn 0.001115 0.590334 -0.807158
vn 0.002288 0.244513 0.969643
vn 0.000240 -0.087009 0.996207
vn -0.010314 0.495130 -0.868758
vn -0.007799 0.715401 -0.698671
vn 0.637566 0.436368 0.634896
vn 0.556146 0.533776 0.637012
vn 0.551546 0.670661 0.495995
vn 0.575639 0.814392 0.073522
vn 0.469654 0.796208 -0.381416
vn 0.295871 0.702582 -0.647177
vn 0.170358 0.617777 -0.767678
vn 0.321421 0.295264 0.899727
vn 0.821300 0.417788 0.388484
vn 0.832496 0.194823 0.518647
vn 0.835355 0.154116 0.527664
vn 0.479195 -0.030108 0.877192
vn 0.790106 0.042069 0.611525
vn 0.952839 0.110493 0.282648
vn 0.868460 0.411814 -0.276018
vn 0.549568 0.470037 -0.690681
vn 0.763817 0.645272 -0.014398
vn 0.632725 0.682985 -0.364952
vn 0.438897 0.696309 -0.567911
vn 0.594435 0.328606 0.733938
vn -0.638934 0.436999 0.633084
vn -0.556828 0.534233 0.636033
vn -0.832452 0.194761 0.518741
vn -0.836258 0.155272 0.525893
vn -0.552510 0.671135 0.494278
vn -0.823962 0.413324 0.387620
vn -0.768556 0.639585 -0.015895
vn -0.575368 0.814678 0.072468
vn -0.454532 0.793429 -0.404810
vn -0.292146 0.692084 -0.660053
vn -0.430171 0.693636 -0.577774
vn -0.617635 0.686125 -0.384395
vn -0.184132 0.618266 -0.764096
vn -0.863932 0.413775 -0.287072
vn -0.541027 0.470495 -0.697083
vn -0.594977 0.331337 0.732269
vn -0.790074 0.044099 0.611423
vn -0.952743 0.107501 0.284121
vn -0.318679 0.297642 0.899918
vn -0.477446 -0.028193 0.878209
vn 0.177109 0.166128 0.970069
vn 0.263955 0.337034 0.903734
vn -0.080765 0.367861 0.926367
vn -0.140903 0.188200 0.971971
vn 0.343703 0.059562 0.937188
vn 0.056343 0.167276 0.984299
vn -0.000000 0.464372 0.885640
vn -0.000000 0.195204 0.980763
vn 0.144926 0.030814 0.988963
vn -0.084719 -0.084978 0.992775
vn 0.628957 0.121842 0.767833
vn 0.626371 0.339009 0.701948
vn 0.296985 -0.624303 0.722528
vn 0.162036 -0.486292 0.858641
vn 0.000000 0.303959 0.952685
vn 0.659892 0.079890 0.747101
vn 0.000000 -0.160649 0.987012
vn 0.000000 -0.432638 0.901568
vn 0.000000 -0.975014 0.222142
vn -0.000000 -0.752238 -0.658891
vn 0.000000 0.266206 -0.963916
vn 0.000000 0.902454 -0.430786
vn 0.000000 0.879771 0.475399
vn -0.000000 0.467210 0.884146
vn 0.000000 -0.043739 0.999043
vn -0.000000 -0.310316 0.950633
vn 0.000000 -0.040199 0.999192
vn 0.000000 0.241369 0.970434
vn 0.000000 0.610181 0.792262
vn 0.000000 0.191744 0.981445
vn 0.000000 -0.549888 0.835239
vn 0.000000 -0.910989 0.412430
vn 0.000000 -0.986184 -0.165655
vn -0.000000 -0.975695 -0.219134
vn 0.000000 -0.985999 -0.166754
vn -0.000000 -0.819359 0.573281
vn -0.000001 -0.185143 0.982712
vn -0.009508 0.283907 -0.958805
vn 0.006587 0.216051 -0.976360
vn 0.029471 -0.131506 -0.990877
vn 0.039526 -0.124619 -0.991417
vn 0.038818 0.175249 -0.983759
vn 0.040140 0.355274 -0.933900
vn 0.041687 0.601811 -0.797550
vn 0.040123 0.778673 -0.626146
vn 0.053343 0.874067 -0.482868
vn 0.076197 0.986120 -0.147520
vn 0.089553 0.959037 0.268752
vn 0.111823 0.862514 0.493523
vn 0.099314 0.760183 0.642073
vn 0.069647 0.640216 0.765031
vn 0.039526 0.416921 0.908083
vn 0.011654 -0.014916 0.999821
vn 0.000000 -0.188258 0.982120
vn 0.000000 -0.016744 0.999860
vn -0.000000 -0.131865 0.991268
vn 0.000000 -0.573531 0.819184
vn 0.000000 -0.415183 0.909738
vn 0.000000 0.223570 0.974688
vn -0.000000 0.338404 0.941001
vn -0.000000 0.357036 0.934091
vn 0.000000 0.714120 0.700024
vn 0.000000 0.692850 0.721082
vn -0.000000 0.282419 0.959291
vn 0.000000 0.218198 0.975904
vn 0.000000 0.043963 0.999033
vn 0.000000 -0.496666 0.867942
vn -0.000000 -0.973175 0.230067
vn 0.000000 -0.994262 -0.106971
vn 0.000000 -0.999717 -0.023807
vn 0.000000 -0.806424 0.591338
vn 0.292301 -0.513343 0.806870
vn 0.168036 -0.705547 0.688453
vn 0.606553 0.084045 0.790589
vn 0.761907 0.093178 0.640949
vn 0.769209 0.237437 0.593246
vn -0.009516 -0.997056 0.076089
vn 0.044142 -0.980097 0.193550
vn 0.439536 -0.712301 0.547206
vn 0.791984 0.051806 0.608340
vn -0.198643 -0.723352 -0.661289
vn -0.270644 0.311755 -0.910802
vn -0.090910 0.915605 -0.391666
vn 0.123804 0.876016 0.466120
vn 0.255976 0.401468 0.879375
vn 0.331041 -0.126196 0.935140
vn 0.372529 -0.312761 0.873729
vn 0.428743 -0.011702 0.903351
vn 0.450606 0.217430 0.865840
vn 0.413085 0.596696 0.687979
vn 0.458629 0.260614 0.849553
vn 0.357281 -0.490193 0.795022
vn 0.272880 -0.879486 0.389924
vn 0.160832 -0.970912 -0.177376
vn 0.214844 -0.949497 -0.228686
vn 0.270933 -0.945981 -0.178086
vn 0.528811 -0.804822 0.269483
vn 0.538483 -0.184282 0.822239
vn 0.577893 0.223684 -0.784860
vn 0.521086 0.170361 -0.836329
vn 0.416597 -0.125573 -0.900377
vn 0.335207 -0.143280 -0.931186
vn 0.292392 0.142874 -0.945565
vn 0.262075 0.335158 -0.904979
vn 0.236484 0.578950 -0.780316
vn 0.204622 0.766528 -0.608740
vn 0.227954 0.868140 -0.440874
vn 0.290375 0.950747 -0.108457
vn 0.312131 0.911370 0.268288
vn 0.349898 0.816047 0.460042
vn 0.324236 0.732640 0.598423
vn 0.268518 0.620433 0.736859
vn 0.204038 0.422628 0.883037
vn 0.119307 -0.005992 0.992839
vn 0.090161 -0.197931 0.976061
vn 0.070629 -0.011844 0.997432
vn 0.048524 -0.134176 0.989769
vn 0.046548 -0.584969 0.809719
vn 0.183423 -0.447776 0.875130
vn 0.355528 0.118443 0.927131
vn 0.486458 0.254518 0.835810
vn 0.576775 0.293404 0.762394
vn 0.597644 0.592311 0.540360
vn 0.624185 0.578701 0.524879
vn 0.655889 0.227197 0.719854
vn 0.638557 0.183879 0.747284
vn 0.618754 0.042966 0.784409
vn 0.636060 -0.348408 0.688506
vn 0.578511 -0.802241 0.147430
vn 0.451381 -0.890082 -0.063322
vn 0.354550 -0.930581 0.091178
vn 0.372817 -0.875553 0.307268
vn 0.621986 -0.291344 0.726810
vn 0.767829 0.106075 0.631812
vn 0.817742 0.071883 0.571079
vn 0.825473 0.118206 0.551926
vn -0.393629 -0.652013 -0.648024
vn -0.099555 -0.991582 -0.082792
vn 0.513050 -0.726445 0.457228
vn 0.819635 -0.075923 0.567833
vn -0.411891 0.404563 -0.816502
vn -0.143857 0.932612 -0.330968
vn 0.236427 0.869246 0.434181
vn 0.494011 0.295530 0.817689
vn 0.552216 -0.269673 0.788881
vn 0.595594 -0.329192 0.732735
vn 0.651290 0.071520 0.755451
vn 0.685795 0.212554 0.696064
vn 0.625287 0.548596 0.555031
vn 0.702559 0.387803 0.596674
vn 0.724274 -0.299869 0.620891
vn 0.613282 -0.666624 0.423670
vn 0.658945 -0.740322 0.133100
vn 0.663542 -0.746666 0.046922
vn 0.780076 -0.620102 0.083399
vn 0.763488 -0.645423 0.022698
vn 0.878558 -0.453144 0.150986
vn 0.827899 -0.146945 0.541286
vn 0.989761 -0.052800 0.132612
vn 0.912667 0.089557 -0.398772
vn 0.881144 -0.037226 -0.471379
vn 0.590581 -0.195782 -0.782869
vn 0.497416 -0.166379 -0.851408
vn 0.646488 -0.154028 -0.747214
vn 0.589096 0.092455 -0.802756
vn 0.522474 0.295030 -0.799986
vn 0.429544 0.553536 -0.713505
vn 0.348182 0.760612 -0.547940
vn 0.341633 0.861287 -0.376126
vn 0.391421 0.918218 -0.060535
vn 0.403116 0.873051 0.274371
vn 0.434349 0.781439 0.447988
vn 0.461603 0.680531 0.569034
vn 0.465531 0.553661 0.690464
vn 0.445544 0.398777 0.801541
vn 0.222259 -0.053124 0.973539
vn 0.176130 -0.217623 0.960010
vn 0.174904 -0.006811 0.984562
vn 0.166434 -0.259185 0.951379
vn 0.138904 -0.664938 0.733869
vn 0.373924 -0.621729 0.688211
vn 0.675455 -0.082011 0.732826
vn 0.720064 0.128115 0.681978
vn 0.882486 0.150687 0.445546
vn 0.835909 0.466855 0.288621
vn 0.825071 0.458066 0.330807
vn 0.864470 0.156527 0.477694
vn 0.873505 0.147416 0.463958
vn 0.837396 0.118754 0.533540
vn 0.804431 -0.139504 0.577433
vn 0.751952 -0.548521 0.365641
vn 0.500184 -0.864240 0.053897
vn 0.656557 -0.586757 0.473971
vn 0.777761 -0.179744 0.602312
vn 0.836656 0.096348 0.539189
vn 0.866633 -0.056905 0.495691
vn 0.769276 -0.220671 0.599599
vn -0.524545 -0.559390 -0.641821
vn -0.191920 -0.963300 -0.187671
vn 0.416446 -0.803336 0.425704
vn 0.522596 -0.460541 0.717492
vn -0.591375 0.422718 -0.686721
vn -0.272204 0.904495 -0.328319
vn 0.342975 0.871653 0.350128
vn 0.708030 0.235013 0.665930
vn 0.714513 -0.315372 0.624509
vn 0.712349 -0.324018 0.622552
vn 0.786343 0.028580 0.617129
vn 0.711893 0.388932 0.584757
vn 0.734280 0.377629 0.564119
vn 0.873399 -0.155594 0.461482
vn 0.869741 -0.226537 0.438442
vn 0.910262 -0.244440 0.334174
vn 0.856657 -0.511558 -0.066690
vn 0.944260 -0.192680 0.266924
vn 0.947179 -0.186727 0.260741
vn 0.986616 -0.157609 0.041813
vn 0.786088 -0.478527 -0.391252
vn 0.691200 0.032536 -0.721931
vn 0.837418 -0.047215 -0.544519
vn 0.847177 0.061814 -0.527703
vn 0.825084 0.219148 -0.520778
vn 0.752027 0.470457 -0.461656
vn 0.615749 0.699109 -0.363454
vn 0.530766 0.793979 -0.296452
vn 0.621614 0.781991 -0.045676
vn 0.659427 0.710141 0.246690
vn 0.688270 0.608908 0.394354
vn 0.705502 0.516199 0.485598
vn 0.703173 0.414383 0.577784
vn 0.706941 0.260977 0.657362
vn 0.465443 0.005522 0.885061
vn 0.453395 -0.218589 0.864090
vn 0.449828 -0.038216 0.892297
vn 0.469017 -0.339838 0.815189
vn 0.203246 -0.798798 0.566227
vn 0.466471 -0.800941 0.375365
vn 0.903731 -0.219005 0.367841
vn 0.886354 0.216842 0.409093
vn 0.833087 0.499943 0.236692
vn 0.841938 0.449215 0.298907
vn 0.875795 0.103314 0.471496
vn 0.903058 0.138743 0.406493
vn 0.873098 0.243603 0.422324
vn 0.921364 -0.028478 0.387656
vn 0.689175 -0.664138 0.289756
vn 0.729264 -0.368136 0.576758
vn 0.738722 -0.183765 0.648475
vn 0.900632 -0.000059 0.434583
vn 0.855593 -0.202897 0.476228
vn 0.605407 -0.473542 0.639718
vn -0.581313 -0.473521 -0.661705
vn -0.355955 -0.914256 -0.193476
vn 0.006425 -0.601765 0.798647
vn 0.261662 -0.534785 0.803453
vn -0.671736 0.420965 -0.609556
vn -0.344499 0.873540 -0.343871
vn 0.421701 0.872026 0.248474
vn 0.814064 0.243054 0.527470
vn 0.816820 -0.218269 0.534007
vn 0.769305 -0.282085 0.573235
vn 0.779161 -0.135346 0.612037
vn 0.708467 0.150604 0.689487
vn 0.728570 0.173725 0.662574
vn 0.784891 0.053765 0.617297
vn 0.947627 -0.165453 0.273183
vn 0.954801 -0.195745 0.223693
vn 0.859615 -0.508958 -0.044988
vn 0.919293 -0.347029 0.185666
vn 0.949035 -0.121745 0.290708
vn 0.936492 -0.142650 0.320366
vn 0.859894 -0.509714 -0.027812
vn 0.524963 -0.765431 -0.372194
vn 0.491149 -0.443494 -0.749723
vn 0.510761 -0.134234 -0.849179
vn 0.567430 0.178659 -0.803806
vn 0.955234 0.015904 -0.295422
vn 0.918464 0.155744 -0.363550
vn 0.958795 0.163391 -0.232413
vn 0.922468 0.359389 -0.141041
vn 0.799547 0.596166 -0.072878
vn 0.838917 0.507231 0.197320
vn 0.821748 0.455411 0.342536
vn 0.807601 0.403577 0.430007
vn 0.806705 0.309869 0.503198
vn 0.686271 -0.062246 0.724678
vn 0.819190 0.192625 0.540207
vn 0.653073 -0.217619 0.725354
vn 0.627622 -0.069221 0.775434
vn 0.621301 -0.241577 0.745403
vn 0.398076 -0.849023 0.347413
vn 0.320281 -0.929870 0.181005
vn 0.547706 -0.808857 0.213935
vn 0.906672 -0.270522 0.323672
vn 0.707090 0.287944 0.645842
vn 0.772875 0.487416 0.406313
vn 0.843292 0.396120 0.363247
vn 0.848971 0.035277 0.527260
vn 0.883859 0.099499 0.457049
vn 0.891262 0.234499 0.388153
vn 0.940547 0.098072 0.325197
vn 0.895301 -0.106308 0.432590
vn 0.756016 -0.088085 0.648600
vn 0.652748 -0.369823 0.661174
vn 0.688801 -0.146434 0.710008
vn 0.914479 -0.089677 0.394572
vn 0.828145 -0.169140 0.534385
vn 0.750602 -0.194812 0.631384
vn -0.723708 -0.363978 -0.586316
vn -0.777088 -0.562140 0.283076
vn 0.152031 -0.013486 0.988284
vn 0.680358 -0.076376 0.728890
vn -0.923206 -0.136919 -0.359087
vn -0.891994 0.339869 -0.298052
vn -0.679060 0.573896 -0.457734
vn -0.663643 0.495958 -0.560004
vn -0.226537 0.921818 -0.314534
vn 0.556527 0.799373 0.226452
vn 0.854641 0.257555 0.450836
vn 0.867288 -0.032134 0.496769
vn 0.810210 -0.190548 0.554303
vn 0.811420 -0.144872 0.566224
vn 0.742547 0.073336 0.665767
vn 0.803475 -0.028648 0.594649
vn 0.935790 -0.112547 0.334111
vn 0.939860 -0.169418 0.296581
vn 0.962056 -0.170839 0.212748
vn 0.803588 -0.561018 0.198756
vn 0.922773 -0.119567 0.366324
vn 0.912953 -0.162880 0.374147
vn 0.829682 -0.453209 -0.325929
vn 0.688033 -0.711144 -0.144514
vn 0.855199 -0.211070 -0.473376
vn 0.702698 0.593899 -0.391791
vn 0.902600 0.043188 -0.428308
vn 0.591002 0.696062 -0.407694
vn 0.950992 0.276881 -0.137662
vn 0.992184 0.124531 0.007906
vn 0.998797 0.022621 -0.043506
vn 0.946933 0.304369 0.103327
vn 0.924394 0.285590 0.252852
vn 0.907569 0.242467 0.342825
vn 0.897224 0.170490 0.407336
vn 0.774305 -0.071297 0.628784
vn 0.892235 0.080381 0.444360
vn 0.814034 -0.105079 0.571233
vn 0.756531 -0.189790 0.625812
vn 0.752725 -0.065214 0.655097
vn 0.733507 -0.203649 0.648456
vn 0.540560 -0.691176 0.479656
vn 0.257061 -0.935775 -0.241340
vn 0.378653 -0.899185 -0.219290
vn 0.585745 -0.809993 0.028539
vn 0.895470 -0.255320 0.364616
vn 0.798724 0.338863 0.497204
vn 0.654219 0.390214 0.647867
vn 0.576189 0.187658 0.795481
vn 0.665521 0.300921 0.683028
vn 0.756617 0.200759 0.622275
vn 0.801803 -0.051834 0.595336
vn 0.886456 -0.002347 0.462808
vn 0.871626 -0.020489 0.489742
vn 0.794270 -0.157206 0.586874
vn 0.701508 -0.129315 0.700831
vn 0.638695 -0.209893 0.740280
vn 0.713701 -0.103557 0.692753
vn 0.881325 -0.102293 0.461305
vn -0.553464 0.585976 0.591869
vn 0.635004 0.496784 0.591588
vn -0.049274 0.996045 -0.073941
vn 0.762711 0.012855 0.646611
vn 0.717273 -0.124864 0.685513
vn 0.882327 -0.111184 0.457315
vn 0.935535 -0.168260 0.310585
vn 0.890507 -0.157156 0.426964
vn 0.956681 -0.211510 0.200064
vn 0.892228 -0.212016 0.398721
vn 0.783770 -0.290261 0.549048
vn 0.834699 -0.392731 0.386056
vn 0.920001 -0.191296 0.342058
vn 0.602166 0.792236 0.098780
vn 0.936640 -0.145128 0.318816
vn 0.850409 0.439877 -0.288638
vn 0.832922 0.492339 0.252670
vn 0.961376 0.154410 0.227844
vn 0.983096 0.102276 0.151864
vn 0.995964 0.018300 0.087868
vn 0.966495 0.080859 0.243619
vn 0.949007 0.054901 0.310437
vn 0.921414 -0.009792 0.388458
vn 0.842138 -0.192622 0.503687
vn 0.802051 -0.195291 0.564425
vn 0.829185 -0.062707 0.555445
vn 0.810641 -0.180027 0.557181
vn 0.629963 -0.568518 0.529089
vn 0.204554 -0.969901 -0.132099
vn 0.202710 -0.722633 -0.660841
vn 0.495746 -0.765167 -0.410798
vn 0.655436 -0.753366 0.053313
vn 0.809558 -0.249968 0.531161
vn 0.620544 0.334149 0.709415
vn 0.482109 0.329355 0.811847
vn 0.540822 0.283221 0.792021
vn 0.497640 0.034953 0.866679
vn 0.576034 0.128846 0.807207
vn 0.613516 0.013523 0.789566
vn 0.675436 -0.163786 0.719000
vn 0.801283 -0.076654 0.593355
vn 0.591974 -0.248527 0.766682
vn 0.906202 -0.353048 0.232712
vn 0.936383 -0.325659 0.130893
vn 0.892586 -0.201064 0.403564
vn 0.722823 -0.541225 0.429654
vn 0.573536 -0.472004 0.669528
vn 0.912175 -0.212176 0.350597
vn 0.995234 -0.074123 0.063365
vn 0.984586 0.015208 0.174236
vn 0.966956 0.014999 0.254501
vn 0.925830 -0.012825 0.377721
vn 0.798151 -0.239940 0.552616
vn 0.831742 -0.254465 0.493410
vn 0.888848 -0.110728 0.444622
vn 0.863244 -0.197870 0.464390
vn 0.694429 -0.466276 0.548046
vn 0.253939 -0.953712 0.161087
vn -0.108667 -0.772337 -0.625849
vn 0.330260 -0.896647 0.294875
vn 0.533785 -0.759862 0.371057
vn 0.544685 -0.626890 0.557070
vn 0.503094 -0.200399 0.840676
vn 0.357572 0.229555 0.905233
vn 0.258756 0.244257 0.934550
vn 0.407883 0.191964 0.892626
vn 0.452841 0.137270 0.880961
vn 0.489377 -0.111245 0.864948
vn 0.524463 0.119204 0.843047
vn 0.519784 0.009609 0.854244
vn 0.509636 -0.284437 0.812014
vn 0.834292 -0.504088 0.223277
vn 0.893954 -0.437092 0.098980
vn 0.959083 -0.274770 0.068265
vn 0.523103 -0.353772 0.775376
vn 0.720914 -0.360553 0.591848
vn 0.988835 -0.069580 0.131773
vn 0.974932 -0.042241 0.218454
vn 0.928715 -0.011728 0.370610
vn 0.708778 -0.133123 0.692757
vn 0.795498 -0.278016 0.538414
vn 0.897147 -0.153385 0.414247
vn 0.869365 -0.222921 0.441033
vn 0.765382 -0.374301 0.523536
vn 0.393413 -0.787503 0.474411
vn -0.239636 -0.944371 -0.225251
vn 0.051258 -0.927308 0.370773
vn 0.215311 -0.534821 0.817073
vn 0.368975 -0.578675 0.727318
vn 0.483902 -0.518838 0.704731
vn 0.615249 -0.151219 0.773693
vn 0.530551 0.429184 0.730970
vn 0.371292 0.636926 0.675623
vn 0.194198 0.069525 0.978495
vn 0.349334 0.062442 0.934915
vn 0.439218 -0.020789 0.898140
vn 0.533964 -0.169142 0.828416
vn 0.487761 0.160977 0.858007
vn 0.485160 0.089227 0.869861
vn 0.867181 -0.307985 0.391334
vn 0.899216 -0.403737 0.168540
vn 0.948953 -0.302312 0.089977
vn 0.618855 0.181377 0.764278
vn 0.957608 -0.222205 0.183339
vn 0.671292 0.060105 0.738752
vn 0.921280 -0.095198 0.377069
vn 0.710859 -0.158003 0.685357
vn 0.879033 -0.123978 0.460358
vn 0.854702 -0.204577 0.477108
vn 0.790247 -0.330212 0.516206
vn 0.559100 -0.571405 0.600752
vn 0.024787 -0.906903 0.420609
vn 0.034001 -0.757485 0.651966
vn 0.187304 -0.468075 0.863610
vn -0.017151 -0.294875 0.955382
vn 0.093615 -0.315916 0.944158
vn -0.059690 -0.241292 0.968615
vn 0.177056 -0.233151 0.956186
vn 0.473381 0.285513 0.833302
vn 0.031492 0.287304 0.957322
vn 0.309867 0.565978 0.763971
vn 0.197679 -0.092978 0.975847
vn 0.372622 -0.055949 0.926295
vn 0.496950 -0.116992 0.859857
vn 0.567685 0.244568 0.786079
vn 0.635208 -0.112496 0.764104
vn 0.721458 0.217203 0.657512
vn 0.902614 -0.210372 0.375541
vn 0.654447 0.043952 0.754830
vn 0.689674 0.169907 0.703905
vn 0.848528 -0.073990 0.523953
vn 0.823167 -0.156428 0.545826
vn 0.787060 -0.306872 0.535132
vn 0.647325 -0.452647 0.613254
vn 0.351185 -0.643773 0.679871
vn 0.201549 -0.608470 0.767556
vn 0.193855 -0.461850 0.865514
vn 0.175246 -0.347975 0.920979
vn 0.119809 0.279444 0.952658
vn 0.210456 0.527056 0.823359
vn 0.294403 -0.182007 0.938190
vn 0.456628 -0.126896 0.880561
vn 0.588396 -0.130393 0.797990
vn 0.731438 -0.038001 0.680848
vn 0.629330 0.288919 0.721436
vn 0.711939 0.198237 0.673680
vn 0.646873 0.196467 0.736855
vn 0.822159 -0.030538 0.568438
vn 0.757310 -0.249196 0.603641
vn 0.791245 -0.105062 0.602407
vn 0.669546 -0.414141 0.616600
vn 0.498900 -0.525339 0.689287
vn 0.368836 -0.499955 0.783585
vn 0.072656 -0.615160 0.785047
vn 0.259412 -0.358244 0.896865
vn 0.120215 0.307827 0.943817
vn 0.195691 0.551562 0.810854
vn 0.430441 -0.210888 0.877637
vn 0.549619 -0.132826 0.824788
vn 0.680872 -0.097235 0.725919
vn 0.639880 0.261973 0.722443
vn 0.789460 -0.007569 0.613755
vn 0.721194 -0.165522 0.672667
vn 0.649289 -0.352378 0.673983
vn 0.750775 -0.070322 0.656804
vn 0.567062 -0.479720 0.669559
vn 0.475686 -0.470799 0.743015
vn -0.022447 -0.710862 0.702973
vn 0.293377 -0.424466 0.856597
vn 0.171984 0.387241 0.905796
vn 0.167085 0.599438 0.782788
vn 0.546490 -0.155375 0.822926
vn 0.627829 -0.104486 0.771306
vn 0.683701 -0.102212 0.722569
vn 0.586981 -0.270210 0.763177
vn 0.559359 -0.442183 0.701136
vn 0.045588 -0.795166 0.604676
vn 0.275683 -0.522666 0.806733
vn 0.205564 0.462411 0.862508
vn 0.080436 0.594401 0.800136
vn 0.597835 -0.078742 0.797742
vn 0.573068 -0.147974 0.806038
vn 0.226508 -0.730701 0.644026
vn 0.238267 -0.792955 0.560760
vn 0.167718 0.449384 0.877453
vn 0.250327 0.403755 0.879954
vn 0.263192 -0.250929 0.931539
vn 0.073651 -0.740839 0.667632
vn 0.409678 0.152081 0.899464
vn 0.307663 -0.016920 0.951345
vn 0.264955 -0.270342 0.925589
vn 0.330896 -0.698631 0.634368
vn 0.280623 -0.218558 0.934603
vn 0.233735 -0.769583 0.594231
vn 0.251011 -0.926546 0.280189
vn -0.177108 0.166127 0.970069
vn -0.263955 0.337034 0.903734
vn 0.080765 0.367861 0.926367
vn 0.140903 0.188200 0.971971
vn -0.343703 0.059562 0.937188
vn -0.056343 0.167276 0.984299
vn -0.144924 0.030815 0.988963
vn 0.084719 -0.084978 0.992775
vn -0.628956 0.121841 0.767834
vn -0.626371 0.339009 0.701948
vn -0.296985 -0.624303 0.722528
vn -0.162036 -0.486292 0.858641
vn -0.659892 0.079890 0.747101
vn -0.292300 -0.513342 0.806871
vn -0.168036 -0.705547 0.688453
vn -0.606552 0.084046 0.790589
vn -0.761907 0.093178 0.640949
vn -0.769209 0.237437 0.593246
vn 0.009502 -0.997052 0.076132
vn -0.044142 -0.980097 0.193550
vn -0.439536 -0.712301 0.547206
vn -0.791984 0.051806 0.608340
vn 0.198643 -0.723352 -0.661289
vn 0.270644 0.311755 -0.910802
vn 0.090910 0.915605 -0.391666
vn -0.123804 0.876016 0.466120
vn -0.255976 0.401468 0.879375
vn -0.331041 -0.126196 0.935140
vn -0.372529 -0.312761 0.873729
vn -0.428743 -0.011702 0.903351
vn -0.450605 0.217430 0.865840
vn -0.413085 0.596696 0.687979
vn -0.458629 0.260614 0.849553
vn -0.357281 -0.490193 0.795022
vn -0.272880 -0.879486 0.389924
vn -0.160832 -0.970912 -0.177376
vn -0.214844 -0.949497 -0.228686
vn -0.270933 -0.945981 -0.178086
vn -0.528811 -0.804823 0.269480
vn -0.538484 -0.184281 0.822238
vn -0.569781 0.224853 -0.790437
vn -0.514291 0.125682 -0.848357
vn -0.444252 -0.154308 -0.882513
vn -0.363863 -0.132982 -0.921911
vn -0.315135 0.146491 -0.937673
vn -0.279384 0.340233 -0.897878
vn -0.251738 0.584294 -0.771511
vn -0.223568 0.768839 -0.599086
vn -0.238186 0.865305 -0.441038
vn -0.282598 0.952532 -0.113233
vn -0.280773 0.921148 0.269543
vn -0.294733 0.831724 0.470497
vn -0.281324 0.741365 0.609291
vn -0.262125 0.620003 0.739518
vn -0.219237 0.388156 0.895137
vn -0.107853 -0.028059 0.993771
vn -0.090156 -0.197952 0.976057
vn -0.070629 -0.011844 0.997432
vn -0.048524 -0.134176 0.989769
vn -0.046548 -0.584969 0.809719
vn -0.183423 -0.447776 0.875130
vn -0.355528 0.118443 0.927131
vn -0.486458 0.254518 0.835810
vn -0.576775 0.293404 0.762394
vn -0.597644 0.592311 0.540360
vn -0.624185 0.578701 0.524879
vn -0.655889 0.227197 0.719854
vn -0.638557 0.183879 0.747284
vn -0.618754 0.042966 0.784409
vn -0.636060 -0.348408 0.688506
vn -0.578511 -0.802241 0.147430
vn -0.451381 -0.890082 -0.063322
vn -0.354550 -0.930581 0.091178
vn -0.372817 -0.875553 0.307268
vn -0.621986 -0.291341 0.726811
vn -0.767830 0.106076 0.631811
vn -0.817742 0.071883 0.571079
vn -0.825473 0.118206 0.551926
vn 0.393630 -0.652045 -0.647991
vn 0.099474 -0.991598 -0.082699
vn -0.513050 -0.726445 0.457228
vn -0.819635 -0.075923 0.567833
vn 0.411891 0.404563 -0.816502
vn 0.143857 0.932612 -0.330968
vn -0.236427 0.869246 0.434181
vn -0.494011 0.295530 0.817689
vn -0.552216 -0.269673 0.788881
vn -0.595594 -0.329192 0.732735
vn -0.651290 0.071520 0.755451
vn -0.685795 0.212554 0.696064
vn -0.625287 0.548596 0.555031
vn -0.702559 0.387803 0.596674
vn -0.724274 -0.299869 0.620891
vn -0.613282 -0.666624 0.423670
vn -0.658945 -0.740322 0.133100
vn -0.663542 -0.746666 0.046922
vn -0.780076 -0.620102 0.083399
vn -0.763487 -0.645424 0.022694
vn -0.878556 -0.453149 0.150983
vn -0.827898 -0.146942 0.541289
vn -0.989488 -0.050962 0.135338
vn -0.905477 0.096311 -0.413323
vn -0.878066 -0.060461 -0.474704
vn -0.610977 -0.219604 -0.760580
vn -0.541364 -0.155436 -0.826296
vn -0.686200 -0.140712 -0.713674
vn -0.638812 0.093444 -0.763667
vn -0.570675 0.292531 -0.767304
vn -0.480902 0.546532 -0.685592
vn -0.402910 0.749064 -0.525895
vn -0.401161 0.839336 -0.366857
vn -0.451358 0.890167 -0.062273
vn -0.454600 0.849479 0.267814
vn -0.481342 0.760040 0.436634
vn -0.509498 0.659116 0.553153
vn -0.520139 0.531359 0.668665
vn -0.496589 0.365584 0.787241
vn -0.239630 -0.084322 0.967196
vn -0.176125 -0.217690 0.959995
vn -0.174904 -0.006811 0.984562
vn -0.166434 -0.259186 0.951379
vn -0.138904 -0.664938 0.733869
vn -0.373923 -0.621729 0.688211
vn -0.675455 -0.082011 0.732826
vn -0.720064 0.128115 0.681978
vn -0.882486 0.150687 0.445546
vn -0.835909 0.466855 0.288621
vn -0.825071 0.458066 0.330807
vn -0.864470 0.156527 0.477694
vn -0.873505 0.147416 0.463958
vn -0.837396 0.118754 0.533540
vn -0.804431 -0.139504 0.577433
vn -0.751952 -0.548521 0.365641
vn -0.500184 -0.864240 0.053897
vn -0.656557 -0.586757 0.473971
vn -0.777762 -0.179743 0.602311
vn -0.836656 0.096348 0.539189
vn -0.866633 -0.056905 0.495691
vn -0.769276 -0.220671 0.599599
vn 0.524500 -0.559488 -0.641773
vn 0.191852 -0.963323 -0.187622
vn -0.416446 -0.803336 0.425704
vn -0.522596 -0.460541 0.717492
vn 0.591375 0.422718 -0.686721
vn 0.272205 0.904495 -0.328319
vn -0.342975 0.871653 0.350128
vn -0.708030 0.235013 0.665930
vn -0.714513 -0.315372 0.624509
vn -0.712349 -0.324018 0.622552
vn -0.786343 0.028580 0.617129
vn -0.711893 0.388932 0.584757
vn -0.734280 0.377629 0.564119
vn -0.873399 -0.155594 0.461482
vn -0.869741 -0.226537 0.438442
vn -0.910262 -0.244440 0.334174
vn -0.856652 -0.511565 -0.066702
vn -0.944259 -0.192679 0.266925
vn -0.947179 -0.186726 0.260741
vn -0.986616 -0.157608 0.041819
vn -0.786088 -0.478527 -0.391252
vn -0.691200 0.032536 -0.721931
vn -0.837419 -0.047216 -0.544519
vn -0.847177 0.061817 -0.527703
vn -0.825084 0.219153 -0.520776
vn -0.752032 0.470453 -0.461652
vn -0.615755 0.699105 -0.363453
vn -0.530766 0.793979 -0.296452
vn -0.621614 0.781991 -0.045676
vn -0.659427 0.710141 0.246690
vn -0.688270 0.608908 0.394354
vn -0.705502 0.516199 0.485598
vn -0.703173 0.414383 0.577784
vn -0.706941 0.260977 0.657362
vn -0.483664 -0.017157 0.875086
vn -0.453397 -0.218607 0.864084
vn -0.449826 -0.038212 0.892298
vn -0.469021 -0.339814 0.815197
vn -0.203246 -0.798798 0.566227
vn -0.466471 -0.800941 0.375364
vn -0.903731 -0.219005 0.367841
vn -0.886354 0.216842 0.409093
vn -0.833087 0.499942 0.236692
vn -0.841938 0.449215 0.298907
vn -0.875795 0.103314 0.471496
vn -0.903058 0.138743 0.406493
vn -0.873098 0.243603 0.422324
vn -0.921364 -0.028478 0.387656
vn -0.689175 -0.664138 0.289756
vn -0.729264 -0.368136 0.576758
vn -0.738722 -0.183765 0.648475
vn -0.900632 -0.000059 0.434583
vn -0.855593 -0.202897 0.476228
vn -0.605407 -0.473542 0.639718
vn 0.581270 -0.473589 -0.661694
vn 0.355955 -0.914256 -0.193476
vn -0.006425 -0.601765 0.798647
vn -0.261662 -0.534785 0.803454
vn 0.671736 0.420965 -0.609556
vn 0.344499 0.873540 -0.343871
vn -0.421701 0.872026 0.248474
vn -0.814064 0.243054 0.527470
vn -0.816820 -0.218269 0.534007
vn -0.769305 -0.282085 0.573235
vn -0.779162 -0.135346 0.612036
vn -0.708472 0.150596 0.689484
vn -0.728574 0.173717 0.662572
vn -0.784898 0.053752 0.617289
vn -0.947627 -0.165453 0.273181
vn -0.954801 -0.195745 0.223693
vn -0.859609 -0.508968 -0.044995
vn -0.919292 -0.347034 0.185661
vn -0.949035 -0.121745 0.290708
vn -0.936491 -0.142650 0.320368
vn -0.859893 -0.509716 -0.027809
vn -0.524963 -0.765431 -0.372194
vn -0.491149 -0.443494 -0.749723
vn -0.510760 -0.134234 -0.849179
vn -0.567430 0.178659 -0.803806
vn -0.955235 0.015905 -0.295420
vn -0.918464 0.155743 -0.363549
vn -0.958795 0.163397 -0.232410
vn -0.922470 0.359382 -0.141042
vn -0.799553 0.596157 -0.072881
vn -0.838920 0.507228 0.197316
vn -0.821748 0.455411 0.342536
vn -0.807601 0.403577 0.430007
vn -0.806705 0.309869 0.503198
vn -0.686271 -0.062246 0.724678
vn -0.819190 0.192625 0.540207
vn -0.653073 -0.217619 0.725354
vn -0.627623 -0.069220 0.775434
vn -0.621298 -0.241567 0.745408
vn -0.398083 -0.849011 0.347434
vn -0.320286 -0.929866 0.181013
vn -0.547706 -0.808857 0.213935
vn -0.906672 -0.270522 0.323672
vn -0.707090 0.287944 0.645842
vn -0.772875 0.487416 0.406313
vn -0.843292 0.396120 0.363247
vn -0.848971 0.035277 0.527260
vn -0.883859 0.099499 0.457049
vn -0.891262 0.234499 0.388153
vn -0.940547 0.098072 0.325197
vn -0.895301 -0.106308 0.432590
vn -0.756016 -0.088085 0.648600
vn -0.652748 -0.369823 0.661174
vn -0.688806 -0.146433 0.710003
vn -0.914479 -0.089677 0.394572
vn -0.828145 -0.169140 0.534385
vn -0.750602 -0.194812 0.631383
vn 0.723708 -0.363978 -0.586316
vn 0.777088 -0.562140 0.283076
vn -0.152031 -0.013486 0.988284
vn -0.680358 -0.076376 0.728890
vn 0.923206 -0.136919 -0.359087
vn 0.891994 0.339869 -0.298052
vn 0.679060 0.573896 -0.457734
vn 0.663642 0.495958 -0.560004
vn 0.226537 0.921818 -0.314534
vn -0.556527 0.799373 0.226452
vn -0.854641 0.257555 0.450836
vn -0.867288 -0.032134 0.496769
vn -0.810210 -0.190548 0.554303
vn -0.811420 -0.144873 0.566224
vn -0.742556 0.073323 0.665759
vn -0.803483 -0.028654 0.594638
vn -0.935791 -0.112547 0.334109
vn -0.939860 -0.169418 0.296581
vn -0.962056 -0.170839 0.212748
vn -0.803588 -0.561018 0.198756
vn -0.922773 -0.119568 0.366324
vn -0.912953 -0.162881 0.374148
vn -0.829682 -0.453209 -0.325929
vn -0.688033 -0.711144 -0.144514
vn -0.855199 -0.211070 -0.473376
vn -0.702697 0.593899 -0.391791
vn -0.902600 0.043188 -0.428308
vn -0.591002 0.696062 -0.407694
vn -0.950992 0.276882 -0.137662
vn -0.992184 0.124534 0.007905
vn -0.998797 0.022621 -0.043506
vn -0.946934 0.304369 0.103322
vn -0.924394 0.285590 0.252852
vn -0.907569 0.242467 0.342825
vn -0.897224 0.170490 0.407336
vn -0.774305 -0.071297 0.628784
vn -0.892235 0.080381 0.444360
vn -0.814034 -0.105079 0.571233
vn -0.756531 -0.189790 0.625812
vn -0.752725 -0.065214 0.655097
vn -0.733507 -0.203649 0.648456
vn -0.540561 -0.691170 0.479665
vn -0.257061 -0.935775 -0.241340
vn -0.378653 -0.899185 -0.219290
vn -0.585745 -0.809993 0.028539
vn -0.895470 -0.255320 0.364616
vn -0.798724 0.338863 0.497204
vn -0.654219 0.390214 0.647867
vn -0.576189 0.187658 0.795481
vn -0.665521 0.300921 0.683028
vn -0.756617 0.200759 0.622275
vn -0.801803 -0.051834 0.595336
vn -0.886456 -0.002347 0.462808
vn -0.871626 -0.020489 0.489742
vn -0.794270 -0.157206 0.586874
vn -0.701508 -0.129315 0.700831
vn -0.638701 -0.209891 0.740275
vn -0.713711 -0.103556 0.692743
vn -0.881325 -0.102293 0.461304
vn 0.553464 0.585976 0.591869
vn -0.635004 0.496784 0.591588
vn 0.049274 0.996045 -0.073941
vn -0.762720 0.012849 0.646601
vn -0.717283 -0.124863 0.685503
vn -0.882328 -0.111184 0.457314
vn -0.935535 -0.168260 0.310585
vn -0.890507 -0.157156 0.426964
vn -0.956681 -0.211510 0.200064
vn -0.892228 -0.212016 0.398721
vn -0.783770 -0.290261 0.549048
vn -0.834699 -0.392731 0.386056
vn -0.920001 -0.191296 0.342058
vn -0.602166 0.792236 0.098780
vn -0.936640 -0.145128 0.318816
vn -0.850409 0.439877 -0.288638
vn -0.832922 0.492339 0.252670
vn -0.961376 0.154410 0.227844
vn -0.983096 0.102276 0.151864
vn -0.995964 0.018300 0.087868
vn -0.966495 0.080859 0.243619
vn -0.949007 0.054901 0.310437
vn -0.921414 -0.009792 0.388458
vn -0.842138 -0.192622 0.503687
vn -0.802051 -0.195291 0.564425
vn -0.829185 -0.062707 0.555445
vn -0.810641 -0.180027 0.557181
vn -0.629962 -0.568518 0.529089
vn -0.204554 -0.969901 -0.132099
vn -0.202710 -0.722633 -0.660841
vn -0.495746 -0.765167 -0.410798
vn -0.655436 -0.753366 0.053313
vn -0.809558 -0.249968 0.531161
vn -0.620544 0.334149 0.709415
vn -0.482109 0.329355 0.811847
vn -0.540822 0.283221 0.792021
vn -0.497639 0.034953 0.866679
vn -0.576034 0.128847 0.807207
vn -0.613516 0.013523 0.789566
vn -0.675436 -0.163787 0.719000
vn -0.801283 -0.076654 0.593355
vn -0.591974 -0.248527 0.766682
vn -0.906202 -0.353048 0.232712
vn -0.936383 -0.325659 0.130893
vn -0.892586 -0.201064 0.403564
vn -0.722823 -0.541225 0.429654
vn -0.573536 -0.472004 0.669528
vn -0.912175 -0.212176 0.350597
vn -0.995234 -0.074123 0.063365
vn -0.984586 0.015208 0.174236
vn -0.966956 0.015000 0.254501
vn -0.925830 -0.012825 0.377722
vn -0.798151 -0.239940 0.552616
vn -0.831742 -0.254465 0.493410
vn -0.888849 -0.110723 0.444621
vn -0.863239 -0.197867 0.464399
vn -0.694429 -0.466276 0.548046
vn -0.253939 -0.953712 0.161087
vn 0.108667 -0.772337 -0.625849
vn -0.330260 -0.896647 0.294875
vn -0.533785 -0.759862 0.371057
vn -0.544685 -0.626890 0.557070
vn -0.503094 -0.200399 0.840676
vn -0.357572 0.229555 0.905233
vn -0.258756 0.244257 0.934550
vn -0.407883 0.191964 0.892626
vn -0.452841 0.137270 0.880961
vn -0.489377 -0.111245 0.864948
vn -0.524463 0.119204 0.843047
vn -0.519784 0.009609 0.854244
vn -0.509636 -0.284437 0.812014
vn -0.834292 -0.504088 0.223277
vn -0.893954 -0.437092 0.098980
vn -0.959083 -0.274770 0.068265
vn -0.523103 -0.353772 0.775376
vn -0.720914 -0.360553 0.591848
vn -0.988835 -0.069579 0.131773
vn -0.974932 -0.042241 0.218455
vn -0.928715 -0.011728 0.370610
vn -0.708778 -0.133123 0.692757
vn -0.795498 -0.278016 0.538414
vn -0.897150 -0.153382 0.414241
vn -0.869357 -0.222938 0.441041
vn -0.765374 -0.374303 0.523545
vn -0.393413 -0.787503 0.474411
vn 0.239636 -0.944371 -0.225251
vn -0.051258 -0.927308 0.370773
vn -0.215311 -0.534822 0.817072
vn -0.368975 -0.578675 0.727318
vn -0.483902 -0.518838 0.704731
vn -0.615251 -0.151218 0.773692
vn -0.530553 0.429186 0.730967
vn -0.371292 0.636928 0.675622
vn -0.194198 0.069525 0.978495
vn -0.349334 0.062442 0.934915
vn -0.439218 -0.020789 0.898140
vn -0.533964 -0.169142 0.828416
vn -0.487761 0.160977 0.858007
vn -0.485160 0.089227 0.869861
vn -0.867181 -0.307985 0.391334
vn -0.899216 -0.403737 0.168540
vn -0.948953 -0.302312 0.089978
vn -0.618855 0.181377 0.764278
vn -0.957608 -0.222204 0.183339
vn -0.671292 0.060105 0.738752
vn -0.921280 -0.095198 0.377069
vn -0.710859 -0.158003 0.685357
vn -0.879036 -0.123980 0.460352
vn -0.854699 -0.204597 0.477106
vn -0.790232 -0.330231 0.516218
vn -0.559100 -0.571405 0.600752
vn -0.024787 -0.906903 0.420609
vn -0.034001 -0.757485 0.651966
vn -0.187304 -0.468079 0.863608
vn 0.017151 -0.294875 0.955382
vn -0.093616 -0.315916 0.944157
vn 0.059690 -0.241292 0.968615
vn -0.177058 -0.233152 0.956186
vn -0.473385 0.285516 0.833299
vn -0.031491 0.287305 0.957321
vn -0.309868 0.565979 0.763970
vn -0.197679 -0.092978 0.975847
vn -0.372622 -0.055949 0.926295
vn -0.496950 -0.116992 0.859857
vn -0.567685 0.244568 0.786079
vn -0.635208 -0.112496 0.764104
vn -0.721458 0.217203 0.657512
vn -0.902614 -0.210372 0.375541
vn -0.654447 0.043952 0.754830
vn -0.689674 0.169907 0.703905
vn -0.848528 -0.073990 0.523953
vn -0.823167 -0.156428 0.545826
vn -0.787051 -0.306889 0.535135
vn -0.647325 -0.452647 0.613254
vn -0.351185 -0.643773 0.679871
vn -0.201549 -0.608470 0.767556
vn -0.193853 -0.461854 0.865513
vn -0.175247 -0.347977 0.920978
vn -0.119763 0.279434 0.952666
vn -0.210457 0.527057 0.823358
vn -0.294403 -0.182007 0.938190
vn -0.456628 -0.126896 0.880561
vn -0.588396 -0.130393 0.797990
vn -0.731438 -0.038001 0.680848
vn -0.629330 0.288919 0.721436
vn -0.711939 0.198237 0.673680
vn -0.646873 0.196467 0.736855
vn -0.822159 -0.030538 0.568438
vn -0.757310 -0.249196 0.603641
vn -0.791245 -0.105062 0.602407
vn -0.669546 -0.414141 0.616600
vn -0.498900 -0.525339 0.689287
vn -0.368836 -0.499955 0.783585
vn -0.072653 -0.615161 0.785046
vn -0.259409 -0.358247 0.896865
vn -0.120221 0.307802 0.943825
vn -0.195691 0.551564 0.810853
vn -0.430441 -0.210888 0.877637
vn -0.549619 -0.132826 0.824788
vn -0.680872 -0.097235 0.725919
vn -0.639880 0.261973 0.722443
vn -0.789460 -0.007569 0.613755
vn -0.721194 -0.165522 0.672667
vn -0.649289 -0.352378 0.673983
vn -0.750775 -0.070322 0.656804
vn -0.567062 -0.479720 0.669559
vn -0.475686 -0.470799 0.743015
vn 0.022449 -0.710863 0.702972
vn -0.293375 -0.424467 0.856597
vn -0.172038 0.387225 0.905792
vn -0.167084 0.599439 0.782788
vn -0.546490 -0.155375 0.822926
vn -0.627829 -0.104486 0.771306
vn -0.683701 -0.102212 0.722569
vn -0.586981 -0.270210 0.763177
vn -0.559359 -0.442183 0.701136
vn -0.045587 -0.795166 0.604676
vn -0.275683 -0.522667 0.806733
vn -0.205561 0.462411 0.862508
vn -0.080435 0.594402 0.800135
vn -0.597835 -0.078742 0.797742
vn -0.573068 -0.147974 0.806038
vn -0.226506 -0.730700 0.644028
vn -0.238266 -0.792957 0.560758
vn -0.167715 0.449385 0.877454
vn -0.250315 0.403771 0.879950
vn -0.263180 -0.250916 0.931546
vn -0.073635 -0.740836 0.667637
vn -0.409667 0.152099 0.899466
vn -0.307660 -0.016917 0.951346
vn -0.264960 -0.270336 0.925589
vn -0.330910 -0.698617 0.634376
vn -0.280625 -0.218622 0.934588
vn -0.233735 -0.769583 0.594231
vn -0.251011 -0.926546 0.280189
vn 0.000000 -0.178919 0.983864
vn 0.000000 0.004156 0.999991
vn 0.475657 0.014397 0.879513
vn 0.492763 -0.159762 0.855371
vn -0.000000 0.400817 0.916158
vn 0.172342 0.327442 0.929021
vn 0.827641 0.023445 0.560768
vn 0.812311 -0.081803 0.577459
vn 0.394287 0.325507 0.859408
vn -0.444705 0.640374 0.626225
vn 0.609559 0.554593 0.566449
vn 0.643905 0.215995 0.733984
vn 0.761203 0.253928 0.596734
vn 0.952866 -0.008268 0.303278
vn 0.951336 0.002058 0.308149
vn -0.383049 0.592173 0.708946
vn 0.563057 0.582591 0.586136
vn -0.465910 0.839771 0.278769
vn 0.495368 0.841037 0.217410
vn 0.020469 0.996184 0.084849
vn 0.000000 0.996355 -0.085303
vn 0.439897 0.609993 0.659089
vn 0.722406 0.556510 0.410397
vn -0.130940 0.757364 0.639730
vn 0.780925 0.592552 0.197583
vn 0.952551 -0.002269 0.304372
vn 0.984777 -0.027596 0.171616
vn 0.979926 0.042299 0.194821
vn 0.524872 0.486330 0.698565
vn 0.394333 0.884852 0.248070
vn -0.438697 0.831206 0.341529
vn -0.102971 0.978675 0.177742
vn -0.706947 0.436831 -0.556242
vn 0.513126 0.563765 -0.647202
vn 0.164441 0.816717 -0.553112
vn -0.167761 0.890706 0.422492
vn -0.434693 0.896112 -0.089582
vn 0.163947 0.764154 -0.623851
vn -0.465045 0.883270 0.059721
vn 0.038853 0.982751 0.180809
vn 0.939915 0.321756 0.114160
vn 0.986286 0.002720 0.165026
vn -0.288213 0.657508 0.696144
vn 0.795095 0.403385 0.452884
vn 0.313406 0.825386 -0.469590
vn -0.726183 0.547047 -0.416411
vn 0.000000 0.092525 -0.995710
vn -0.439695 0.248339 -0.863131
vn 0.532646 0.818500 0.215283
vn -0.790896 0.184968 -0.583326
vn -0.830019 0.538035 -0.146924
vn -0.637917 0.764115 -0.095869
vn -0.870017 0.467287 -0.157203
vn -0.663524 -0.031239 -0.747502
vn 0.679482 0.719463 -0.143797
vn 0.807886 0.477634 0.345233
vn 0.830168 0.495147 0.256223
vn -0.451050 0.826727 0.336267
vn 0.169376 0.939976 0.296238
vn 0.566510 0.821053 0.070268
vn -0.569251 0.295167 -0.767352
vn -0.404459 0.382990 -0.830501
vn 0.000000 0.556596 -0.830783
vn -0.415047 0.490916 -0.765988
vn -0.853134 0.434269 -0.289089
vn -0.897233 0.408563 -0.167479
vn -0.616969 0.662453 -0.424859
vn 0.056890 0.917148 -0.394465
vn -0.732325 -0.031487 -0.680226
vn -0.534553 0.213458 -0.817734
vn -0.140782 0.920247 -0.365139
vn -0.070683 0.924368 0.374897
vn -0.037493 0.976221 0.213510
vn -0.764219 0.596438 -0.245420
vn -0.321546 0.725183 -0.608866
vn 0.274330 0.488545 -0.828291
vn 0.000000 0.517699 -0.855563
vn -0.552792 0.485055 -0.677601
vn -0.757210 0.609137 -0.235766
vn -0.536113 0.605754 -0.587916
vn -0.765826 0.371779 -0.524681
vn -0.800299 0.576560 -0.164618
vn -0.793165 0.606141 0.059007
vn -0.798964 0.600315 -0.035757
vn -0.855332 0.392245 -0.338453
vn -0.937055 0.277543 -0.211892
vn -0.963105 0.211328 -0.166641
vn -0.475658 0.014397 0.879513
vn -0.492763 -0.159762 0.855371
vn -0.172342 0.327442 0.929021
vn -0.827641 0.023446 0.560768
vn -0.812311 -0.081803 0.577459
vn -0.394287 0.325507 0.859408
vn 0.444705 0.640374 0.626225
vn -0.609559 0.554593 0.566449
vn -0.643905 0.215995 0.733984
vn -0.761203 0.253928 0.596734
vn -0.952866 -0.008269 0.303278
vn -0.951336 0.002058 0.308149
vn 0.383049 0.592173 0.708946
vn -0.563057 0.582591 0.586136
vn 0.465910 0.839772 0.278769
vn -0.495368 0.841037 0.217410
vn -0.020469 0.996184 0.084849
vn -0.439897 0.609993 0.659089
vn -0.722406 0.556510 0.410397
vn 0.130940 0.757364 0.639730
vn -0.780925 0.592551 0.197583
vn -0.952550 -0.002269 0.304372
vn -0.984777 -0.027598 0.171616
vn -0.979927 0.042298 0.194820
vn -0.524872 0.486330 0.698565
vn -0.394333 0.884852 0.248070
vn 0.438697 0.831206 0.341529
vn 0.102971 0.978675 0.177742
vn 0.706947 0.436831 -0.556242
vn -0.513126 0.563765 -0.647202
vn -0.164441 0.816717 -0.553112
vn 0.167761 0.890706 0.422492
vn 0.434693 0.896112 -0.089582
vn -0.163947 0.764154 -0.623851
vn 0.465045 0.883270 0.059721
vn -0.038853 0.982751 0.180809
vn -0.939916 0.321754 0.114160
vn -0.986286 0.002720 0.165026
vn 0.288213 0.657508 0.696144
vn -0.795095 0.403385 0.452884
vn -0.313406 0.825386 -0.469590
vn 0.726183 0.547047 -0.416411
vn 0.439695 0.248339 -0.863131
vn -0.532646 0.818500 0.215283
vn 0.790896 0.184968 -0.583326
vn 0.830019 0.538035 -0.146924
vn 0.637917 0.764115 -0.095869
vn 0.870017 0.467287 -0.157203
vn 0.663524 -0.031239 -0.747502
vn -0.679482 0.719463 -0.143797
vn -0.807886 0.477634 0.345233
vn -0.830168 0.495147 0.256223
vn 0.451050 0.826727 0.336267
vn -0.169376 0.939976 0.296238
vn -0.566510 0.821053 0.070268
vn 0.569251 0.295167 -0.767352
vn 0.404459 0.382990 -0.830501
vn 0.415047 0.490916 -0.765988
vn 0.853134 0.434269 -0.289089
vn 0.897233 0.408563 -0.167479
vn 0.616969 0.662453 -0.424859
vn -0.056890 0.917148 -0.394465
vn 0.732325 -0.031487 -0.680226
vn 0.534553 0.213458 -0.817734
vn 0.140782 0.920247 -0.365139
vn 0.070683 0.924368 0.374897
vn 0.037493 0.976221 0.213510
vn 0.764219 0.596438 -0.245420
vn 0.321546 0.725183 -0.608866
vn -0.274330 0.488545 -0.828291
vn 0.552792 0.485055 -0.677601
vn 0.757210 0.609137 -0.235766
vn 0.536113 0.605754 -0.587916
vn 0.765826 0.371779 -0.524681
vn 0.800299 0.576560 -0.164618
vn 0.793165 0.606142 0.059008
vn 0.798963 0.600316 -0.035757
vn 0.855332 0.392245 -0.338453
vn 0.937055 0.277543 -0.211891
vn 0.963105 0.211329 -0.166640
vn -0.000002 0.049950 0.998752
vn 0.449872 0.052999 0.891519
vn -0.000001 0.221088 0.975254
vn 0.409009 -0.009759 0.912478
vn 0.666421 -0.001287 0.745575
vn 0.243971 -0.011783 0.969711
vn 0.816156 0.019278 0.577509
vn 0.754579 0.021526 0.655856
vn 0.608347 -0.050197 0.792083
vn 0.712176 -0.500207 0.492543
vn -0.000005 0.078641 0.996903
vn 0.867338 0.030841 0.496763
vn 0.699329 -0.010832 0.714717
vn 0.709753 -0.703611 -0.034379
vn 0.398265 -0.856670 0.327874
vn -0.104676 -0.629939 0.769558
vn 0.255766 -0.676390 0.690710
vn 0.207678 -0.799808 0.563184
vn -0.000004 -0.555069 0.831804
vn 0.943345 -0.041903 0.329157
vn 0.939007 0.006197 0.343844
vn 0.806640 0.054205 0.588552
vn 0.703829 -0.696515 -0.139611
vn 0.406814 -0.889190 0.209389
vn 0.068566 -0.818670 0.570156
vn 0.505454 -0.818235 0.273874
vn -0.333456 -0.722640 -0.605474
vn -0.310154 -0.762216 -0.568183
vn 0.100697 -0.827687 -0.552082
vn -0.359842 -0.488268 -0.795052
vn -0.087438 -0.930630 -0.355361
vn -0.105316 -0.924721 0.365787
vn 0.969334 -0.021000 0.244849
vn 0.871754 0.026752 0.489213
vn 0.635504 -0.741169 -0.216339
vn 0.571284 -0.671615 0.471772
vn 0.627764 -0.757657 0.178515
vn -0.429942 -0.652003 -0.624533
vn -0.484259 -0.600334 -0.636469
vn -0.567815 -0.765993 -0.301399
vn -0.580907 -0.273189 -0.766756
vn -0.226145 -0.656968 -0.719202
vn -0.212348 -0.925724 -0.312958
vn 0.000000 -0.883376 -0.468665
vn 0.950126 -0.091251 0.298219
vn 0.960907 -0.033955 0.274780
vn 0.958715 -0.010199 0.284186
vn 0.784182 -0.560228 -0.266838
vn 0.503295 -0.769823 0.392513
vn 0.507008 -0.861398 0.030598
vn -0.439972 -0.798973 -0.409960
vn -0.749605 -0.341621 -0.566910
vn -0.398982 -0.251903 -0.881679
vn -0.399001 -0.624151 -0.671740
vn -0.000001 -0.342759 -0.939423
vn 0.942096 -0.327365 0.072707
vn 0.973209 0.044875 0.225500
vn 0.606718 -0.740249 -0.289699
vn 0.658256 -0.665606 0.351663
vn 0.316194 -0.946735 -0.060942
vn -0.498479 -0.793090 -0.350038
vn -0.847352 -0.377619 -0.373361
vn -0.000002 -0.188491 -0.982075
vn 0.575208 -0.731061 -0.366996
vn 0.427043 -0.781085 0.455565
vn 0.667794 -0.710122 -0.223108
vn 0.704119 -0.644804 0.297397
vn 0.506406 -0.860669 -0.052941
vn -0.341427 -0.926668 -0.157205
vn -0.227439 -0.966722 -0.117132
vn -0.241735 -0.938076 -0.248147
vn -0.935591 -0.258319 -0.240710
vn -0.757757 -0.604334 -0.246141
vn -0.192725 -0.899798 -0.391435
vn -0.355994 -0.932465 0.061454
vn 0.447548 -0.887623 0.108745
vn 0.203481 -0.630494 -0.749048
vn 0.121859 -0.805701 -0.579651
vn -0.194923 -0.962601 -0.188162
vn -0.238102 -0.928722 -0.284225
vn -0.795032 -0.584461 -0.162265
vn -0.710306 -0.504070 -0.491303
vn -0.186124 -0.979000 -0.083170
vn -0.577227 -0.541032 -0.611632
vn -0.064203 -0.963364 0.260398
vn -0.077547 -0.522769 -0.848940
vn -0.449873 0.053001 0.891518
vn -0.409008 -0.009762 0.912479
vn -0.666422 -0.001289 0.745574
vn -0.243974 -0.011786 0.969710
vn -0.816157 0.019279 0.577509
vn -0.754575 0.021526 0.655860
vn -0.608346 -0.050200 0.792083
vn -0.712175 -0.500211 0.492540
vn -0.867338 0.030844 0.496764
vn -0.699332 -0.010835 0.714715
vn -0.709747 -0.703617 -0.034387
vn -0.398261 -0.856673 0.327870
vn 0.104678 -0.629941 0.769556
vn -0.255765 -0.676396 0.690705
vn -0.207680 -0.799809 0.563183
vn -0.943345 -0.041903 0.329157
vn -0.939006 0.006199 0.343845
vn -0.806640 0.054207 0.588552
vn -0.703829 -0.696516 -0.139608
vn -0.406811 -0.889193 0.209384
vn -0.068564 -0.818672 0.570154
vn -0.505445 -0.818242 0.273870
vn 0.333458 -0.722636 -0.605477
vn 0.310160 -0.762212 -0.568185
vn -0.100695 -0.827685 -0.552085
vn 0.359842 -0.488268 -0.795053
vn 0.087439 -0.930630 -0.355363
vn 0.105312 -0.924721 0.365786
vn -0.969334 -0.021000 0.244849
vn -0.871753 0.026756 0.489215
vn -0.635504 -0.741169 -0.216339
vn -0.571285 -0.671613 0.471772
vn -0.627763 -0.757655 0.178529
vn 0.429947 -0.651994 -0.624540
vn 0.484262 -0.600329 -0.636471
vn 0.567817 -0.765991 -0.301399
vn 0.580907 -0.273187 -0.766757
vn 0.226145 -0.656968 -0.719202
vn 0.212348 -0.925724 -0.312959
vn -0.950126 -0.091252 0.298218
vn -0.960907 -0.033955 0.274780
vn -0.958714 -0.010198 0.284188
vn -0.784181 -0.560229 -0.266838
vn -0.503295 -0.769823 0.392514
vn -0.507009 -0.861398 0.030598
vn 0.439972 -0.798973 -0.409960
vn 0.749606 -0.341620 -0.566910
vn 0.398981 -0.251900 -0.881681
vn 0.399001 -0.624151 -0.671740
vn -0.942097 -0.327364 0.072710
vn -0.973209 0.044875 0.225500
vn -0.606718 -0.740249 -0.289699
vn -0.658256 -0.665605 0.351665
vn -0.316194 -0.946735 -0.060942
vn 0.498479 -0.793090 -0.350038
vn 0.847352 -0.377618 -0.373361
vn -0.575209 -0.731066 -0.366984
vn -0.427043 -0.781085 0.455566
vn -0.667794 -0.710122 -0.223108
vn -0.704119 -0.644804 0.297397
vn -0.506406 -0.860669 -0.052941
vn 0.341428 -0.926668 -0.157206
vn 0.227439 -0.966722 -0.117134
vn 0.241737 -0.938076 -0.248149
vn 0.935591 -0.258319 -0.240709
vn 0.757758 -0.604332 -0.246142
vn 0.192726 -0.899800 -0.391429
vn 0.355994 -0.932465 0.061456
vn -0.447548 -0.887624 0.108745
vn -0.203482 -0.630500 -0.749043
vn -0.121861 -0.805702 -0.579650
vn 0.194923 -0.962601 -0.188162
vn 0.238103 -0.928721 -0.284226
vn 0.795033 -0.584460 -0.162263
vn 0.710306 -0.504070 -0.491303
vn 0.186124 -0.979000 -0.083168
vn 0.577228 -0.541029 -0.611634
vn 0.064204 -0.963364 0.260400
vn 0.077549 -0.522764 -0.848943
vn 0.124279 0.038900 0.991485
vn 0.437612 0.034580 0.898499
vn 0.624587 0.103933 0.774009
vn 0.515113 -0.303341 0.801650
vn -0.184671 0.029062 0.982371
vn 0.045811 -0.460057 0.886707
vn 0.280402 -0.444415 0.850805
vn -0.473689 0.014544 0.880572
vn -0.186125 -0.442736 0.877122
vn -0.680624 0.022061 0.732301
vn -0.417003 -0.417186 0.807505
vn -0.773603 0.076656 0.629017
vn -0.610109 -0.370608 0.700298
vn -0.750373 -0.270286 0.603229
vn -0.124276 0.038881 0.991486
vn -0.437600 0.034569 0.898505
vn -0.624587 0.103933 0.774009
vn -0.515112 -0.303341 0.801651
vn 0.184659 0.029055 0.982373
vn -0.045806 -0.460043 0.886714
vn -0.280360 -0.444416 0.850819
vn 0.473690 0.014546 0.880572
vn 0.186087 -0.442729 0.877133
vn 0.680624 0.022062 0.732300
vn 0.417006 -0.417184 0.807505
vn 0.773602 0.076655 0.629018
vn 0.610111 -0.370606 0.700297
vn 0.750373 -0.270286 0.603230
vn -0.000000 -0.241435 -0.970417
vn -0.000000 -0.555676 -0.831399
vn 0.000001 -0.975106 -0.221740
vn 0.000002 -0.993629 0.112705
vn 0.000031 0.988042 0.154183
vn 0.000015 0.995382 0.095988
vn -0.000000 0.918449 -0.395539
vn 0.000000 0.294165 -0.955755
vn -0.296049 -0.227888 -0.927589
vn -0.241831 -0.547142 -0.801345
vn -0.113265 -0.971557 -0.207961
vn -0.086975 -0.987306 0.132902
vn -0.139714 -0.974612 0.174963
vn -0.246633 -0.947040 0.205637
vn -0.317505 -0.924796 0.209624
vn -0.758564 -0.641016 0.116961
vn -0.999394 -0.029525 -0.018426
vn -0.981367 0.191736 -0.012470
vn -0.683191 0.723620 0.098104
vn -0.197353 0.964101 0.177655
vn -0.127908 0.971587 0.199142
vn -0.041356 0.980378 0.192740
vn -0.020599 0.984360 0.174962
vn -0.021222 0.986847 0.160258
vn -0.009868 0.995014 0.099247
vn -0.184664 0.907155 -0.378113
vn -0.346157 0.301388 -0.888448
vn -0.498760 -0.184624 -0.846848
vn -0.412827 -0.534781 -0.737281
vn -0.204403 -0.963903 -0.170619
vn -0.388728 -0.913196 -0.122327
vn -0.509511 -0.855441 -0.092837
vn -0.848885 -0.519785 -0.096012
vn -0.994843 -0.001781 -0.101412
vn -0.974664 0.193946 -0.111423
vn -0.758342 0.647839 -0.072264
vn -0.388041 0.921641 0.001381
vn -0.271701 0.961433 0.042710
vn -0.122141 0.989527 0.076922
vn -0.045055 0.994304 0.096589
vn -0.311737 0.885860 -0.343617
vn -0.509707 0.345107 -0.788099
vn -0.641241 -0.162552 -0.749924
vn -0.620070 -0.481152 -0.619682
vn -0.719789 -0.437887 -0.538665
vn -0.893168 -0.236597 -0.382456
vn -0.967373 0.049752 -0.248423
vn -0.941507 0.210564 -0.263109
vn -0.831172 0.451082 -0.325081
vn -0.672811 0.655770 -0.342477
vn -0.569087 0.748268 -0.340933
vn -0.450509 0.830440 -0.327736
vn -0.651362 0.379328 -0.657144
vn -0.690519 -0.158352 -0.705768
vn -0.827098 -0.050891 -0.559749
vn -0.896820 0.112724 -0.427794
vn -0.874654 0.265333 -0.405683
vn -0.818561 0.343873 -0.460118
vn -0.763147 0.367777 -0.531364
vn -0.708310 0.388910 -0.589106
vn 0.296049 -0.227888 -0.927589
vn 0.241831 -0.547142 -0.801345
vn 0.113305 -0.971553 -0.207957
vn 0.087050 -0.987298 0.132911
vn 0.139803 -0.974593 0.174999
vn 0.246474 -0.947070 0.205693
vn 0.317334 -0.924848 0.209656
vn 0.758564 -0.641016 0.116961
vn 0.999394 -0.029526 -0.018427
vn 0.978226 0.207395 -0.007800
vn 0.677306 0.728421 0.103247
vn 0.205473 0.962210 0.178699
vn 0.127883 0.971586 0.199162
vn 0.041352 0.980374 0.192762
vn 0.020612 0.984356 0.174982
vn 0.021268 0.986844 0.160270
vn 0.009891 0.995013 0.099253
vn 0.184664 0.907155 -0.378113
vn 0.346157 0.301388 -0.888448
vn 0.498765 -0.184617 -0.846847
vn 0.412827 -0.534781 -0.737281
vn 0.204451 -0.963896 -0.170600
vn 0.388650 -0.913233 -0.122297
vn 0.509432 -0.855490 -0.092822
vn 0.848885 -0.519785 -0.096012
vn 0.994843 -0.001782 -0.101412
vn 0.973313 0.201850 -0.109176
vn 0.755666 0.651354 -0.068599
vn 0.391959 0.919981 0.001917
vn 0.271689 0.961436 0.042720
vn 0.122139 0.989527 0.076934
vn 0.045061 0.994303 0.096599
vn 0.311737 0.885860 -0.343617
vn 0.509707 0.345107 -0.788099
vn 0.641241 -0.162543 -0.749927
vn 0.620070 -0.481151 -0.619682
vn 0.719789 -0.437887 -0.538665
vn 0.893168 -0.236597 -0.382456
vn 0.967373 0.049752 -0.248423
vn 0.941508 0.210562 -0.263110
vn 0.831172 0.451082 -0.325082
vn 0.672810 0.655771 -0.342477
vn 0.569087 0.748268 -0.340933
vn 0.450509 0.830440 -0.327736
vn 0.651361 0.379328 -0.657144
vn 0.690515 -0.158349 -0.705773
vn 0.827098 -0.050891 -0.559749
vn 0.896820 0.112724 -0.427794
vn 0.874654 0.265333 -0.405683
vn 0.818561 0.343873 -0.460118
vn 0.763147 0.367777 -0.531364
vn 0.708310 0.388910 -0.589106

usemtl PackedMaterial0
f 2/101/93 3/102/94 5/103/96 4/104/95
f 6/105/97 1/106/92 2/101/93 4/104/95
f 7/107/98 6/105/97 4/104/95 8/108/99
f 8/108/99 4/104/95 5/103/96 9/109/100
f 10/110/101 13/111/104 12/112/103 11/113/102
f 8/108/99 9/109/100 10/114/101 11/115/102
f 14/116/105 7/107/98 8/108/99 11/115/102
f 15/117/106 14/118/105 11/113/102 12/112/103
f 16/119/107 15/117/106 12/112/103 18/120/109
f 17/121/108 18/120/109 12/112/103 13/111/104
f 19/122/110 20/123/111 17/121/108 13/111/104
f 21/124/112 23/125/114 19/122/110 22/126/113
f 26/127/117 21/128/112 22/129/113 27/130/118
f 22/126/113 19/122/110 13/111/104 10/110/101
f 27/130/118 22/129/113 10/131/101 9/132/100
f 28/133/119 27/130/118 9/132/100 5/134/96
f 29/135/120 28/133/119 5/134/96 3/136/94
f 30/141/125 33/142/128 32/143/127 31/144/126
f 35/151/130 34/152/129 31/144/126 32/143/127
f 36/153/131 37/154/132 35/151/130 32/143/127
f 36/153/131 32/143/127 33/142/128 38/155/133
f 39/156/134 243/157/374 242/158/373 40/159/135
f 36/153/131 38/155/133 39/156/134 40/159/135
f 40/159/135 43/160/138 37/154/132 36/153/131
f 243/157/374 39/156/134 44/161/139 244/162/375
f 40/159/135 242/158/373 241/163/372 43/160/138
f 245/164/376 244/162/375 44/161/139 48/165/143
f 55/166/150 20/123/111 19/122/110 23/125/114
f 56/167/151 55/166/150 250/168/381 249/169/380
f 248/170/379 247/171/378 49/172/144 57/173/152
f 248/170/379 57/173/152 56/167/151 249/169/380
f 58/174/153 59/175/154 17/121/108 20/123/111
f 58/174/153 20/123/111 55/166/150 56/167/151
f 60/176/155 58/174/153 56/167/151 57/173/152
f 49/172/144 61/177/156 60/176/155 57/173/152
f 59/175/154 58/174/153 60/176/155 62/178/157
f 15/117/106 16/119/107 87/179/217 73/180/170
f 61/177/156 49/172/144 48/181/143 63/182/158
f 63/183/158 48/165/143 44/161/139 64/184/159
f 64/184/159 44/161/139 39/156/134 38/155/133
f 64/184/159 38/155/133 33/142/128
f 65/185/160 68/186/163 67/187/162 66/188/161
f 69/189/164 65/185/160 66/188/161 70/190/165
f 71/191/166 72/192/167 69/189/164 70/190/165
f 33/142/128 30/141/125 71/191/166 70/190/165
f 69/189/164 72/192/167 1/106/92 6/105/97
f 65/185/160 69/189/164 6/105/97 7/107/98
f 68/186/163 65/185/160 7/107/98 14/116/105
f 15/117/106 73/180/170 68/197/163 14/118/105
f 43/160/138 241/163/372 240/198/371 26/127/117
f 37/154/132 43/160/138 26/127/117 27/130/118
f 35/151/130 37/154/132 27/130/118 28/133/119
f 34/152/129 35/151/130 28/133/119 29/135/120
f 93/211/223 96/212/226 168/213/299 167/214/298
f 144/215/275 143/216/274 127/217/257 126/218/256
f 150/219/281 149/220/280 119/221/249 118/222/248
f 156/223/287 155/224/286 111/225/241 110/226/240
f 54/227/149 74/228/184 129/229/260 237/230/368
f 24/231/115 77/232/187 74/228/184 54/227/149
f 171/233/302 170/234/301 77/232/187 24/231/115
f 75/235/185 76/236/186 25/237/116 46/238/141
f 42/239/137 82/240/192 84/241/194 41/242/136
f 47/243/142 81/244/191 78/245/188 45/246/140
f 141/247/272 140/248/271 50/249/145 80/250/190
f 79/251/189 80/250/190 50/249/145 51/252/146
f 162/253/293 161/254/292 103/255/233 101/256/231
f 67/187/162 63/183/158 64/184/159 66/188/161
f 73/180/170 86/272/216 67/273/162 68/197/163
f 63/182/158 67/273/162 86/272/216 61/177/156
f 62/178/157 60/176/155 61/177/156 86/272/216
f 87/179/217 62/178/157 86/272/216 73/180/170
f 87/179/217 16/119/107 88/274/218
f 62/178/157 87/179/217 88/274/218 59/175/154
f 16/119/107 18/120/109 88/274/218
f 17/121/108 59/175/154 88/274/218 18/120/109
f 183/289/314 89/290/219 166/291/297 178/292/309
f 179/293/310 90/294/220 91/295/221 180/296/311
f 181/297/312 169/298/300 92/299/222 182/300/313
f 182/300/313 92/299/222 89/290/219 183/289/314
f 89/290/219 177/301/308 176/302/307 166/291/297
f 90/294/220 175/303/306 174/304/305 91/295/221
f 169/298/300 173/305/304 172/306/303 92/299/222
f 92/299/222 172/306/303 177/301/308 89/290/219
f 164/307/295 190/308/321 195/309/326 129/229/260
f 85/310/195 132/311/263 159/312/290 158/313/289
f 188/314/319 162/253/293 101/256/231 189/315/320
f 189/315/320 101/256/231 103/255/233 184/316/315
f 184/316/315 103/255/233 161/254/292 185/317/316
f 186/318/317 104/319/234 102/320/232 187/321/318
f 208/322/339 157/323/288 106/324/236 209/325/340
f 209/325/340 106/324/236 107/326/237 204/327/335
f 204/327/335 107/326/237 154/328/285 205/329/336
f 206/330/337 108/331/238 105/332/235 207/333/338
f 202/334/333 156/223/287 110/226/240 203/335/334
f 203/335/334 110/226/240 111/225/241 198/336/329
f 198/336/329 111/225/241 155/224/286 199/337/330
f 200/338/331 112/339/242 109/340/239 201/341/332
f 152/342/283 224/343/355 229/344/360 136/345/267
f 79/251/189 134/346/265 147/347/278 146/348/277
f 214/349/345 150/219/281 118/222/248 215/350/346
f 215/350/346 118/222/248 119/221/249 210/351/341
f 210/351/341 119/221/249 149/220/280 211/352/342
f 212/353/343 120/354/250 117/355/247 213/356/344
f 146/348/277 145/357/276 122/358/252 79/251/189
f 79/251/189 122/358/252 123/359/253 80/250/190
f 80/250/190 123/359/253 142/360/273 141/247/272
f 81/244/191 124/361/254 121/362/251 78/245/188
f 218/363/349 144/215/275 126/218/256 219/364/350
f 219/364/350 126/218/256 127/217/257 220/365/351
f 220/365/351 127/217/257 143/216/274 221/366/352
f 222/367/353 128/368/258 125/369/255 223/370/354
f 165/371/296 164/307/295 129/229/260 74/228/184
f 132/311/263 194/372/325 193/373/324 159/312/290
f 134/346/265 228/374/359 227/375/358 147/347/278
f 153/376/284 152/342/283 136/345/267 83/377/193
f 133/378/264 226/379/357 225/380/356 135/381/266
f 136/345/267 229/344/360 228/374/359 134/346/265
f 194/372/325 132/311/263 129/229/260 195/309/326
f 191/382/322 130/383/261 131/384/262 192/385/323
f 196/386/327 46/238/141 41/242/136 197/387/328
f 216/388/347 133/378/264 135/381/266 217/389/348
f 54/227/149 237/230/368 236/390/367 53/391/148
f 83/377/193 52/392/147 53/391/148 85/310/195
f 238/393/369 51/252/146 52/392/147 239/394/370
f 21/124/112 139/395/270 138/396/269 23/125/114
f 23/125/114 138/396/269 137/397/268 55/166/150
f 138/396/269 24/231/115 54/227/149 137/397/268
f 81/244/191 47/243/142 140/398/271 141/399/272
f 142/400/273 124/361/254 81/244/191 141/399/272
f 143/401/274 128/368/258 222/367/353 221/402/352
f 125/369/255 128/368/258 143/401/274 144/403/275
f 223/370/354 125/369/255 144/403/275 218/404/349
f 78/245/188 121/362/251 145/405/276 146/406/277
f 147/407/278 133/378/264 78/245/188 146/406/277
f 227/408/358 226/379/357 133/378/264 147/407/278
f 149/409/280 120/354/250 212/353/343 211/410/342
f 117/355/247 120/354/250 149/409/280 150/411/281
f 213/356/344 117/355/247 150/411/281 214/412/345
f 135/381/266 225/380/356 224/413/355 152/414/283
f 82/240/192 135/381/266 152/414/283 153/415/284
f 154/416/285 108/331/238 206/330/337 205/417/336
f 155/418/286 112/339/242 200/338/331 199/419/330
f 109/340/239 112/339/242 155/418/286 156/420/287
f 201/341/332 109/340/239 156/420/287 202/421/333
f 207/333/338 105/332/235 157/422/288 208/423/339
f 159/424/290 131/384/262 84/241/194 158/425/289
f 193/426/324 192/385/323 131/384/262 159/424/290
f 161/427/292 104/319/234 186/318/317 185/428/316
f 102/320/232 104/319/234 161/427/292 162/429/293
f 187/321/318 102/320/232 162/429/293 188/430/319
f 130/383/261 191/382/322 190/431/321 164/432/295
f 75/235/185 130/383/261 164/432/295 165/433/296
f 166/434/297 90/294/220 179/293/310 178/435/309
f 176/436/307 175/303/306 90/294/220 166/434/297
f 168/437/299 95/438/225 94/439/224 167/440/298
f 91/295/221 174/304/305 173/441/304 169/442/300
f 180/296/311 91/295/221 169/442/300 181/443/312
f 25/237/116 76/236/186 170/444/301 171/445/302
f 173/305/304 168/213/299 96/212/226 172/306/303
f 174/304/305 95/438/225 168/437/299 173/441/304
f 175/303/306 94/439/224 95/438/225 174/304/305
f 167/440/298 94/439/224 175/303/306 176/436/307
f 177/301/308 93/211/223 167/214/298 176/302/307
f 172/306/303 96/212/226 93/211/223 177/301/308
f 178/435/309 179/293/310 75/235/185 165/433/296
f 75/235/185 179/293/310 180/296/311 76/236/186
f 76/236/186 180/296/311 181/443/312 170/444/301
f 170/234/301 181/297/312 182/300/313 77/232/187
f 77/232/187 182/300/313 183/289/314 74/228/184
f 74/228/184 183/289/314 178/292/309 165/371/296
f 99/446/229 184/316/315 185/317/316 160/447/291
f 186/318/317 100/448/230 160/449/291 185/428/316
f 100/448/230 186/318/317 187/321/318 98/450/228
f 98/450/228 187/321/318 188/430/319 163/451/294
f 163/452/294 188/314/319 189/315/320 97/453/227
f 97/453/227 189/315/320 184/316/315 99/446/229
f 191/382/322 98/450/228 163/451/294 190/431/321
f 98/450/228 191/382/322 192/385/323 100/448/230
f 160/449/291 100/448/230 192/385/323 193/426/324
f 194/372/325 99/446/229 160/447/291 193/373/324
f 99/446/229 194/372/325 195/309/326 97/453/227
f 190/308/321 163/452/294 97/453/227 195/309/326
f 130/383/261 196/386/327 197/387/328 131/384/262
f 196/386/327 130/383/261 75/235/185 46/238/141
f 131/384/262 197/387/328 41/242/136 84/241/194
f 107/326/237 198/336/329 199/337/330 154/328/285
f 200/338/331 108/331/238 154/416/285 199/419/330
f 108/331/238 200/338/331 201/341/332 105/332/235
f 105/332/235 201/341/332 202/421/333 157/422/288
f 157/323/288 202/334/333 203/335/334 106/324/236
f 106/324/236 203/335/334 198/336/329 107/326/237
f 83/377/193 204/327/335 205/329/336 153/376/284
f 206/330/337 82/240/192 153/415/284 205/417/336
f 82/240/192 206/330/337 207/333/338 84/241/194
f 84/241/194 207/333/338 208/423/339 158/425/289
f 158/313/289 208/322/339 209/325/340 85/310/195
f 85/310/195 209/325/340 204/327/335 83/377/193
f 115/454/245 210/351/341 211/352/342 148/455/279
f 212/353/343 116/456/246 148/457/279 211/410/342
f 116/456/246 212/353/343 213/356/344 113/458/243
f 113/458/243 213/356/344 214/412/345 151/459/282
f 151/460/282 214/349/345 215/350/346 114/461/244
f 114/461/244 215/350/346 210/351/341 115/454/245
f 45/246/140 216/388/347 217/389/348 42/239/137
f 217/389/348 135/381/266 82/240/192 42/239/137
f 133/378/264 216/388/347 45/246/140 78/245/188
f 233/462/364 218/363/349 219/364/350 234/463/365
f 234/463/365 219/364/350 220/365/351 235/464/366
f 235/464/366 220/365/351 221/366/352 230/465/361
f 222/367/353 231/466/362 230/467/361 221/402/352
f 231/466/362 222/367/353 223/370/354 232/468/363
f 232/468/363 223/370/354 218/404/349 233/469/364
f 225/380/356 113/458/243 151/459/282 224/413/355
f 226/379/357 116/456/246 113/458/243 225/380/356
f 148/457/279 116/456/246 226/379/357 227/408/358
f 228/374/359 115/454/245 148/455/279 227/375/358
f 229/344/360 114/461/244 115/454/245 228/374/359
f 224/343/355 151/460/282 114/461/244 229/344/360
f 231/466/362 124/361/254 142/400/273 230/467/361
f 124/361/254 231/466/362 232/468/363 121/362/251
f 121/362/251 232/468/363 233/469/364 145/405/276
f 145/357/276 233/462/364 234/463/365 122/358/252
f 122/358/252 234/463/365 235/464/366 123/359/253
f 123/359/253 235/464/366 230/465/361 142/360/273
f 24/231/115 138/396/269 139/395/270 171/233/302
f 237/230/368 129/229/260 132/311/263 236/390/367
f 236/390/367 132/311/263 85/310/195 53/391/148
f 134/346/265 238/393/369 239/394/370 136/345/267
f 238/393/369 134/346/265 79/251/189 51/252/146
f 136/345/267 239/394/370 52/392/147 83/377/193
f 49/172/144 247/171/378 246/470/377 48/181/143
f 241/163/372 46/238/141 25/237/116 240/198/371
f 242/158/373 41/242/136 46/238/141 241/163/372
f 243/157/374 42/239/137 41/242/136 242/158/373
f 42/239/137 243/157/374 244/162/375 45/246/140
f 47/243/142 45/246/140 244/162/375 245/164/376
f 21/128/112 26/127/117 240/198/371 139/471/270
f 25/237/116 171/445/302 139/471/270 240/198/371
f 247/171/378 50/249/145 140/248/271 246/470/377
f 51/252/146 50/249/145 247/171/378 248/170/379
f 51/252/146 248/170/379 249/169/380 52/392/147
f 250/168/381 53/391/148 52/392/147 249/169/380
f 47/243/142 245/164/376 246/472/377 140/398/271
f 53/391/148 250/168/381 137/397/268 54/227/149
f 250/168/381 55/166/150 137/397/268
f 48/165/143 246/472/377 245/164/376
f 64/184/159 33/142/128 70/190/165 66/188/161

usemtl PackedMaterial0
f 251/473/382 254/474/385 253/475/384 252/476/383
f 255/477/386 258/478/389 257/479/388 256/480/387
f 259/481/390 262/482/393 261/483/392 260/484/391
f 263/485/394 266/486/397 265/487/396 264/488/395
f 267/489/398 270/490/401 269/491/400 268/492/399
f 271/493/402 273/494/404 255/495/386 272/496/403
f 274/497/405 277/498/408 276/499/407 275/500/406
f 271/493/402 278/501/409 253/475/384
f 258/478/389 281/502/412 280/503/411 279/504/410
f 276/499/407 277/498/408 283/505/414 282/506/413
f 284/507/415 287/508/418 286/509/417 285/510/416
f 258/478/389 279/504/410 288/511/419 257/479/388
f 282/506/413 283/505/414 290/512/421 289/513/420
f 291/514/422 294/515/425 293/516/424 292/517/423
f 295/518/426 296/519/427 266/520/397
f 297/521/428 300/522/431 299/523/430 298/524/429
f 301/525/432 303/526/434 302/527/433
f 265/528/396 305/529/436 304/530/435
f 306/531/437 301/525/432 302/527/433 307/532/438
f 292/517/423 308/533/439 297/521/428 298/524/429
f 253/475/384 309/534/440 273/494/404 271/493/402
f 310/535/441 313/536/444 312/537/443 311/538/442
f 314/539/445 317/540/448 316/541/447 315/542/446
f 263/543/394 318/544/449 295/518/426 266/520/397
f 277/498/408 319/545/450 288/511/419 283/505/414
f 303/526/434 321/546/452 320/547/451 302/527/433
f 322/548/453 325/549/456 324/550/455 323/551/454
f 326/552/457 329/553/460 328/554/459 327/555/458
f 266/486/397 331/556/462 330/557/461 265/487/396
f 332/558/463 335/559/466 334/560/465 333/561/464
f 336/562/467 264/563/395 265/528/396 304/530/435
f 337/564/468 331/556/462 312/537/443 313/536/444
f 338/565/469 339/566/470 310/535/441 311/538/442
f 340/567/471 343/568/474 342/569/473 341/570/472
f 344/571/475 276/499/407 282/506/413 307/532/438
f 296/519/427 305/529/436 324/550/455 293/516/424
f 345/572/476 318/544/449 263/543/394
f 325/549/456 346/573/477 293/516/424 324/550/455
f 347/574/478 350/575/481 349/576/480 348/577/479
f 264/563/395 336/562/467 351/578/482
f 351/578/482 353/579/484 352/580/483 264/563/395
f 288/511/419 279/504/410 355/581/486 354/582/485
f 352/583/483 356/584/487 263/485/394 264/488/395
f 269/491/400 256/480/387 257/479/388 268/492/399
f 305/529/436 265/528/396 330/585/461 324/550/455
f 357/586/488 358/587/489 350/575/481 347/574/478
f 345/572/476 263/543/394 356/588/487 359/589/490
f 322/548/453 360/590/491 321/546/452
f 361/591/492 362/592/493 262/593/393 259/594/390
f 320/547/451 278/501/409 271/493/402 272/496/403
f 261/483/392 364/595/495 363/596/494 260/484/391
f 347/574/478 366/597/497 365/598/496 357/586/488
f 360/590/491 252/476/383 278/501/409
f 285/510/416 286/509/417 367/599/498 314/539/445
f 352/583/483 343/600/474 340/601/471 356/584/487
f 368/602/499 346/573/477 301/525/432 306/531/437
f 369/603/500 368/602/499 306/531/437 289/513/420
f 370/604/501 371/605/502 358/587/489 357/586/488
f 356/588/487 340/567/471 341/570/472 359/589/490
f 343/568/474 352/580/483 353/579/484 342/569/473
f 372/606/503 373/607/504 299/523/430 300/522/431
f 324/550/455 371/605/502 370/604/501 323/551/454
f 311/608/442 375/609/506 374/610/505
f 346/573/477 325/549/456 303/526/434 301/525/432
f 355/581/486 331/556/462 337/564/468 354/582/485
f 325/549/456 322/548/453 321/546/452 303/526/434
f 320/547/451 321/546/452 278/501/409
f 372/606/503 315/542/446 316/541/447 373/607/504
f 292/517/423 337/611/468 313/612/444 291/514/422
f 251/473/382 259/481/390 260/484/391 254/474/385
f 376/613/507 291/514/422 313/612/444
f 273/614/404 281/502/412 258/478/389 255/477/386
f 377/615/508 378/616/509 366/597/497 348/577/479
f 309/617/440 379/618/510 281/502/412 273/614/404
f 355/581/486 380/619/511 330/557/461 331/556/462
f 322/548/453 323/551/454 381/620/512 360/590/491
f 292/517/423 293/516/424 346/573/477 368/602/499
f 368/602/499 369/603/500 308/533/439 292/517/423
f 382/621/513 308/533/439 369/603/500 290/512/421
f 257/479/388 288/511/419 319/545/450 268/492/399
f 369/603/500 289/513/420 290/512/421
f 285/510/416 314/539/445 315/542/446 383/622/514
f 266/520/397 296/519/427 293/516/424 331/623/462
f 361/591/492 259/594/390 251/624/382 384/625/515
f 385/626/516 298/524/429 299/523/430
f 386/627/517 389/628/520 388/629/519 387/630/518
f 255/495/386 256/631/387 390/632/521 272/496/403
f 379/618/510 252/633/383 280/503/411 281/502/412
f 391/634/522 297/521/428 308/533/439 382/621/513
f 353/579/484 359/589/490 341/570/472 342/569/473
f 392/635/523 373/607/504 316/541/447
f 290/512/421 283/505/414 288/511/419 354/582/485
f 298/524/429 337/611/468 292/517/423
f 348/577/479 366/597/497 347/574/478
f 309/617/440 393/636/524 384/625/515 379/618/510
f 394/637/525 371/605/502 324/550/455 330/585/461
f 374/610/505 395/638/526 327/555/458 328/554/459
f 336/562/467 318/544/449 345/572/476 351/578/482
f 351/578/482 345/572/476 359/589/490 353/579/484
f 268/492/399 319/545/450 396/639/527 267/489/398
f 370/604/501 365/598/496 381/620/512 323/551/454
f 328/554/459 329/553/460 397/640/528 338/641/469
f 391/634/522 382/621/513 337/564/468 385/642/516
f 367/599/498 398/643/529 317/540/448 314/539/445
f 373/607/504 392/635/523 385/626/516 299/523/430
f 339/644/470 399/645/530 326/552/457 327/555/458
f 358/587/489 371/605/502 394/637/525
f 317/540/448 398/643/529 287/646/418 284/647/415
f 304/530/435 295/518/426 318/544/449 336/562/467
f 365/598/496 370/604/501 357/586/488
f 395/638/526 400/648/531 310/649/441
f 375/609/506 400/648/531 395/638/526 374/610/505
f 397/640/528 329/553/460 326/552/457 399/645/530
f 376/613/507 401/650/532 294/515/425 291/514/422
f 338/565/469 397/651/528 399/652/530 339/566/470
f 358/587/489 394/637/525 402/653/533 350/575/481
f 387/630/518 388/629/519 302/527/433 320/547/451
f 388/629/519 344/571/475 307/532/438 302/527/433
f 403/654/534 404/655/535 349/576/480 402/653/533
f 296/519/427 295/518/426 304/530/435 305/529/436
f 312/656/443 331/623/462 293/516/424 294/515/425
f 375/609/506 311/608/442 312/656/443 401/650/532
f 282/506/413 289/513/420 306/531/437 307/532/438
f 338/641/469 311/608/442 374/610/505 328/554/459
f 401/650/532 376/613/507 400/648/531 375/609/506
f 334/560/465 335/559/466 378/616/509 377/615/508
f 335/657/466 332/658/463 403/659/534 378/660/509
f 364/661/495 261/662/392 262/593/393 362/592/493
f 339/644/470 327/555/458 395/638/526 310/649/441
f 287/646/418 398/643/529 367/599/498 286/509/417
f 377/615/508 348/577/479 349/576/480 404/655/535
f 377/615/508 404/655/535 333/561/464 334/560/465
f 388/629/519 389/628/520 405/663/536 344/571/475
f 269/664/400 270/665/401 386/627/517 387/630/518
f 315/542/446 372/606/503 383/622/514
f 275/500/406 276/499/407 344/571/475 405/663/536
f 350/575/481 402/653/533 349/576/480
f 254/474/385 260/484/391 363/596/494 393/666/524
f 378/660/509 403/659/534 402/667/533 366/668/497
f 272/496/403 390/632/521 387/630/518 320/547/451
f 290/512/421 354/582/485 337/564/468 382/621/513
f 391/634/522 383/622/514 372/606/503 300/522/431
f 312/656/443 294/515/425 401/650/532
f 394/669/525 365/670/496 366/668/497 402/667/533
f 384/625/515 251/624/382 252/633/383 379/618/510
f 393/666/524 309/534/440 253/475/384 254/474/385
f 385/626/516 337/611/468 298/524/429
f 279/504/410 280/503/411 380/619/511 355/581/486
f 360/590/491 278/501/409 321/546/452
f 385/642/516 392/671/523 383/622/514 391/634/522
f 381/672/512 330/557/461 380/619/511 360/673/491
f 300/522/431 297/521/428 391/634/522
f 404/655/535 403/654/534 332/558/463 333/561/464
f 277/498/408 274/497/405 396/639/527 319/545/450
f 394/669/525 330/557/461 381/672/512 365/670/496
f 392/635/523 316/541/447 317/540/448 284/647/415
f 256/631/387 269/664/400 387/630/518 390/632/521
f 412/674/543 411/675/542 274/497/405 275/500/406
f 396/639/527 274/497/405 411/675/542 408/676/539
f 267/677/398 396/678/527 408/679/539 409/680/540
f 409/680/540 410/681/541 270/665/401 267/677/398
f 386/627/517 270/665/401 410/681/541 406/682/537
f 389/628/520 386/627/517 406/682/537 407/683/538
f 405/663/536 389/628/520 407/683/538 412/674/543
f 412/674/543 275/500/406 405/663/536
f 252/633/383 360/673/491 380/619/511 280/503/411
f 284/507/415 285/510/416 383/622/514 392/671/523
f 362/592/493 361/591/492 363/684/494 364/661/495
f 310/649/441 400/648/531 376/613/507 313/612/444
f 384/625/515 393/636/524 363/684/494 361/591/492
f 253/475/384 278/501/409 252/476/383
f 409/680/540 408/679/539 415/687/546 416/688/547
f 410/681/541 409/680/540 416/688/547 417/689/548
f 408/676/539 411/675/542 418/690/549 415/691/546
f 420/769/609 422/777/616 423/778/617 421/770/610
f 415/691/546 418/690/549 423/778/617 422/777/616
f 406/682/537 410/681/541 417/689/548 413/685/544
f 418/690/549 411/675/542 412/674/543 419/692/550
f 414/686/545 407/683/538 406/682/537 413/685/544
f 419/692/550 412/674/543 407/683/538 414/686/545

usemtl PackedMaterial0
f 424/806/653 425/807/654 426/808/655 427/809/656
f 428/810/657 429/811/658 430/812/659 431/813/660
f 432/814/661 433/815/662 434/816/663 435/817/664
f 436/818/665 437/819/666 438/820/667 439/821/668
f 440/822/669 441/823/670 442/824/671 443/825/672
f 444/826/673 445/827/674 428/828/657 446/829/675
f 447/830/676 448/831/677 449/832/678 450/833/679
f 444/826/673 426/808/655 451/834/680
f 431/813/660 452/835/681 453/836/682 454/837/683
f 449/832/678 455/838/684 456/839/685 450/833/679
f 457/840/686 458/841/687 459/842/688 460/843/689
f 431/813/660 430/812/659 461/844/690 452/835/681
f 455/838/684 462/845/691 463/846/692 456/839/685
f 464/847/693 465/848/694 466/849/695 467/850/696
f 468/851/697 439/852/668 469/853/698
f 470/854/699 471/855/700 472/856/701 473/857/702
f 474/858/703 475/859/704 476/860/705
f 438/861/667 477/862/706 478/863/707
f 479/864/708 480/865/709 475/859/704 474/858/703
f 465/848/694 471/855/700 470/854/699 481/866/710
f 426/808/655 444/826/673 446/829/675 482/867/711
f 483/868/712 484/869/713 485/870/714 486/871/715
f 487/872/716 488/873/717 489/874/718 490/875/719
f 436/876/665 439/852/668 468/851/697 491/877/720
f 450/833/679 456/839/685 461/844/690 492/878/721
f 476/860/705 475/859/704 493/879/722 494/880/723
f 495/881/724 496/882/725 497/883/726 498/884/727
f 499/885/728 500/886/729 501/887/730 502/888/731
f 439/821/668 438/820/667 503/889/732 504/890/733
f 505/891/734 506/892/735 507/893/736 508/894/737
f 509/895/738 477/862/706 438/861/667 437/896/666
f 510/897/739 486/871/715 485/870/714 504/890/733
f 511/898/740 484/869/713 483/868/712 512/899/741
f 513/900/742 514/901/743 515/902/744 516/903/745
f 517/904/746 480/865/709 455/838/684 449/832/678
f 469/853/698 466/849/695 497/883/726 478/863/707
f 518/905/747 436/876/665 491/877/720
f 498/884/727 497/883/726 466/849/695 519/906/748
f 520/907/749 521/908/750 522/909/751 523/910/752
f 437/896/666 524/911/753 509/895/738
f 524/911/753 437/896/666 525/912/754 526/913/755
f 461/844/690 527/914/756 528/915/757 452/835/681
f 525/916/754 437/819/666 436/818/665 529/917/758
f 442/824/671 441/823/670 430/812/659 429/811/658
f 478/863/707 497/883/726 503/918/732 438/861/667
f 530/919/759 520/907/749 523/910/752 531/920/760
f 518/905/747 532/921/761 529/922/758 436/876/665
f 495/881/724 494/880/723 533/923/762
f 534/924/763 432/925/661 435/926/664 535/927/764
f 493/879/722 445/827/674 444/826/673 451/834/680
f 434/816/663 433/815/662 536/928/765 537/929/766
f 520/907/749 530/919/759 538/930/767 539/931/768
f 533/923/762 451/834/680 425/807/654
f 458/841/687 487/872/716 540/932/769 459/842/688
f 525/916/754 529/917/758 513/933/742 516/934/745
f 541/935/770 479/864/708 474/858/703 519/906/748
f 542/936/771 462/845/691 479/864/708 541/935/770
f 543/937/772 530/919/759 531/920/760 544/938/773
f 529/922/758 532/921/761 514/901/743 513/900/742
f 516/903/745 515/902/744 526/913/755 525/912/754
f 545/939/774 473/857/702 472/856/701 546/940/775
f 497/883/726 496/882/725 543/937/772 544/938/773
f 484/941/713 547/942/776 548/943/777
f 519/906/748 474/858/703 476/860/705 498/884/727
f 528/915/757 527/914/756 510/897/739 504/890/733
f 498/884/727 476/860/705 494/880/723 495/881/724
f 493/879/722 451/834/680 494/880/723
f 545/939/774 546/940/775 489/874/718 488/873/717
f 465/848/694 464/847/693 486/944/715 510/945/739
f 424/806/653 427/809/656 433/815/662 432/814/661
f 549/946/778 486/944/715 464/847/693
f 446/947/675 428/810/657 431/813/660 454/837/683
f 550/948/779 521/908/750 539/931/768 551/949/780
f 482/950/711 446/947/675 454/837/683 552/951/781
f 528/915/757 504/890/733 503/889/732 553/952/782
f 495/881/724 533/923/762 554/953/783 496/882/725
f 465/848/694 541/935/770 519/906/748 466/849/695
f 541/935/770 465/848/694 481/866/710 542/936/771
f 555/954/784 463/846/692 542/936/771 481/866/710
f 430/812/659 441/823/670 492/878/721 461/844/690
f 542/936/771 463/846/692 462/845/691
f 458/841/687 556/955/785 488/873/717 487/872/716
f 439/852/668 504/956/733 466/849/695 469/853/698
f 534/924/763 557/957/786 424/958/653 432/925/661
f 558/959/787 472/856/701 471/855/700
f 559/960/788 560/961/789 561/962/790 562/963/791
f 428/828/657 445/827/674 563/964/792 429/965/658
f 552/951/781 454/837/683 453/836/682 425/966/654
f 564/967/793 555/954/784 481/866/710 470/854/699
f 526/913/755 515/902/744 514/901/743 532/921/761
f 565/968/794 489/874/718 546/940/775
f 463/846/692 527/914/756 461/844/690 456/839/685
f 471/855/700 465/848/694 510/945/739
f 521/908/750 520/907/749 539/931/768
f 482/950/711 552/951/781 557/957/786 566/969/795
f 567/970/796 503/918/732 497/883/726 544/938/773
f 547/942/776 501/887/730 500/886/729 568/971/797
f 509/895/738 524/911/753 518/905/747 491/877/720
f 524/911/753 526/913/755 532/921/761 518/905/747
f 441/823/670 440/822/669 569/972/798 492/878/721
f 543/937/772 496/882/725 554/953/783 538/930/767
f 501/887/730 511/973/740 570/974/799 502/888/731
f 564/967/793 558/975/787 510/897/739 555/954/784
f 540/932/769 487/872/716 490/875/719 571/976/800
f 546/940/775 472/856/701 558/959/787 565/968/794
f 512/977/741 500/886/729 499/885/728 572/978/801
f 531/920/760 567/970/796 544/938/773
f 490/875/719 457/979/686 460/980/689 571/976/800
f 477/862/706 509/895/738 491/877/720 468/851/697
f 538/930/767 530/919/759 543/937/772
f 568/971/797 483/981/712 573/982/802
f 548/943/777 547/942/776 568/971/797 573/982/802
f 570/974/799 572/978/801 499/885/728 502/888/731
f 549/946/778 464/847/693 467/850/696 574/983/803
f 511/898/740 512/899/741 572/984/801 570/985/799
f 531/920/760 523/910/752 575/986/804 567/970/796
f 560/961/789 493/879/722 475/859/704 561/962/790
f 561/962/790 475/859/704 480/865/709 517/904/746
f 576/987/805 575/986/804 522/909/751 577/988/806
f 469/853/698 478/863/707 477/862/706 468/851/697
f 485/989/714 467/850/696 466/849/695 504/956/733
f 548/943/777 574/983/803 485/989/714 484/941/713
f 455/838/684 480/865/709 479/864/708 462/845/691
f 511/973/740 501/887/730 547/942/776 484/941/713
f 574/983/803 548/943/777 573/982/802 549/946/778
f 507/893/736 550/948/779 551/949/780 508/894/737
f 508/990/737 551/991/780 576/992/805 505/993/734
f 537/994/766 535/927/764 435/926/664 434/995/663
f 512/977/741 483/981/712 568/971/797 500/886/729
f 460/996/689 459/842/688 540/932/769 571/997/800
f 550/948/779 577/988/806 522/909/751 521/908/750
f 550/948/779 507/893/736 506/892/735 577/988/806
f 561/962/790 517/904/746 578/998/807 562/963/791
f 442/999/671 560/961/789 559/960/788 443/1000/672
f 488/873/717 556/955/785 545/939/774
f 448/831/677 578/998/807 517/904/746 449/832/678
f 523/910/752 522/909/751 575/986/804
f 427/809/656 566/1001/795 536/928/765 433/815/662
f 551/991/780 539/1002/768 575/1003/804 576/992/805
f 445/827/674 493/879/722 560/961/789 563/964/792
f 463/846/692 555/954/784 510/897/739 527/914/756
f 564/967/793 473/857/702 545/939/774 556/955/785
f 485/989/714 574/983/803 467/850/696
f 567/1004/796 575/1003/804 539/1002/768 538/1005/767
f 557/957/786 552/951/781 425/966/654 424/958/653
f 566/1001/795 427/809/656 426/808/655 482/867/711
f 558/959/787 471/855/700 510/945/739
f 452/835/681 528/915/757 553/952/782 453/836/682
f 533/923/762 494/880/723 451/834/680
f 558/975/787 564/967/793 556/955/785 565/1006/794
f 554/1007/783 533/1008/762 553/952/782 503/889/732
f 473/857/702 564/967/793 470/854/699
f 577/988/806 506/892/735 505/891/734 576/987/805
f 450/833/679 492/878/721 569/972/798 447/830/676
f 567/1004/796 538/1005/767 554/1007/783 503/889/732
f 565/968/794 457/979/686 490/875/719 489/874/718
f 429/965/658 563/964/792 560/961/789 442/999/671
f 585/1009/814 448/831/677 447/830/676 584/1010/813
f 569/972/798 581/1011/810 584/1010/813 447/830/676
f 440/1012/669 582/1013/811 581/1014/810 569/1015/798
f 582/1013/811 440/1012/669 443/1000/672 583/1016/812
f 559/960/788 579/1017/808 583/1016/812 443/1000/672
f 562/963/791 580/1018/809 579/1017/808 559/960/788
f 578/998/807 585/1009/814 580/1018/809 562/963/791
f 585/1009/814 578/998/807 448/831/677
f 425/966/654 453/836/682 553/952/782 533/1008/762
f 457/840/686 565/1006/794 556/955/785 458/841/687
f 535/927/764 537/994/766 536/1019/765 534/924/763
f 483/981/712 486/944/715 549/946/778 573/982/802
f 557/957/786 534/924/763 536/1019/765 566/969/795
f 426/808/655 425/807/654 451/834/680
f 579/1017/808 580/1018/809 587/1020/816 586/1021/815
f 581/1014/810 582/1013/811 589/1022/818 588/1023/817
f 582/1013/811 583/1016/812 590/1024/819 589/1022/818
f 584/1010/813 581/1011/810 588/1025/817 591/1026/820
f 583/1016/812 579/1017/808 586/1021/815 590/1024/819
f 585/1009/814 584/1010/813 591/1026/820 592/1027/821
f 580/1018/809 585/1009/814 592/1027/821 587/1020/816

usemtl PackedMaterial0
f 595/1279/933 605/1280/1008 606/1281/1035 594/1282/929
f 605/1280/1008 595/1279/933 596/1283/934 603/1284/1006
f 604/1297/1007 593/1298/925 601/1299/952
f 602/1303/1003 603/1284/1006 604/1297/1007 607/1318/1092
f 600/1319/951 607/1318/1092 604/1297/1007 601/1299/952
f 616/1329/1224 608/1327/1093 607/1318/1092 600/1319/951
f 609/1457/1187 597/1458/940 598/1459/941 610/1460/1189
f 599/1461/943 597/1458/940 609/1457/1187 611/1462/1207
f 593/1298/925 599/1461/943 611/1462/1207 613/1476/1209
f 613/1476/1209 611/1462/1207 612/1481/1208 614/1493/1210
f 614/1493/1210 600/1319/951 601/1299/952 613/1476/1209
f 615/1500/1214 616/1329/1224 600/1319/951 614/1493/1210
f 593/1298/925 613/1476/1209 601/1299/952
f 596/1283/934 593/1298/925 604/1297/1007 603/1284/1006

usemtl PackedMaterial0
f 618/1605/1307 620/1606/1309 621/1607/1310 619/1608/1308
f 617/1609/1306 622/1610/1311 620/1606/1309 618/1605/1307
f 622/1610/1311 623/1611/1312 624/1612/1313 620/1606/1309
f 624/1612/1313 625/1613/1314 621/1607/1310 620/1606/1309
f 626/1614/1315 627/1615/1316 628/1616/1317 629/1617/1318
f 624/1612/1313 627/1618/1316 626/1619/1315 625/1613/1314
f 623/1611/1312 630/1620/1319 627/1618/1316 624/1612/1313
f 630/1621/1319 631/1622/1320 628/1616/1317 627/1615/1316
f 631/1622/1320 632/1623/1321 634/1624/1323 628/1616/1317
f 633/1625/1322 629/1617/1318 628/1616/1317 634/1624/1323
f 635/1626/1324 629/1617/1318 633/1625/1322 636/1627/1325
f 637/1628/1326 638/1629/1327 635/1626/1324 639/1630/1328
f 642/1631/1331 643/1632/1332 638/1633/1327 637/1634/1326
f 638/1629/1327 626/1614/1315 629/1617/1318 635/1626/1324
f 643/1632/1332 625/1635/1314 626/1636/1315 638/1633/1327
f 644/1637/1333 621/1638/1310 625/1635/1314 643/1632/1332
f 646/1645/1339 647/1646/1340 648/1647/1341 649/1648/1342
f 651/1655/1344 648/1647/1341 647/1646/1340 650/1656/1343
f 652/1657/1345 648/1647/1341 651/1655/1344 653/1658/1346
f 652/1657/1345 654/1659/1347 649/1648/1342 648/1647/1341
f 655/1660/1348 656/1661/1349 858/1662/1587 859/1663/1588
f 652/1657/1345 656/1661/1349 655/1660/1348 654/1659/1347
f 656/1661/1349 652/1657/1345 653/1658/1346 659/1664/1352
f 859/1663/1588 860/1665/1589 660/1666/1353 655/1660/1348
f 656/1661/1349 659/1664/1352 857/1667/1586 858/1662/1587
f 861/1668/1590 664/1669/1357 660/1666/1353 860/1665/1589
f 671/1670/1364 639/1630/1328 635/1626/1324 636/1627/1325
f 672/1671/1365 865/1672/1594 866/1673/1595 671/1670/1364
f 864/1674/1593 673/1675/1366 665/1676/1358 863/1677/1592
f 864/1674/1593 865/1672/1594 672/1671/1365 673/1675/1366
f 674/1678/1367 636/1627/1325 633/1625/1322 675/1679/1368
f 674/1678/1367 672/1671/1365 671/1670/1364 636/1627/1325
f 676/1680/1369 673/1675/1366 672/1671/1365 674/1678/1367
f 665/1676/1358 673/1675/1366 676/1680/1369 677/1681/1370
f 675/1679/1368 678/1682/1371 676/1680/1369 674/1678/1367
f 632/1623/1321 631/1622/1320 689/1683/1384 703/1684/1431
f 677/1681/1370 679/1685/1372 664/1686/1357 665/1676/1358
f 679/1687/1372 680/1688/1373 660/1666/1353 664/1669/1357
f 680/1688/1373 654/1659/1347 655/1660/1348 660/1666/1353
f 649/1648/1342 680/1688/1373 682/1689/1375 686/1690/1379
f 681/1691/1374 682/1689/1375 683/1692/1376 684/1693/1377
f 685/1694/1378 686/1690/1379 682/1689/1375 681/1691/1374
f 687/1695/1380 686/1690/1379 685/1694/1378 688/1696/1381
f 646/1645/1339 649/1648/1342 686/1690/1379 687/1695/1380
f 688/1696/1381 685/1694/1378 622/1610/1311 617/1609/1306
f 685/1694/1378 681/1691/1374 623/1611/1312 622/1610/1311
f 681/1691/1374 684/1693/1377 630/1620/1319 623/1611/1312
f 684/1701/1377 689/1683/1384 631/1622/1320 630/1621/1319
f 659/1664/1352 642/1631/1331 856/1702/1585 857/1667/1586
f 653/1658/1346 643/1632/1332 642/1631/1331 659/1664/1352
f 651/1655/1344 644/1637/1333 643/1632/1332 653/1658/1346
f 650/1656/1343 645/1639/1334 644/1637/1333 651/1655/1344
f 709/1715/1437 783/1716/1512 784/1717/1513 712/1718/1440
f 760/1719/1489 742/1720/1470 743/1721/1471 759/1722/1488
f 766/1723/1495 734/1724/1462 735/1725/1463 765/1726/1494
f 772/1727/1501 726/1728/1454 727/1729/1455 771/1730/1500
f 670/1731/1363 853/1732/1582 745/1733/1474 690/1734/1398
f 640/1735/1329 670/1731/1363 690/1734/1398 693/1736/1401
f 787/1737/1516 640/1735/1329 693/1736/1401 786/1738/1515
f 691/1739/1399 662/1740/1355 641/1741/1330 692/1742/1400
f 658/1743/1351 657/1744/1350 700/1745/1408 698/1746/1406
f 663/1747/1356 661/1748/1354 694/1749/1402 697/1750/1405
f 757/1751/1486 696/1752/1404 666/1753/1359 756/1754/1485
f 695/1755/1403 667/1756/1360 666/1753/1359 696/1752/1404
f 778/1757/1507 717/1758/1445 719/1759/1447 777/1760/1506
f 683/1692/1376 682/1689/1375 680/1688/1373 679/1687/1372
f 689/1683/1384 684/1701/1377 683/1776/1376 702/1777/1430
f 679/1685/1372 677/1681/1370 702/1777/1430 683/1776/1376
f 678/1682/1371 702/1777/1430 677/1681/1370 676/1680/1369
f 703/1684/1431 689/1683/1384 702/1777/1430 678/1682/1371
f 703/1684/1431 704/1778/1432 632/1623/1321
f 678/1682/1371 675/1679/1368 704/1778/1432 703/1684/1431
f 632/1623/1321 704/1778/1432 634/1624/1323
f 633/1625/1322 634/1624/1323 704/1778/1432 675/1679/1368
f 799/1793/1528 794/1794/1523 782/1795/1511 705/1796/1433
f 795/1797/1524 796/1798/1525 707/1799/1435 706/1800/1434
f 797/1801/1526 798/1802/1527 708/1803/1436 785/1804/1514
f 798/1802/1527 799/1793/1528 705/1796/1433 708/1803/1436
f 705/1796/1433 782/1795/1511 792/1805/1521 793/1806/1522
f 706/1800/1434 707/1799/1435 790/1807/1519 791/1808/1520
f 785/1804/1514 708/1803/1436 788/1809/1517 789/1810/1518
f 708/1803/1436 705/1796/1433 793/1806/1522 788/1809/1517
f 780/1811/1509 745/1733/1474 811/1812/1540 806/1813/1535
f 701/1814/1409 774/1815/1503 775/1816/1504 748/1817/1477
f 804/1818/1533 805/1819/1534 717/1758/1445 778/1757/1507
f 805/1819/1534 800/1820/1529 719/1759/1447 717/1758/1445
f 800/1820/1529 801/1821/1530 777/1760/1506 719/1759/1447
f 802/1822/1531 803/1823/1532 718/1824/1446 720/1825/1448
f 824/1826/1553 825/1827/1554 722/1828/1450 773/1829/1502
f 825/1827/1554 820/1830/1549 723/1831/1451 722/1828/1450
f 820/1830/1549 821/1832/1550 770/1833/1499 723/1831/1451
f 822/1834/1551 823/1835/1552 721/1836/1449 724/1837/1452
f 818/1838/1547 819/1839/1548 726/1728/1454 772/1727/1501
f 819/1839/1548 814/1840/1543 727/1729/1455 726/1728/1454
f 814/1840/1543 815/1841/1544 771/1730/1500 727/1729/1455
f 816/1842/1545 817/1843/1546 725/1844/1453 728/1845/1456
f 768/1846/1497 752/1847/1481 845/1848/1574 840/1849/1569
f 695/1755/1403 762/1850/1491 763/1851/1492 750/1852/1479
f 830/1853/1559 831/1854/1560 734/1724/1462 766/1723/1495
f 831/1854/1560 826/1855/1555 735/1725/1463 734/1724/1462
f 826/1855/1555 827/1856/1556 765/1726/1494 735/1725/1463
f 828/1857/1557 829/1858/1558 733/1859/1461 736/1860/1464
f 762/1850/1491 695/1755/1403 738/1861/1466 761/1862/1490
f 695/1755/1403 696/1752/1404 739/1863/1467 738/1861/1466
f 696/1752/1404 757/1751/1486 758/1864/1487 739/1863/1467
f 697/1750/1405 694/1749/1402 737/1865/1465 740/1866/1468
f 834/1867/1563 835/1868/1564 742/1720/1470 760/1719/1489
f 835/1868/1564 836/1869/1565 743/1721/1471 742/1720/1470
f 836/1869/1565 837/1870/1566 759/1722/1488 743/1721/1471
f 838/1871/1567 839/1872/1568 741/1873/1469 744/1874/1472
f 781/1875/1510 690/1734/1398 745/1733/1474 780/1811/1509
f 748/1817/1477 775/1816/1504 809/1876/1538 810/1877/1539
f 750/1852/1479 763/1851/1492 843/1878/1572 844/1879/1573
f 769/1880/1498 699/1881/1407 752/1847/1481 768/1846/1497
f 749/1882/1478 751/1883/1480 841/1884/1570 842/1885/1571
f 752/1847/1481 750/1852/1479 844/1879/1573 845/1848/1574
f 810/1877/1539 811/1812/1540 745/1733/1474 748/1817/1477
f 807/1886/1536 808/1887/1537 747/1888/1476 746/1889/1475
f 812/1890/1541 813/1891/1542 657/1744/1350 662/1740/1355
f 832/1892/1561 833/1893/1562 751/1883/1480 749/1882/1478
f 670/1731/1363 669/1894/1362 852/1895/1581 853/1732/1582
f 699/1881/1407 701/1814/1409 669/1894/1362 668/1896/1361
f 854/1897/1583 855/1898/1584 668/1896/1361 667/1756/1360
f 637/1628/1326 639/1630/1328 754/1899/1483 755/1900/1484
f 639/1630/1328 671/1670/1364 753/1901/1482 754/1899/1483
f 754/1899/1483 753/1901/1482 670/1731/1363 640/1735/1329
f 697/1750/1405 757/1902/1486 756/1903/1485 663/1747/1356
f 758/1904/1487 757/1902/1486 697/1750/1405 740/1866/1468
f 759/1905/1488 837/1906/1566 838/1871/1567 744/1874/1472
f 741/1873/1469 760/1907/1489 759/1905/1488 744/1874/1472
f 839/1872/1568 834/1908/1563 760/1907/1489 741/1873/1469
f 694/1749/1402 762/1909/1491 761/1910/1490 737/1865/1465
f 763/1911/1492 762/1909/1491 694/1749/1402 749/1882/1478
f 843/1912/1572 763/1911/1492 749/1882/1478 842/1885/1571
f 765/1913/1494 827/1914/1556 828/1857/1557 736/1860/1464
f 733/1859/1461 766/1915/1495 765/1913/1494 736/1860/1464
f 829/1858/1558 830/1916/1559 766/1915/1495 733/1859/1461
f 751/1883/1480 768/1917/1497 840/1918/1569 841/1884/1570
f 698/1746/1406 769/1919/1498 768/1917/1497 751/1883/1480
f 770/1920/1499 821/1921/1550 822/1834/1551 724/1837/1452
f 771/1922/1500 815/1923/1544 816/1842/1545 728/1845/1456
f 725/1844/1453 772/1924/1501 771/1922/1500 728/1845/1456
f 817/1843/1546 818/1925/1547 772/1924/1501 725/1844/1453
f 823/1835/1552 824/1926/1553 773/1927/1502 721/1836/1449
f 775/1928/1504 774/1929/1503 700/1745/1408 747/1888/1476
f 809/1930/1538 775/1928/1504 747/1888/1476 808/1887/1537
f 777/1931/1506 801/1932/1530 802/1822/1531 720/1825/1448
f 718/1824/1446 778/1933/1507 777/1931/1506 720/1825/1448
f 803/1823/1532 804/1934/1533 778/1933/1507 718/1824/1446
f 746/1889/1475 780/1935/1509 806/1936/1535 807/1886/1536
f 691/1739/1399 781/1937/1510 780/1935/1509 746/1889/1475
f 782/1938/1511 794/1939/1523 795/1797/1524 706/1800/1434
f 792/1940/1521 782/1938/1511 706/1800/1434 791/1808/1520
f 784/1941/1513 783/1942/1512 710/1943/1438 711/1944/1439
f 707/1799/1435 785/1945/1514 789/1946/1518 790/1807/1519
f 796/1798/1525 797/1947/1526 785/1945/1514 707/1799/1435
f 641/1741/1330 787/1948/1516 786/1949/1515 692/1742/1400
f 789/1810/1518 788/1809/1517 712/1718/1440 784/1717/1513
f 790/1807/1519 789/1946/1518 784/1941/1513 711/1944/1439
f 791/1808/1520 790/1807/1519 711/1944/1439 710/1943/1438
f 783/1942/1512 792/1940/1521 791/1808/1520 710/1943/1438
f 793/1806/1522 792/1805/1521 783/1716/1512 709/1715/1437
f 788/1809/1517 793/1806/1522 709/1715/1437 712/1718/1440
f 794/1939/1523 781/1937/1510 691/1739/1399 795/1797/1524
f 691/1739/1399 692/1742/1400 796/1798/1525 795/1797/1524
f 692/1742/1400 786/1949/1515 797/1947/1526 796/1798/1525
f 786/1738/1515 693/1736/1401 798/1802/1527 797/1801/1526
f 693/1736/1401 690/1734/1398 799/1793/1528 798/1802/1527
f 690/1734/1398 781/1875/1510 794/1794/1523 799/1793/1528
f 715/1950/1443 776/1951/1505 801/1821/1530 800/1820/1529
f 802/1822/1531 801/1932/1530 776/1952/1505 716/1953/1444
f 716/1953/1444 714/1954/1442 803/1823/1532 802/1822/1531
f 714/1954/1442 779/1955/1508 804/1934/1533 803/1823/1532
f 779/1956/1508 713/1957/1441 805/1819/1534 804/1818/1533
f 713/1957/1441 715/1950/1443 800/1820/1529 805/1819/1534
f 807/1886/1536 806/1936/1535 779/1955/1508 714/1954/1442
f 714/1954/1442 716/1953/1444 808/1887/1537 807/1886/1536
f 776/1952/1505 809/1930/1538 808/1887/1537 716/1953/1444
f 810/1877/1539 809/1876/1538 776/1951/1505 715/1950/1443
f 715/1950/1443 713/1957/1441 811/1812/1540 810/1877/1539
f 806/1813/1535 811/1812/1540 713/1957/1441 779/1956/1508
f 746/1889/1475 747/1888/1476 813/1891/1542 812/1890/1541
f 812/1890/1541 662/1740/1355 691/1739/1399 746/1889/1475
f 747/1888/1476 700/1745/1408 657/1744/1350 813/1891/1542
f 723/1831/1451 770/1833/1499 815/1841/1544 814/1840/1543
f 816/1842/1545 815/1923/1544 770/1920/1499 724/1837/1452
f 724/1837/1452 721/1836/1449 817/1843/1546 816/1842/1545
f 721/1836/1449 773/1927/1502 818/1925/1547 817/1843/1546
f 773/1829/1502 722/1828/1450 819/1839/1548 818/1838/1547
f 722/1828/1450 723/1831/1451 814/1840/1543 819/1839/1548
f 699/1881/1407 769/1880/1498 821/1832/1550 820/1830/1549
f 822/1834/1551 821/1921/1550 769/1919/1498 698/1746/1406
f 698/1746/1406 700/1745/1408 823/1835/1552 822/1834/1551
f 700/1745/1408 774/1929/1503 824/1926/1553 823/1835/1552
f 774/1815/1503 701/1814/1409 825/1827/1554 824/1826/1553
f 701/1814/1409 699/1881/1407 820/1830/1549 825/1827/1554
f 731/1958/1459 764/1959/1493 827/1856/1556 826/1855/1555
f 828/1857/1557 827/1914/1556 764/1960/1493 732/1961/1460
f 732/1961/1460 729/1962/1457 829/1858/1558 828/1857/1557
f 729/1962/1457 767/1963/1496 830/1916/1559 829/1858/1558
f 767/1964/1496 730/1965/1458 831/1854/1560 830/1853/1559
f 730/1965/1458 731/1958/1459 826/1855/1555 831/1854/1560
f 661/1748/1354 658/1743/1351 833/1893/1562 832/1892/1561
f 833/1893/1562 658/1743/1351 698/1746/1406 751/1883/1480
f 749/1882/1478 694/1749/1402 661/1748/1354 832/1892/1561
f 849/1966/1578 850/1967/1579 835/1868/1564 834/1867/1563
f 850/1967/1579 851/1968/1580 836/1869/1565 835/1868/1564
f 851/1968/1580 846/1969/1575 837/1870/1566 836/1869/1565
f 838/1871/1567 837/1906/1566 846/1970/1575 847/1971/1576
f 847/1971/1576 848/1972/1577 839/1872/1568 838/1871/1567
f 848/1972/1577 849/1973/1578 834/1908/1563 839/1872/1568
f 841/1884/1570 840/1918/1569 767/1963/1496 729/1962/1457
f 842/1885/1571 841/1884/1570 729/1962/1457 732/1961/1460
f 764/1960/1493 843/1912/1572 842/1885/1571 732/1961/1460
f 844/1879/1573 843/1878/1572 764/1959/1493 731/1958/1459
f 845/1848/1574 844/1879/1573 731/1958/1459 730/1965/1458
f 840/1849/1569 845/1848/1574 730/1965/1458 767/1964/1496
f 847/1971/1576 846/1970/1575 758/1904/1487 740/1866/1468
f 740/1866/1468 737/1865/1465 848/1972/1577 847/1971/1576
f 737/1865/1465 761/1910/1490 849/1973/1578 848/1972/1577
f 761/1862/1490 738/1861/1466 850/1967/1579 849/1966/1578
f 738/1861/1466 739/1863/1467 851/1968/1580 850/1967/1579
f 739/1863/1467 758/1864/1487 846/1969/1575 851/1968/1580
f 640/1735/1329 787/1737/1516 755/1900/1484 754/1899/1483
f 853/1732/1582 852/1895/1581 748/1817/1477 745/1733/1474
f 852/1895/1581 669/1894/1362 701/1814/1409 748/1817/1477
f 750/1852/1479 752/1847/1481 855/1898/1584 854/1897/1583
f 854/1897/1583 667/1756/1360 695/1755/1403 750/1852/1479
f 752/1847/1481 699/1881/1407 668/1896/1361 855/1898/1584
f 665/1676/1358 664/1686/1357 862/1974/1591 863/1677/1592
f 857/1667/1586 856/1702/1585 641/1741/1330 662/1740/1355
f 858/1662/1587 857/1667/1586 662/1740/1355 657/1744/1350
f 859/1663/1588 858/1662/1587 657/1744/1350 658/1743/1351
f 658/1743/1351 661/1748/1354 860/1665/1589 859/1663/1588
f 663/1747/1356 861/1668/1590 860/1665/1589 661/1748/1354
f 637/1634/1326 755/1975/1484 856/1702/1585 642/1631/1331
f 641/1741/1330 856/1702/1585 755/1975/1484 787/1948/1516
f 863/1677/1592 862/1974/1591 756/1754/1485 666/1753/1359
f 667/1756/1360 864/1674/1593 863/1677/1592 666/1753/1359
f 667/1756/1360 668/1896/1361 865/1672/1594 864/1674/1593
f 866/1673/1595 865/1672/1594 668/1896/1361 669/1894/1362
f 663/1747/1356 756/1903/1485 862/1976/1591 861/1668/1590
f 669/1894/1362 670/1731/1363 753/1901/1482 866/1673/1595
f 866/1673/1595 753/1901/1482 671/1670/1364
f 664/1669/1357 861/1668/1590 862/1976/1591
f 649/1648/1342 654/1659/1347 680/1688/1373

usemtl PackedMaterial0
f 874/1977/1603 878/1978/1609 879/1979/1610 873/1980/1602
f 888/1986/1619 875/1985/1606 876/1987/1607 871/1988/1600
f 878/1978/1609 883/1989/1614 879/1979/1610
f 887/1984/1618 884/1990/1615 886/1981/1617
f 888/1986/1619 871/1988/1600 870/1991/1599 885/1992/1616
f 872/2000/1601 889/2003/1620 595/2004/933 594/2001/929
f 872/2000/1601 880/2005/1611 882/2006/1613 889/2003/1620
f 879/1979/1610 883/1989/1614 882/2006/1613 880/2005/1611
f 889/2003/1620 877/2007/1608 596/2008/934 595/2004/933
f 889/2003/1620 882/2006/1613 881/2009/1612 877/2007/1608
f 881/2009/1612 869/2010/1598 868/2011/1597 877/2007/1608
f 877/2007/1608 868/2011/1597 593/2012/925 596/2008/934
f 890/2013/1621 893/2014/1624 892/2015/1623 891/2016/1622
f 895/2017/1626 894/2018/1625 891/2016/1622 892/2015/1623
f 900/2025/1633 897/2024/1630 898/2023/1631 871/2026/1600
f 895/2017/1626 905/2027/1638 901/2028/1634 896/2020/1627
f 901/2028/1634 899/2021/1632 896/2020/1627
f 902/2029/1635 870/2030/1599 871/2026/1600 898/2023/1631
f 903/2040/1636 890/2013/1621 598/2039/941 597/2041/940
f 893/2014/1624 890/2013/1621 903/2040/1636 904/2042/1637
f 892/2015/1623 893/2014/1624 904/2042/1637 905/2027/1638
f 906/2043/1639 903/2040/1636 597/2041/940 599/2044/943
f 907/2045/1640 904/2042/1637 903/2040/1636 906/2043/1639
f 868/2011/1597 869/2010/1598 907/2045/1640 906/2043/1639
f 868/2011/1597 906/2043/1639 599/2044/943 593/2012/925
f 879/1979/1610 880/2005/1611 872/2000/1601 873/1980/1602
f 983/2046/1721 1035/2047/1777 979/2048/1717 980/2049/1718
f 1136/2050/1892 1188/2051/1949 1137/2052/1893 1090/2053/1839
f 984/2054/1722 928/2055/1661 929/2056/1662 985/2057/1723
f 1093/2058/1842 1039/2059/1781 1040/2060/1782 1094/2061/1843
f 1195/2062/1956 1140/2063/1896 1141/2064/1897 1196/2065/1957
f 1261/2066/2024 1215/2067/1976 1213/2068/1974 1258/2069/2021
f 1159/2070/1915 1158/2071/1914 1060/2072/1802 1061/2073/1803
f 1215/2067/1976 1160/2074/1916 1110/2075/1859 1213/2068/1974
f 1062/2076/1804 1110/2075/1859 1061/2073/1803
f 1111/2077/1860 1062/2076/1804 1063/2078/1805 1112/2079/1861
f 1397/2080/2160 1412/2081/2175 1421/2082/2184 1411/2083/2174
f 1432/2084/2195 1427/2085/2190 1421/2082/2184 1428/2086/2191
f 1402/2087/2165 1416/2088/2179 1424/2089/2187 1415/2090/2178
f 1433/2091/2196 1429/2092/2192 1424/2089/2187 1430/2093/2193
f 1415/2090/2178 1424/2089/2187 1429/2092/2192 1423/2094/2186
f 1431/2095/2194 1427/2085/2190 1432/2084/2195
f 913/2096/1646 922/2097/1655 925/2098/1658 921/2099/1654
f 923/2100/1656 912/2101/1645 920/2102/1653 981/2103/1719
f 1036/2104/1778 981/2103/1719 920/2102/1653 979/2048/1717
f 980/2049/1718 979/2048/1717 920/2102/1653 921/2099/1654
f 919/2105/1652 978/2106/1716 977/2107/1715 918/2108/1651
f 976/2109/1714 916/2110/1649 908/2111/1641 918/2108/1651
f 910/2112/1643 909/2113/1642 908/2111/1641 911/2114/1644
f 1032/2115/1774 1085/2116/1834 1031/2117/1773 976/2109/1714
f 1084/2118/1833 1031/2117/1773 1085/2116/1834 1131/2119/1887
f 1086/2120/1835 1132/2121/1888 1085/2116/1834 1032/2115/1774
f 1362/2122/2125 1361/2123/2124 1334/2124/2097 1335/2125/2098
f 1307/2126/2070 1335/2125/2098 1334/2124/2097 1306/2127/2069
f 1360/2128/2123 1382/2129/2145 1358/2130/2121 1332/2131/2095
f 1357/2132/2120 1331/2133/2094 1358/2130/2121 1381/2134/2144
f 1381/2134/2144 1358/2130/2121 1382/2129/2145 1399/2135/2162
f 1333/2136/2096 1334/2124/2097 1361/2123/2124 1359/2137/2122
f 1001/2138/1739 885/1992/1616 870/1991/1599 945/2139/1678
f 1278/2140/2041 1308/2141/2071 1307/2126/2070 1277/2142/2040
f 1276/2143/2039 1277/2142/2040 1307/2126/2070 1306/2127/2069
f 1332/2131/2095 1358/2130/2121 1331/2133/2094 1304/2144/2067
f 1274/2145/2037 1304/2144/2067 1331/2133/2094 1303/2146/2066
f 910/2112/1643 914/2147/1647 922/2097/1655 913/2096/1646
f 911/2114/1644 915/2148/1648 914/2147/1647 910/2112/1643
f 918/2108/1651 908/2111/1641 909/2113/1642 919/2105/1652
f 913/2096/1646 912/2101/1645 909/2113/1642 910/2112/1643
f 919/2105/1652 909/2113/1642 912/2101/1645 923/2100/1656
f 921/2099/1654 920/2102/1653 912/2101/1645 913/2096/1646
f 1335/2125/2098 1307/2126/2070 1308/2141/2071 1336/2149/2099
f 1337/2150/2100 1336/2149/2099 1308/2141/2071 1309/2151/2072
f 1364/2152/2127 1363/2153/2126 1336/2149/2099 1337/2150/2100
f 988/2154/1726 932/2155/1665 933/2156/1666 989/2157/1727
f 987/2158/1725 931/2159/1664 932/2155/1665 988/2154/1726
f 1096/2160/1845 1042/2161/1784 1043/2162/1785 1097/2163/1846
f 989/2157/1727 1044/2164/1786 1043/2162/1785 988/2154/1726
f 1097/2163/1846 1043/2162/1785 1044/2164/1786 1098/2165/1847
f 1099/2166/1848 1098/2165/1847 1044/2164/1786 1045/2167/1787
f 990/2168/1728 1045/2167/1787 1044/2164/1786 989/2157/1727
f 986/2169/1724 930/2170/1663 931/2159/1664 987/2158/1725
f 1095/2171/1844 1041/2172/1783 1042/2161/1784 1096/2160/1845
f 988/2154/1726 1043/2162/1785 1042/2161/1784 987/2158/1725
f 1423/2094/2186 1414/2173/2177 1401/2174/2164 1415/2090/2178
f 1366/2175/2129 1385/2176/2148 1401/2174/2164 1384/2177/2147
f 1384/2177/2147 1401/2174/2164 1414/2173/2177 1400/2178/2163
f 1335/2125/2098 1336/2149/2099 1363/2153/2126 1362/2122/2125
f 964/2179/1702 1021/2180/1763 1020/2181/1762 963/2182/1701
f 962/2183/1700 963/2182/1701 1020/2181/1762 1019/2184/1761
f 1231/2185/1994 1173/2186/1934 1123/2187/1879 1232/2188/1995
f 1076/2189/1825 1124/2190/1880 1123/2187/1879 1075/2191/1824
f 1174/2192/1935 1123/2187/1879 1124/2190/1880 1175/2193/1936
f 1176/2194/1937 1175/2193/1936 1124/2190/1880 1125/2195/1881
f 1077/2196/1826 1125/2195/1881 1124/2190/1880 1076/2189/1825
f 1075/2191/1824 1020/2181/1762 1021/2180/1763 1076/2189/1825
f 1232/2188/1995 1123/2187/1879 1174/2192/1935 1233/2197/1996
f 1381/2134/2144 1398/2198/2161 1380/2199/2143 1357/2132/2120
f 1330/2200/2093 1357/2132/2120 1380/2199/2143 1356/2201/2119
f 1397/2080/2160 1380/2199/2143 1398/2198/2161 1412/2081/2175
f 1399/2135/2162 1413/2202/2176 1398/2198/2161 1381/2134/2144
f 1231/2185/1994 1230/2203/1993 1172/2204/1933 1173/2186/1934
f 1122/2205/1878 1173/2186/1934 1172/2204/1933 1121/2206/1877
f 1439/2207/2202 1120/2208/1876 1121/2206/1877
f 959/2209/1697 960/2210/1698 1017/2211/1759 1016/2212/1758
f 1071/2213/1820 1016/2212/1758 1017/2211/1759 1072/2214/1821
f 1018/2215/1760 1017/2211/1759 960/2210/1698 961/2216/1699
f 1033/2217/1775 977/2107/1715 978/2106/1716 1034/2218/1776
f 1038/2219/1780 1034/2218/1776 978/2106/1716 982/2220/1720
f 917/2221/1650 924/2222/1657 915/2148/1648 911/2114/1644
f 1029/2223/1771 972/2224/1710 973/2225/1711 975/2226/1713
f 1412/2081/2175 1398/2198/2161 1413/2202/2176 1422/2227/2185
f 1014/2228/1756 957/2229/1695 958/2230/1696 1015/2231/1757
f 1016/2212/1758 1015/2231/1757 958/2230/1696 959/2209/1697
f 1120/2208/1876 1438/2232/2201 1435/2233/2198 1070/2234/1819
f 1144/2235/1900 1097/2163/1846 1098/2165/1847 1145/2236/1901
f 1146/2237/1902 1145/2236/1901 1098/2165/1847 1099/2166/1848
f 1096/2160/1845 1097/2163/1846 1144/2235/1900 1143/2238/1899
f 1198/2239/1959 1143/2238/1899 1144/2235/1900 1199/2240/1960
f 1199/2240/1960 1144/2235/1900 1145/2236/1901 1200/2241/1961
f 1415/2090/2178 1401/2174/2164 1385/2176/2148 1402/2087/2165
f 1386/2242/2149 1402/2087/2165 1385/2176/2148 1367/2243/2130
f 1046/2244/1788 1099/2166/1848 1045/2167/1787
f 991/2245/1729 1046/2244/1788 1045/2167/1787 990/2168/1728
f 989/2157/1727 933/2156/1666 934/2246/1667 990/2168/1728
f 1234/2247/1997 1174/2192/1935 1175/2193/1936 1235/2248/1998
f 1236/2249/1999 1235/2248/1998 1175/2193/1936 1176/2194/1937
f 1281/2250/2044 1234/2247/1997 1235/2248/1998 1282/2251/2045
f 1197/2252/1958 1142/2253/1898 1143/2238/1899 1198/2239/1959
f 1086/2120/1835 1033/2217/1775 1087/2254/1836 1133/2255/1889
f 1088/2256/1837 1087/2254/1836 1033/2217/1775 1034/2218/1776
f 1032/2115/1774 977/2107/1715 1033/2217/1775 1086/2120/1835
f 1131/2119/1887 1085/2116/1834 1132/2121/1888 1183/2257/1944
f 1133/2255/1889 1184/2258/1945 1132/2121/1888 1086/2120/1835
f 1183/2257/1944 1132/2121/1888 1184/2258/1945 1242/2259/2005
f 1249/2260/2012 1242/2259/2005 1184/2258/1945 1243/2261/2006
f 1185/2262/1946 1243/2261/2006 1184/2258/1945 1133/2255/1889
f 1272/2263/2035 1302/2264/2065 1329/2265/2092 1301/2266/2064
f 1379/2267/2142 1355/2268/2118 1329/2265/2092 1356/2201/2119
f 1328/2269/2091 1355/2268/2118 1378/2270/2141 1354/2271/2117
f 1377/2272/2140 1354/2271/2117 1378/2270/2141 1395/2273/2158
f 1410/2274/2173 1395/2273/2158 1378/2270/2141 1396/2275/2159
f 1116/2276/1872 1067/2277/1816 1437/2278/2200 1117/2279/1873
f 1434/2280/2197 1118/2281/1874 1117/2279/1873 1437/2278/2200
f 1014/2228/1756 1069/2282/1818 1068/2283/1817 1013/2284/1755
f 1012/2285/1754 955/2286/1693 956/2287/1694 1013/2284/1755
f 1139/2288/1895 1191/2289/1952 1187/2290/1948 1135/2291/1891
f 1200/2241/1961 1186/2292/1947 1187/2290/1948 1199/2240/1960
f 1135/2291/1891 1187/2290/1948 1186/2292/1947 1134/2293/1890
f 1185/2262/1946 1134/2293/1890 1186/2292/1947 1244/2294/2007
f 1201/2295/1962 1244/2294/2007 1186/2292/1947 1200/2241/1961
f 1134/2293/1890 1087/2254/1836 1088/2256/1837 1135/2291/1891
f 1092/2296/1841 1088/2256/1837 1034/2218/1776 1038/2219/1780
f 944/2297/1677 869/2010/1598 881/2009/1612 1000/2298/1738
f 1000/2298/1738 881/2009/1612 882/2006/1613 1056/2299/1798
f 1138/2300/1894 1092/2296/1841 1038/2219/1780 1091/2301/1840
f 1037/2302/1779 1091/2301/1840 1038/2219/1780 982/2220/1720
f 1135/2291/1891 1088/2256/1837 1092/2296/1841 1139/2288/1895
f 1190/2303/1951 1139/2288/1895 1092/2296/1841 1138/2300/1894
f 1328/2269/2091 1300/2304/2063 1271/2305/2034 1301/2266/2064
f 1225/2306/1988 1226/2307/1989 1271/2305/2034 1270/2308/2033
f 1299/2309/2062 1300/2304/2063 1327/2310/2090 1326/2311/2089
f 1352/2312/2115 1326/2311/2089 1327/2310/2090 1353/2313/2116
f 1101/2314/1850 1148/2315/1904 1147/2316/1903 1100/2317/1849
f 1099/2166/1848 1100/2317/1849 1147/2316/1903 1146/2237/1902
f 1201/2295/1962 1146/2237/1902 1147/2316/1903 1202/2318/1963
f 1171/2319/1932 1172/2204/1933 1230/2203/1993 1229/2320/1992
f 1170/2321/1931 1228/2322/1991 1273/2323/2036 1227/2324/1990
f 1330/2200/2093 1302/2264/2065 1273/2323/2036 1303/2146/2066
f 991/2245/1729 992/2325/1730 1047/2326/1789 1046/2244/1788
f 1048/2327/1790 1047/2326/1789 992/2325/1730 993/2328/1731
f 935/2329/1668 936/2330/1669 992/2325/1730 991/2245/1729
f 1430/2093/2193 1424/2089/2187 1416/2088/2179 1425/2331/2188
f 1417/2332/2180 1425/2331/2188 1416/2088/2179 1403/2333/2166
f 1272/2263/2035 1226/2307/1989 1169/2334/1930 1227/2324/1990
f 1118/2281/1874 1119/2335/1875 1169/2334/1930 1168/2336/1929
f 1221/2337/1984 1165/2338/1926 1167/2339/1928 1224/2340/1987
f 1368/2341/2131 1340/2342/2103 1312/2343/2075 1341/2344/2104
f 1282/2251/2045 1313/2345/2076 1312/2343/2075 1281/2250/2044
f 1341/2344/2104 1312/2343/2075 1313/2345/2076 1342/2346/2105
f 1283/2347/2046 1314/2348/2077 1313/2345/2076 1282/2251/2045
f 1056/2299/1798 882/2006/1613 883/1989/1614 1057/2349/1799
f 1057/2349/1799 883/1989/1614 884/1990/1615 1058/2350/1800
f 1326/2311/2089 1325/2351/2088 1298/2352/2061 1299/2309/2062
f 1371/2353/2134 1390/2354/2153 1405/2355/2168 1389/2356/2152
f 1388/2357/2151 1389/2356/2152 1405/2355/2168 1406/2358/2169
f 1392/2359/2155 1406/2358/2169 1405/2355/2168 1391/2360/2154
f 1352/2312/2115 1375/2361/2138 1373/2362/2136 1351/2363/2114
f 1374/2364/2137 1349/2365/2112 1373/2362/2136 1391/2360/2154
f 1343/2366/2106 1347/2367/2110 1369/2368/2132 1342/2346/2105
f 1341/2344/2104 1342/2346/2105 1369/2368/2132 1370/2369/2133
f 1388/2357/2151 1370/2369/2133 1369/2368/2132 1389/2356/2152
f 1058/2350/1800 884/1990/1615 885/1992/1616 1001/2138/1739
f 1149/2370/1905 1203/2371/1964 1248/2372/2011 1202/2318/1963
f 993/2328/1731 992/2325/1730 936/2330/1669 937/2373/1670
f 1268/2374/2031 1298/2352/2061 1325/2351/2088 1297/2375/2060
f 1324/2376/2087 1297/2375/2060 1325/2351/2088 1351/2363/2114
f 1199/2240/1960 1187/2290/1948 1191/2289/1952 1198/2239/1959
f 1246/2377/2009 1191/2289/1952 1139/2288/1895 1190/2303/1951
f 1022/2378/1764 1021/2180/1763 964/2179/1702 965/2379/1703
f 1001/2138/1739 945/2139/1678 946/2380/1679 1002/2381/1740
f 1002/2381/1740 946/2380/1679 947/2382/1680 1003/2383/1741
f 1003/2383/1741 947/2382/1680 948/2394/1681 1004/2395/1742
f 1023/2398/1765 1022/2378/1764 965/2379/1703 966/2399/1704
f 996/2404/1734 995/2405/1733 939/2406/1672 940/2407/1673
f 1028/2408/1770 971/2409/1709 972/2224/1710 1029/2223/1771
f 999/2410/1737 943/2411/1676 944/2297/1677 1000/2298/1738
f 1024/2412/1766 967/2413/1705 968/2414/1706 1025/2415/1767
f 1025/2415/1767 968/2414/1706 969/2416/1707 1026/2417/1768
f 1027/2418/1769 970/2419/1708 971/2409/1709 1028/2408/1770
f 1011/2420/1753 954/2421/1692 955/2286/1693 1012/2285/1754
f 994/2422/1732 993/2328/1731 937/2373/1670 938/2423/1671
f 1010/2424/1752 953/2425/1691 954/2421/1692 1011/2420/1753
f 998/2426/1736 942/2427/1675 943/2411/1676 999/2410/1737
f 1247/2428/2010 1246/2377/2009 1190/2303/1951 1245/2429/2008
f 1245/2429/2008 1190/2303/1951 1138/2300/1894 1189/2430/1950
f 1189/2430/1950 1138/2300/1894 1091/2301/1840 1137/2052/1893
f 1090/2053/1839 1137/2052/1893 1091/2301/1840 1037/2302/1779
f 997/2431/1735 941/2432/1674 942/2427/1675 998/2426/1736
f 1026/2417/1768 969/2416/1707 970/2419/1708 1027/2418/1769
f 982/2220/1720 923/2100/1656 981/2103/1719 1037/2302/1779
f 1156/2433/1912 1152/2434/1908 1055/2435/1797 1108/2436/1857
f 1057/2349/1799 1108/2436/1857 1055/2435/1797 1056/2299/1798
f 1000/2298/1738 1056/2299/1798 1055/2435/1797 999/2410/1737
f 1105/2437/1854 1055/2435/1797 1152/2434/1908 1153/2438/1909
f 1207/2439/1968 1153/2438/1909 1152/2434/1908 1156/2433/1912
f 1059/2440/1801 1060/2072/1802 1109/2441/1858
f 1108/2436/1857 1059/2440/1801 1109/2441/1858 1156/2433/1912
f 1061/2073/1803 1110/2075/1859 1160/2074/1916 1159/2070/1915
f 1110/2075/1859 1062/2076/1804 1111/2077/1860
f 1162/2442/1918 1213/2068/1974 1110/2075/1859 1111/2077/1860
f 1157/2443/1913 1109/2441/1858 1060/2072/1802 1158/2071/1914
f 1002/2381/1740 1003/2383/1741 1060/2072/1802 1059/2440/1801
f 1206/2444/1967 1153/2438/1909 1252/2445/2015 1253/2446/2016
f 1288/2447/2051 1253/2446/2016 1252/2445/2015 1289/2448/2052
f 1257/2449/2020 1289/2448/2052 1252/2445/2015 1254/2450/2017
f 1156/2433/1912 1109/2441/1858 1157/2443/1913 1207/2439/1968
f 1151/2451/1907 1105/2437/1854 1153/2438/1909 1206/2444/1967
f 1254/2450/2017 1252/2445/2015 1153/2438/1909 1207/2452/1968
f 1240/2453/2003 1183/2257/1944 1242/2259/2005 1250/2454/2013
f 1316/2455/2079 1290/2456/2053 1256/2457/2019 1287/2458/2050
f 1251/2459/2014 1287/2458/2050 1256/2457/2019 1209/2460/1970
f 1053/2461/1795 1054/2462/1796 1106/2463/1855 1107/2464/1856
f 1154/2465/1910 1107/2464/1856 1106/2463/1855 1155/2466/1911
f 1243/2261/2006 1248/2372/2011 1203/2371/1964 1249/2260/2012
f 1204/2467/1965 1249/2260/2012 1203/2371/1964 1150/2468/1906
f 1104/2469/1853 1150/2468/1906 1203/2371/1964 1149/2370/1905
f 1061/2073/1803 1060/2072/1802 1003/2383/1741
f 1059/2440/1801 1108/2436/1857 1057/2349/1799 1058/2350/1800
f 999/2410/1737 1055/2435/1797 1105/2437/1854 1054/2462/1796
f 994/2422/1732 995/2405/1733 1050/2470/1792 1049/2471/1791
f 938/2423/1671 939/2406/1672 995/2405/1733 994/2422/1732
f 1051/2472/1793 1050/2470/1792 995/2405/1733 996/2404/1734
f 1049/2471/1791 1048/2327/1790 993/2328/1731 994/2422/1732
f 1100/2317/1849 1047/2326/1789 1048/2327/1790 1101/2314/1850
f 1102/2473/1851 1101/2314/1850 1048/2327/1790 1049/2471/1791
f 950/2474/1686 951/2385/1687 1008/2384/1748 1007/2475/1747
f 1267/2482/2030 1266/2483/2029 1220/2484/1983 1222/2485/1985
f 1269/2489/2032 1298/2352/2061 1268/2374/2031 1223/2490/1986
f 1166/2491/1927 1223/2490/1986 1268/2374/2031 1222/2485/1985
f 1164/2487/1925 1114/2492/1870 1115/2493/1871 1166/2491/1927
f 1116/2276/1872 1165/2338/1926 1115/2493/1871 1066/2494/1815
f 1223/2490/1986 1166/2491/1927 1115/2493/1871 1221/2337/1984
f 1066/2494/1815 1115/2493/1871 1114/2492/1870 1065/2495/1814
f 1064/2496/1813 1065/2495/1814 1114/2492/1870 1113/2497/1869
f 1161/2498/1917 1163/2500/1919 1217/2504/1978 1218/2505/1979
f 1023/2398/1765 1024/2412/1766 1079/2512/1828 1078/2513/1827
f 1126/2514/1882 1078/2513/1827 1079/2512/1828 1127/2515/1883
f 1177/2516/1938 1176/2194/1937 1125/2195/1881 1126/2514/1882
f 1237/2517/2000 1236/2249/1999 1176/2194/1937 1177/2516/1938
f 1237/2517/2000 1177/2516/1938 1178/2518/1939 1238/2519/2001
f 1128/2520/1884 1179/2521/1940 1178/2518/1939 1127/2515/1883
f 1061/2073/1803 1003/2383/1741 1004/2395/1742 1062/2076/1804
f 1001/2138/1739 1002/2381/1740 1059/2440/1801 1058/2350/1800
f 996/2404/1734 997/2431/1735 1052/2522/1794 1051/2472/1793
f 1102/2473/1851 1051/2472/1793 1052/2522/1794 1103/2523/1852
f 1053/2461/1795 1052/2522/1794 997/2431/1735 998/2426/1736
f 940/2407/1673 941/2432/1674 997/2431/1735 996/2404/1734
f 1202/2318/1963 1147/2316/1903 1148/2315/1904 1149/2370/1905
f 1218/2505/1979 1217/2504/1978 1263/2506/2026 1264/2524/2027
f 1294/2525/2057 1264/2524/2027 1263/2506/2026 1265/2526/2028
f 1131/2119/1887 1182/2527/1943 1181/2528/1942 1084/2118/1833
f 1130/2529/1886 1084/2118/1833 1181/2528/1942 1129/2530/1885
f 1180/2531/1941 1129/2530/1885 1181/2528/1942 1239/2532/2002
f 1128/2520/1884 1129/2530/1885 1180/2531/1941 1179/2521/1940
f 1255/2533/2018 1291/2534/2054 1286/2535/2049 1241/2536/2004
f 1239/2532/2002 1181/2528/1942 1182/2527/1943 1241/2536/2004
f 1255/2533/2018 1241/2536/2004 1182/2527/1943 1240/2453/2003
f 1076/2189/1825 1021/2180/1763 1022/2378/1764 1077/2196/1826
f 952/2403/1690 953/2425/1691 1010/2424/1752 1009/2402/1751
f 1264/2524/2027 1293/2541/2056 1262/2542/2025 1218/2505/1979
f 1161/2498/1917 1218/2505/1979 1262/2542/2025 1216/2543/1977
f 1216/2543/1977 1258/2069/2021 1213/2068/1974 1162/2442/1918
f 999/2410/1737 1054/2462/1796 1053/2461/1795 998/2426/1736
f 1103/2523/1852 1052/2522/1794 1053/2461/1795 1104/2469/1853
f 1151/2451/1907 1106/2463/1855 1054/2462/1796 1105/2437/1854
f 1389/2356/2152 1369/2368/2132 1347/2367/2110 1371/2353/2134
f 1391/2360/2154 1405/2355/2168 1390/2354/2153 1374/2364/2137
f 1350/2545/2113 1374/2364/2137 1390/2354/2153 1372/2546/2135
f 1320/2547/2083 1290/2456/2053 1316/2455/2079 1344/2548/2107
f 1372/2546/2135 1344/2548/2107 1316/2455/2079 1345/2549/2108
f 1255/2533/2018 1256/2457/2019 1290/2456/2053 1291/2534/2054
f 1319/2550/2082 1291/2534/2054 1290/2456/2053 1320/2547/2083
f 974/2551/1712 1031/2117/1773 1084/2118/1833 1030/2552/1772
f 1219/2488/1982 1220/2484/1983 1266/2483/2029 1265/2526/2028
f 1296/2553/2059 1323/2554/2086 1322/2555/2085 1295/2556/2058
f 1294/2525/2057 1295/2556/2058 1322/2555/2085 1321/2557/2084
f 1351/2363/2114 1373/2362/2136 1349/2365/2112 1324/2376/2087
f 1350/2545/2113 1323/2554/2086 1349/2365/2112 1374/2364/2137
f 1222/2485/1985 1268/2374/2031 1297/2375/2060 1267/2482/2030
f 1296/2553/2059 1267/2482/2030 1297/2375/2060 1324/2376/2087
f 1065/2495/1814 1010/2424/1752 1011/2420/1753 1066/2494/1815
f 1012/2285/1754 1067/2277/1816 1011/2420/1753
f 1066/2494/1815 1011/2420/1753 1067/2277/1816 1116/2276/1872
f 1013/2284/1755 1068/2283/1817 1067/2277/1816 1012/2285/1754
f 1117/2279/1873 1167/2339/1928 1165/2338/1926 1116/2276/1872
f 1221/2337/1984 1115/2493/1871 1165/2338/1926
f 1080/2558/1829 1025/2415/1767 1026/2417/1768 1081/2559/1830
f 1209/2460/1970 1256/2457/2019 1255/2533/2018 1208/2560/1969
f 1250/2454/2013 1208/2560/1969 1255/2533/2018 1240/2453/2003
f 1240/2453/2003 1182/2527/1943 1131/2119/1887 1183/2257/1944
f 1155/2466/1911 1106/2463/1855 1151/2451/1907 1205/2561/1966
f 1292/2562/2055 1262/2542/2025 1293/2541/2056 1318/2563/2081
f 1346/2564/2109 1318/2563/2081 1293/2541/2056 1321/2557/2084
f 1289/2448/2052 1292/2562/2055 1318/2563/2081 1288/2447/2051
f 1080/2558/1829 1079/2512/1828 1024/2412/1766 1025/2415/1767
f 966/2399/1704 967/2413/1705 1024/2412/1766 1023/2398/1765
f 1082/2565/1831 1027/2418/1769 1083/2566/1832 1130/2529/1886
f 1029/2223/1771 1030/2552/1772 1083/2566/1832 1028/2408/1770
f 1317/2567/2080 1287/2458/2050 1253/2446/2016 1288/2447/2051
f 1206/2444/1967 1253/2446/2016 1287/2458/2050 1251/2459/2014
f 1345/2549/2108 1316/2455/2079 1287/2458/2050 1317/2567/2080
f 1282/2251/2045 1235/2248/1998 1236/2249/1999 1283/2347/2046
f 1284/2568/2047 1283/2347/2046 1236/2249/1999 1237/2517/2000
f 1315/2569/2078 1286/2535/2049 1291/2534/2054 1319/2550/2082
f 1205/2561/1966 1151/2451/1907 1206/2444/1967 1251/2459/2014
f 1081/2559/1830 1026/2417/1768 1027/2418/1769 1082/2565/1831
f 1028/2408/1770 1083/2566/1832 1027/2418/1769
f 1128/2520/1884 1080/2558/1829 1081/2559/1830 1129/2530/1885
f 1129/2530/1885 1081/2559/1830 1082/2565/1831 1130/2529/1886
f 1127/2515/1883 1079/2512/1828 1080/2558/1829 1128/2520/1884
f 1342/2346/2105 1313/2345/2076 1314/2348/2077 1343/2366/2106
f 1319/2550/2082 1343/2366/2106 1314/2348/2077 1315/2569/2078
f 1030/2552/1772 1084/2118/1833 1130/2529/1886 1083/2566/1832
f 1261/2570/2024 1262/2542/2025 1292/2562/2055 1259/2571/2022
f 1198/2239/1959 1191/2289/1952 1246/2377/2009 1197/2252/1958
f 1096/2160/1845 1143/2238/1899 1142/2253/1898 1095/2171/1844
f 1196/2065/1957 1141/2064/1897 1142/2253/1898 1197/2252/1958
f 1094/2061/1843 1040/2060/1782 1041/2172/1783 1095/2171/1844
f 987/2158/1725 1042/2161/1784 1041/2172/1783 986/2169/1724
f 985/2057/1723 929/2056/1662 930/2170/1663 986/2169/1724
f 1332/2131/2095 1333/2136/2096 1359/2137/2122 1360/2128/2123
f 1306/2127/2069 1334/2124/2097 1333/2136/2096 1305/2572/2068
f 1303/2146/2066 1273/2323/2036 1228/2322/1991 1274/2145/2037
f 1275/2573/2038 1274/2145/2037 1228/2322/1991 1229/2320/1992
f 1337/2150/2100 1365/2574/2128 1383/2575/2146 1364/2152/2127
f 1400/2178/2163 1383/2575/2146 1365/2574/2128 1384/2177/2147
f 1309/2151/2072 1338/2576/2101 1365/2574/2128 1337/2150/2100
f 1384/2177/2147 1365/2574/2128 1338/2576/2101 1366/2175/2129
f 1339/2577/2102 1366/2175/2129 1338/2576/2101 1310/2578/2073
f 1279/2579/2042 1310/2578/2073 1338/2576/2101 1309/2151/2072
f 1233/2197/1996 1174/2192/1935 1234/2247/1997 1280/2580/2043
f 1311/2581/2074 1280/2580/2043 1234/2247/1997 1281/2250/2044
f 1089/2582/1838 1036/2104/1778 979/2048/1717 1035/2047/1777
f 1037/2302/1779 981/2103/1719 1036/2104/1778 1090/2053/1839
f 1192/2583/1953 1189/2430/1950 1137/2052/1893 1188/2051/1949
f 1193/2584/1954 1245/2429/2008 1189/2430/1950 1192/2583/1953
f 1194/2585/1955 1247/2428/2010 1245/2429/2008 1193/2584/1954
f 1197/2252/1958 1246/2377/2009 1247/2428/2010 1196/2065/1957
f 1095/2171/1844 1142/2253/1898 1141/2064/1897 1094/2061/1843
f 986/2169/1724 1041/2172/1783 1040/2060/1782 985/2057/1723
f 921/2099/1654 925/2098/1658 926/2586/1659 980/2049/1718
f 1090/2053/1839 1036/2104/1778 1089/2582/1838 1136/2050/1892
f 1196/2065/1957 1247/2428/2010 1194/2585/1955 1195/2062/1956
f 1094/2061/1843 1141/2064/1897 1140/2063/1896 1093/2058/1842
f 985/2057/1723 1040/2060/1782 1039/2059/1781 984/2054/1722
f 980/2049/1718 926/2586/1659 927/2587/1660 983/2046/1721
f 1019/2184/1761 1018/2215/1760 961/2216/1699 962/2183/1700
f 1072/2214/1821 1017/2211/1759 1018/2215/1760 1073/2588/1822
f 1074/2589/1823 1073/2588/1822 1018/2215/1760 1019/2184/1761
f 1075/2191/1824 1123/2187/1879 1173/2186/1934 1122/2205/1878
f 1168/2336/1929 1167/2339/1928 1117/2279/1873 1118/2281/1874
f 1227/2324/1990 1169/2334/1930 1119/2335/1875 1170/2321/1931
f 1069/2282/1818 1070/2234/1819 1435/2233/2198 1434/2280/2197
f 1171/2319/1932 1170/2321/1931 1119/2335/1875 1436/2590/2199
f 1062/2076/1804 1004/2395/1742 1005/2396/1743 1063/2078/1805
f 949/2393/1685 950/2474/1686 1007/2475/1747 1006/2392/1746
f 1205/2561/1966 1251/2459/2014 1209/2460/1970 1155/2466/1911
f 1375/2361/2138 1376/2591/2139 1394/2592/2157 1392/2359/2155
f 1406/2358/2169 1392/2359/2155 1394/2592/2157 1409/2593/2172
f 1418/2594/2181 1409/2593/2172 1394/2592/2157 1407/2595/2170
f 1281/2250/2044 1312/2343/2075 1340/2342/2103 1311/2581/2074
f 1339/2577/2102 1311/2581/2074 1340/2342/2103 1367/2243/2130
f 1279/2579/2042 1233/2197/1996 1280/2580/2043 1310/2578/2073
f 1278/2140/2041 1232/2188/1995 1233/2197/1996 1279/2579/2042
f 1277/2142/2040 1231/2185/1994 1232/2188/1995 1278/2140/2041
f 1276/2143/2039 1230/2203/1993 1231/2185/1994 1277/2142/2040
f 1396/2275/2159 1411/2083/2174 1420/2596/2183 1410/2274/2173
f 1407/2595/2170 1394/2592/2157 1376/2591/2139 1393/2597/2156
f 1356/2201/2119 1380/2199/2143 1397/2080/2160 1379/2267/2142
f 1428/2086/2191 1421/2082/2184 1412/2081/2175 1422/2227/2185
f 1431/2095/2194 1432/2084/2195 1433/2091/2196 1430/2093/2193
f 1418/2594/2181 1426/2598/2189 1425/2331/2188 1417/2332/2180
f 1403/2333/2166 1416/2088/2179 1402/2087/2165 1386/2242/2149
f 1367/2243/2130 1340/2342/2103 1368/2341/2131 1386/2242/2149
f 1387/2599/2150 1368/2341/2131 1341/2344/2104 1370/2369/2133
f 1320/2547/2083 1347/2367/2110 1343/2366/2106 1319/2550/2082
f 1386/2242/2149 1368/2341/2131 1387/2599/2150 1403/2333/2166
f 1404/2600/2167 1387/2599/2150 1370/2369/2133 1388/2357/2151
f 976/2109/1714 1031/2117/1773 974/2551/1712 916/2110/1649
f 917/2221/1650 916/2110/1649 974/2551/1712 975/2226/1713
f 975/2226/1713 974/2551/1712 1030/2552/1772 1029/2223/1771
f 1104/2469/1853 1053/2461/1795 1107/2464/1856 1150/2468/1906
f 1155/2466/1911 1209/2460/1970 1208/2560/1969 1154/2465/1910
f 1204/2467/1965 1154/2465/1910 1208/2560/1969 1250/2454/2013
f 1238/2519/2001 1180/2531/1941 1239/2532/2002 1285/2601/2048
f 1315/2569/2078 1314/2348/2077 1283/2347/2046 1284/2568/2047
f 1310/2578/2073 1280/2580/2043 1311/2581/2074 1339/2577/2102
f 1367/2243/2130 1385/2176/2148 1366/2175/2129 1339/2577/2102
f 1305/2572/2068 1333/2136/2096 1332/2131/2095 1304/2144/2067
f 1224/2340/1987 1269/2489/2032 1223/2490/1986 1221/2337/1984
f 1299/2309/2062 1298/2352/2061 1269/2489/2032 1270/2308/2033
f 1225/2306/1988 1270/2308/2033 1269/2489/2032 1224/2340/1987
f 1301/2266/2064 1271/2305/2034 1226/2307/1989 1272/2263/2035
f 1168/2336/1929 1169/2334/1930 1226/2307/1989 1225/2306/1988
f 1227/2324/1990 1273/2323/2036 1302/2264/2065 1272/2263/2035
f 1356/2201/2119 1329/2265/2092 1302/2264/2065 1330/2200/2093
f 1303/2146/2066 1331/2133/2094 1357/2132/2120 1330/2200/2093
f 1222/2485/1985 1220/2484/1983 1164/2487/1925 1166/2491/1927
f 1009/2402/1751 1010/2424/1752 1065/2495/1814 1064/2496/1813
f 1295/2556/2058 1266/2483/2029 1267/2482/2030 1296/2553/2059
f 1324/2376/2087 1349/2365/2112 1323/2554/2086 1296/2553/2059
f 1348/2602/2111 1322/2555/2085 1323/2554/2086 1350/2545/2113
f 1371/2353/2134 1347/2367/2110 1320/2547/2083 1344/2548/2107
f 1285/2601/2048 1286/2535/2049 1315/2569/2078 1284/2568/2047
f 1285/2601/2048 1284/2568/2047 1237/2517/2000 1238/2519/2001
f 1127/2515/1883 1178/2518/1939 1177/2516/1938 1126/2514/1882
f 1077/2196/1826 1022/2378/1764 1023/2398/1765 1078/2513/1827
f 1238/2519/2001 1178/2518/1939 1179/2521/1940 1180/2531/1941
f 1241/2536/2004 1286/2535/2049 1285/2601/2048 1239/2532/2002
f 1150/2468/1906 1107/2464/1856 1154/2465/1910 1204/2467/1965
f 1250/2454/2013 1242/2259/2005 1249/2260/2012 1204/2467/1965
f 1244/2294/2007 1248/2372/2011 1243/2261/2006 1185/2262/1946
f 1133/2255/1889 1087/2254/1836 1134/2293/1890 1185/2262/1946
f 1430/2093/2193 1425/2331/2188 1426/2598/2189 1431/2095/2194
f 1427/2085/2190 1431/2095/2194 1426/2598/2189 1419/2603/2182
f 1407/2595/2170 1419/2603/2182 1426/2598/2189 1418/2594/2181
f 1411/2083/2174 1421/2082/2184 1427/2085/2190 1420/2596/2183
f 1408/2604/2171 1420/2596/2183 1427/2085/2190 1419/2603/2182
f 1379/2267/2142 1397/2080/2160 1411/2083/2174 1396/2275/2159
f 1301/2266/2064 1329/2265/2092 1355/2268/2118 1328/2269/2091
f 1396/2275/2159 1378/2270/2141 1355/2268/2118 1379/2267/2142
f 1354/2271/2117 1327/2310/2090 1300/2304/2063 1328/2269/2091
f 1270/2308/2033 1271/2305/2034 1300/2304/2063 1299/2309/2062
f 1403/2333/2166 1387/2599/2150 1404/2600/2167 1417/2332/2180
f 1409/2593/2172 1404/2600/2167 1388/2357/2151 1406/2358/2169
f 1410/2274/2173 1420/2596/2183 1408/2604/2171 1395/2273/2158
f 1377/2272/2140 1395/2273/2158 1408/2604/2171 1393/2597/2156
f 1393/2597/2156 1408/2604/2171 1419/2603/2182 1407/2595/2170
f 1417/2332/2180 1404/2600/2167 1409/2593/2172 1418/2594/2181
f 1353/2313/2116 1327/2310/2090 1354/2271/2117 1377/2272/2140
f 1229/2320/1992 1228/2322/1991 1170/2321/1931 1171/2319/1932
f 1013/2284/1755 956/2287/1694 957/2229/1695 1014/2228/1756
f 1015/2231/1757 1070/2234/1819 1069/2282/1818 1014/2228/1756
f 1224/2340/1987 1167/2339/1928 1168/2336/1929 1225/2306/1988
f 1351/2363/2114 1325/2351/2088 1326/2311/2089 1352/2312/2115
f 1391/2360/2154 1373/2362/2136 1375/2361/2138 1392/2359/2155
f 1353/2313/2116 1376/2591/2139 1375/2361/2138 1352/2312/2115
f 1019/2184/1761 1020/2181/1762 1075/2191/1824 1074/2589/1823
f 1074/2589/1823 1075/2191/1824 1122/2205/1878 1073/2588/1822
f 1073/2588/1822 1122/2205/1878 1121/2206/1877 1072/2214/1821
f 1049/2471/1791 1050/2470/1792 1051/2472/1793 1102/2473/1851
f 1103/2523/1852 1148/2315/1904 1101/2314/1850 1102/2473/1851
f 1046/2244/1788 1047/2326/1789 1100/2317/1849 1099/2166/1848
f 1149/2370/1905 1148/2315/1904 1103/2523/1852 1104/2469/1853
f 1200/2241/1961 1145/2236/1901 1146/2237/1902 1201/2295/1962
f 1202/2318/1963 1248/2372/2011 1244/2294/2007 1201/2295/1962
f 918/2108/1651 977/2107/1715 1032/2115/1774 976/2109/1714
f 911/2114/1644 908/2111/1641 916/2110/1649 917/2221/1650
f 975/2226/1713 973/2225/1711 924/2222/1657 917/2221/1650
f 982/2220/1720 978/2106/1716 919/2105/1652 923/2100/1656
f 990/2168/1728 934/2246/1667 935/2329/1668 991/2245/1729
f 1393/2597/2156 1376/2591/2139 1353/2313/2116 1377/2272/2140
f 1309/2151/2072 1308/2141/2071 1278/2140/2041 1279/2579/2042
f 1229/2320/1992 1230/2203/1993 1276/2143/2039 1275/2573/2038
f 1305/2572/2068 1275/2573/2038 1276/2143/2039 1306/2127/2069
f 1305/2572/2068 1304/2144/2067 1274/2145/2037 1275/2573/2038
f 1126/2514/1882 1125/2195/1881 1077/2196/1826 1078/2513/1827
f 1111/2077/1860 1112/2079/1861 1161/2498/1917 1162/2442/1918
f 1321/2557/2084 1293/2541/2056 1264/2524/2027 1294/2525/2057
f 1265/2526/2028 1266/2483/2029 1295/2556/2058 1294/2525/2057
f 1345/2549/2108 1348/2602/2111 1350/2545/2113 1372/2546/2135
f 1321/2557/2084 1322/2555/2085 1348/2602/2111 1346/2564/2109
f 1317/2567/2080 1346/2564/2109 1348/2602/2111 1345/2549/2108
f 1071/2213/1820 1070/2234/1819 1015/2231/1757 1016/2212/1758
f 1288/2447/2051 1318/2563/2081 1346/2564/2109 1317/2567/2080
f 1372/2546/2135 1390/2354/2153 1371/2353/2134 1344/2548/2107
f 1259/2571/2022 1292/2562/2055 1289/2448/2052 1257/2449/2020
f 1258/2069/2021 1262/2542/2025 1261/2066/2024
f 1216/2543/1977 1262/2542/2025 1258/2069/2021
f 1162/2442/1918 1161/2498/1917 1216/2543/1977
f 1072/2214/1821 1121/2206/1877 1120/2208/1876 1071/2213/1820
f 1070/2234/1819 1071/2213/1820 1120/2208/1876
f 1436/2590/2199 1119/2335/1875 1435/2233/2198
f 1435/2233/2198 1119/2335/1875 1118/2281/1874 1434/2280/2197
f 1436/2590/2199 1438/2232/2201 1439/2207/2202 1171/2319/1932
f 1437/2278/2200 1068/2283/1817 1069/2282/1818 1434/2280/2197
f 1067/2277/1816 1068/2283/1817 1437/2278/2200
f 1438/2232/2201 1436/2590/2199 1435/2233/2198
f 1438/2232/2201 1120/2208/1876 1439/2207/2202
f 1121/2206/1877 1172/2204/1933 1171/2319/1932 1439/2207/2202
f 1459/2605/2222 1458/2606/2221 1511/2607/2281 1462/2608/2225
f 1566/2609/2343 1612/2610/2397 1662/2611/2453 1611/2612/2396
f 1464/2613/2227 929/2056/1662 928/2055/1661 1463/2614/2226
f 1570/2615/2347 1516/2616/2286 1515/2617/2285 1569/2618/2346
f 1670/2619/2461 1616/2620/2401 1615/2621/2400 1669/2622/2460
f 1731/2623/2525 1687/2624/2478 1689/2625/2480 1734/2626/2528
f 1537/2627/2307 1536/2628/2306 1633/2629/2418 1634/2630/2419
f 1687/2624/2478 1586/2631/2363 1635/2632/2420 1689/2625/2480
f 1537/2627/2307 1586/2631/2363 1538/2633/2308
f 1588/2634/2365 1539/2635/2309 1538/2633/2308 1587/2636/2364
f 1884/2637/2678 1894/2638/2688 1885/2639/2679 1870/2640/2664
f 1901/2641/2695 1894/2638/2688 1900/2642/2694 1905/2643/2699
f 1888/2644/2682 1897/2645/2691 1889/2646/2683 1875/2647/2669
f 1903/2648/2697 1897/2645/2691 1902/2649/2696 1906/2650/2700
f 1896/2651/2690 1902/2649/2696 1897/2645/2691 1888/2644/2682
f 1905/2643/2699 1900/2642/2694 1904/2652/2698
f 1451/2653/2214 925/2098/1658 922/2097/1655 1445/2654/2208
f 1460/2655/2223 1450/2656/2213 1444/2657/2207 1452/2658/2215
f 1458/2606/2221 1450/2656/2213 1460/2655/2223 1512/2659/2282
f 1451/2653/2214 1450/2656/2213 1458/2606/2221 1459/2605/2222
f 1448/2660/2211 1456/2661/2219 1457/2662/2220 1449/2663/2212
f 1448/2660/2211 1440/2664/2203 1446/2665/2209 1455/2666/2218
f 1443/2667/2206 1440/2664/2203 1441/2668/2204 1442/2669/2205
f 1455/2666/2218 1507/2670/2277 1561/2671/2338 1508/2672/2278
f 1606/2673/2391 1561/2671/2338 1507/2670/2277 1560/2674/2337
f 1508/2672/2278 1561/2671/2338 1607/2675/2392 1562/2676/2339
f 1808/2677/2602 1807/2678/2601 1834/2679/2628 1835/2680/2629
f 1779/2681/2573 1807/2678/2601 1808/2677/2602 1780/2682/2574
f 1805/2683/2599 1831/2684/2625 1855/2685/2649 1833/2686/2627
f 1854/2687/2648 1831/2684/2625 1804/2688/2598 1830/2689/2624
f 1872/2690/2666 1855/2685/2649 1831/2684/2625 1854/2687/2648
f 1832/2691/2626 1834/2679/2628 1807/2678/2601 1806/2692/2600
f 945/2693/1678 870/2030/1599 902/2029/1635 1480/2694/2243
f 1750/2695/2544 1780/2682/2574 1781/2696/2575 1751/2697/2545
f 1779/2681/2573 1780/2682/2574 1750/2695/2544 1749/2698/2543
f 1777/2699/2571 1804/2688/2598 1831/2684/2625 1805/2683/2599
f 1776/2700/2570 1804/2688/2598 1777/2699/2571 1747/2701/2541
f 1445/2654/2208 922/2097/1655 914/2147/1647 1442/2669/2205
f 1442/2669/2205 914/2147/1647 915/2148/1648 1443/2667/2206
f 1449/2663/2212 1441/2668/2204 1440/2664/2203 1448/2660/2211
f 1442/2669/2205 1441/2668/2204 1444/2657/2207 1445/2654/2208
f 1452/2658/2215 1444/2657/2207 1441/2668/2204 1449/2663/2212
f 1445/2654/2208 1444/2657/2207 1450/2656/2213 1451/2653/2214
f 1809/2702/2603 1781/2696/2575 1780/2682/2574 1808/2677/2602
f 1782/2703/2576 1781/2696/2575 1809/2702/2603 1810/2704/2604
f 1810/2704/2604 1809/2702/2603 1836/2705/2630 1837/2706/2631
f 1468/2707/2231 933/2156/1666 932/2155/1665 1467/2708/2230
f 1467/2708/2230 932/2155/1665 931/2159/1664 1466/2709/2229
f 1573/2710/2350 1519/2711/2289 1518/2712/2288 1572/2713/2349
f 1467/2708/2230 1519/2711/2289 1520/2714/2290 1468/2707/2231
f 1574/2715/2351 1520/2714/2290 1519/2711/2289 1573/2710/2350
f 1521/2716/2291 1520/2714/2290 1574/2715/2351 1575/2717/2352
f 1468/2707/2231 1520/2714/2290 1521/2716/2291 1469/2718/2232
f 1466/2709/2229 931/2159/1664 930/2170/1663 1465/2719/2228
f 1572/2713/2349 1518/2712/2288 1517/2720/2287 1571/2721/2348
f 1466/2709/2229 1518/2712/2288 1519/2711/2289 1467/2708/2230
f 1888/2644/2682 1874/2722/2668 1887/2723/2681 1896/2651/2690
f 1857/2724/2651 1874/2722/2668 1858/2725/2652 1839/2726/2633
f 1873/2727/2667 1887/2723/2681 1874/2722/2668 1857/2724/2651
f 1835/2680/2629 1836/2705/2630 1809/2702/2603 1808/2677/2602
f 963/2182/1701 1496/2728/2266 1497/2729/2267 964/2179/1702
f 1495/2730/2265 1496/2728/2266 963/2182/1701 962/2183/1700
f 1705/2731/2499 1598/2732/2383 1647/2733/2438 1704/2734/2498
f 1551/2735/2328 1598/2732/2383 1599/2736/2384 1552/2737/2329
f 1649/2738/2440 1599/2736/2384 1598/2732/2383 1648/2739/2439
f 1600/2740/2385 1599/2736/2384 1649/2738/2440 1650/2741/2441
f 1552/2737/2329 1599/2736/2384 1600/2740/2385 1553/2742/2330
f 1552/2737/2329 1497/2729/2267 1496/2728/2266 1551/2735/2328
f 1706/2743/2500 1648/2739/2439 1598/2732/2383 1705/2731/2499
f 1830/2689/2624 1853/2744/2647 1871/2745/2665 1854/2687/2648
f 1829/2746/2623 1853/2744/2647 1830/2689/2624 1803/2747/2597
f 1885/2639/2679 1871/2745/2665 1853/2744/2647 1870/2640/2664
f 1854/2687/2648 1871/2745/2665 1886/2748/2680 1872/2690/2666
f 1647/2733/2438 1646/2749/2437 1703/2750/2497 1704/2734/2498
f 1596/2751/2381 1646/2749/2437 1647/2733/2438 1597/2752/2382
f 1596/2751/2381 1595/2753/2380 1912/2754/2706
f 1492/2755/2262 1493/2756/2263 960/2210/1698 959/2209/1697
f 1548/2757/2325 1493/2756/2263 1492/2755/2262 1547/2758/2324
f 961/2216/1699 960/2210/1698 1493/2756/2263 1494/2759/2264
f 1510/2760/2280 1457/2662/2220 1456/2661/2219 1509/2761/2279
f 1461/2762/2224 1457/2662/2220 1510/2760/2280 1514/2763/2284
f 1443/2667/2206 915/2148/1648 924/2222/1657 1447/2764/2210
f 1454/2765/2217 973/2225/1711 972/2224/1710 1505/2766/2275
f 1895/2767/2689 1886/2748/2680 1871/2745/2665 1885/2639/2679
f 1491/2768/2261 958/2230/1696 957/2229/1695 1490/2769/2260
f 959/2209/1697 958/2230/1696 1491/2768/2261 1492/2755/2262
f 1546/2770/2323 1908/2771/2702 1911/2772/2705 1595/2753/2380
f 1620/2773/2405 1574/2715/2351 1573/2710/2350 1619/2774/2404
f 1575/2717/2352 1574/2715/2351 1620/2773/2405 1621/2775/2406
f 1618/2776/2403 1619/2774/2404 1573/2710/2350 1572/2713/2349
f 1673/2777/2464 1619/2774/2404 1618/2776/2403 1672/2778/2463
f 1674/2779/2465 1620/2773/2405 1619/2774/2404 1673/2777/2464
f 1875/2647/2669 1858/2725/2652 1874/2722/2668 1888/2644/2682
f 1840/2780/2634 1858/2725/2652 1875/2647/2669 1859/2781/2653
f 1521/2716/2291 1575/2717/2352 1522/2782/2292
f 1469/2718/2232 1521/2716/2291 1522/2782/2292 1470/2783/2233
f 1469/2718/2232 934/2246/1667 933/2156/1666 1468/2707/2231
f 1708/2784/2502 1649/2738/2440 1648/2739/2439 1707/2785/2501
f 1650/2741/2441 1649/2738/2440 1708/2784/2502 1709/2786/2503
f 1755/2787/2549 1708/2784/2502 1707/2785/2501 1754/2788/2548
f 1672/2778/2463 1618/2776/2403 1617/2789/2402 1671/2790/2462
f 1608/2791/2393 1563/2792/2340 1509/2761/2279 1562/2676/2339
f 1510/2760/2280 1509/2761/2279 1563/2792/2340 1564/2793/2341
f 1562/2676/2339 1509/2761/2279 1456/2661/2219 1508/2672/2278
f 1657/2794/2448 1607/2675/2392 1561/2671/2338 1606/2673/2391
f 1562/2676/2339 1607/2675/2392 1658/2795/2449 1608/2791/2393
f 1715/2796/2509 1658/2795/2449 1607/2675/2392 1657/2794/2448
f 1716/2797/2510 1658/2795/2449 1715/2796/2509 1722/2798/2516
f 1608/2791/2393 1658/2795/2449 1716/2797/2510 1659/2799/2450
f 1774/2800/2568 1802/2801/2596 1775/2802/2569 1745/2803/2539
f 1829/2746/2623 1802/2801/2596 1828/2804/2622 1852/2805/2646
f 1827/2806/2621 1851/2807/2645 1828/2804/2622 1801/2808/2595
f 1868/2809/2662 1851/2807/2645 1827/2806/2621 1850/2810/2644
f 1869/2811/2663 1851/2807/2645 1868/2809/2662 1883/2812/2677
f 1592/2813/2377 1910/2814/2704 1543/2815/2320 1591/2816/2376
f 1910/2814/2704 1592/2813/2377 1593/2817/2378 1907/2818/2701
f 1489/2819/2259 1544/2820/2321 1545/2821/2322 1490/2769/2260
f 1489/2819/2259 956/2287/1694 955/2286/1693 1488/2822/2258
f 1610/2823/2395 1661/2824/2452 1665/2825/2456 1614/2826/2399
f 1673/2777/2464 1661/2824/2452 1660/2827/2451 1674/2779/2465
f 1609/2828/2394 1660/2827/2451 1661/2824/2452 1610/2823/2395
f 1717/2829/2511 1660/2827/2451 1609/2828/2394 1659/2799/2450
f 1674/2779/2465 1660/2827/2451 1717/2829/2511 1675/2830/2466
f 1610/2823/2395 1564/2793/2341 1563/2792/2340 1609/2828/2394
f 1514/2763/2284 1510/2760/2280 1564/2793/2341 1568/2831/2345
f 1479/2832/2242 907/2045/1640 869/2010/1598 944/2297/1677
f 1532/2833/2302 904/2042/1637 907/2045/1640 1479/2832/2242
f 1567/2834/2344 1514/2763/2284 1568/2831/2345 1613/2835/2398
f 1461/2762/2224 1514/2763/2284 1567/2834/2344 1513/2836/2283
f 1614/2826/2399 1568/2831/2345 1564/2793/2341 1610/2823/2395
f 1613/2835/2398 1568/2831/2345 1614/2826/2399 1664/2837/2455
f 1774/2800/2568 1744/2838/2538 1773/2839/2567 1801/2808/2595
f 1743/2840/2537 1744/2838/2538 1699/2841/2493 1698/2842/2492
f 1799/2843/2593 1800/2844/2594 1773/2839/2567 1772/2845/2566
f 1826/2846/2620 1800/2844/2594 1799/2843/2593 1825/2847/2619
f 1576/2848/2353 1622/2849/2407 1623/2850/2408 1577/2851/2354
f 1621/2775/2406 1622/2849/2407 1576/2848/2353 1575/2717/2352
f 1676/2852/2467 1622/2849/2407 1621/2775/2406 1675/2830/2466
f 1702/2853/2496 1703/2750/2497 1646/2749/2437 1645/2854/2436
f 1700/2855/2494 1746/2856/2540 1701/2857/2495 1644/2858/2435
f 1776/2700/2570 1746/2856/2540 1775/2802/2569 1803/2747/2597
f 1522/2782/2292 1523/2859/2293 1471/2860/2234 1470/2783/2233
f 1472/2861/2235 1471/2860/2234 1523/2859/2293 1524/2862/2294
f 1470/2783/2233 1471/2860/2234 936/2330/1669 935/2329/1668
f 1898/2863/2692 1889/2646/2683 1897/2645/2691 1903/2648/2697
f 1876/2864/2670 1889/2646/2683 1898/2863/2692 1890/2865/2684
f 1700/2855/2494 1643/2866/2434 1699/2841/2493 1745/2803/2539
f 1642/2867/2433 1643/2866/2434 1594/2868/2379 1593/2817/2378
f 1697/2869/2491 1641/2870/2432 1639/2871/2430 1694/2872/2488
f 1814/2873/2608 1785/2874/2579 1813/2875/2607 1841/2876/2635
f 1754/2788/2548 1785/2874/2579 1786/2877/2580 1755/2787/2549
f 1815/2878/2609 1786/2877/2580 1785/2874/2579 1814/2873/2608
f 1755/2787/2549 1786/2877/2580 1787/2879/2581 1756/2880/2550
f 1533/2881/2303 905/2027/1638 904/2042/1637 1532/2833/2302
f 1534/2882/2304 901/2028/1634 905/2027/1638 1533/2881/2303
f 1772/2845/2566 1771/2883/2565 1798/2884/2592 1799/2843/2593
f 1862/2885/2656 1878/2886/2672 1863/2887/2657 1844/2888/2638
f 1879/2889/2673 1878/2886/2672 1862/2885/2656 1861/2890/2655
f 1864/2891/2658 1878/2886/2672 1879/2889/2673 1865/2892/2659
f 1824/2893/2618 1846/2894/2640 1848/2895/2642 1825/2847/2619
f 1864/2891/2658 1846/2894/2640 1822/2896/2616 1847/2897/2641
f 1815/2878/2609 1842/2898/2636 1820/2899/2614 1816/2900/2610
f 1843/2901/2637 1842/2898/2636 1815/2878/2609 1814/2873/2608
f 1862/2885/2656 1842/2898/2636 1843/2901/2637 1861/2890/2655
f 1480/2694/2243 902/2029/1635 901/2028/1634 1534/2882/2304
f 1676/2852/2467 1721/2902/2515 1677/2903/2468 1624/2904/2409
f 937/2373/1670 936/2330/1669 1471/2860/2234 1472/2861/2235
f 1770/2905/2564 1798/2884/2592 1771/2883/2565 1741/2906/2535
f 1824/2893/2618 1798/2884/2592 1770/2905/2564 1797/2907/2591
f 1672/2778/2463 1665/2825/2456 1661/2824/2452 1673/2777/2464
f 1664/2837/2455 1614/2826/2399 1665/2825/2456 1719/2908/2513
f 965/2379/1703 964/2179/1702 1497/2729/2267 1498/2909/2268
f 1481/2910/2244 946/2911/1679 945/2693/1678 1480/2694/2243
f 1482/2912/2245 947/2913/1680 946/2911/1679 1481/2910/2244
f 1483/2924/2246 948/2925/1681 947/2913/1680 1482/2912/2245
f 966/2399/1704 965/2379/1703 1498/2909/2268 1499/2928/2269
f 940/2407/1673 939/2406/1672 1474/2933/2237 1475/2934/2238
f 1505/2766/2275 972/2224/1710 971/2935/1709 1504/2936/2274
f 1479/2832/2242 944/2297/1677 943/2411/1676 1478/2937/2241
f 1501/2938/2271 968/2414/1706 967/2413/1705 1500/2939/2270
f 1502/2940/2272 969/2416/1707 968/2414/1706 1501/2938/2271
f 1504/2936/2274 971/2935/1709 970/2419/1708 1503/2941/2273
f 1488/2822/2258 955/2286/1693 954/2421/1692 1487/2942/2257
f 938/2423/1671 937/2373/1670 1472/2861/2235 1473/2943/2236
f 1487/2942/2257 954/2421/1692 953/2425/1691 1486/2944/2256
f 1478/2937/2241 943/2411/1676 942/2427/1675 1477/2945/2240
f 1718/2946/2512 1664/2837/2455 1719/2908/2513 1720/2947/2514
f 1663/2948/2454 1613/2835/2398 1664/2837/2455 1718/2946/2512
f 1612/2610/2397 1567/2834/2344 1613/2835/2398 1663/2948/2454
f 1513/2836/2283 1567/2834/2344 1612/2610/2397 1566/2609/2343
f 1477/2945/2240 942/2427/1675 941/2432/1674 1476/2949/2239
f 1503/2941/2273 970/2419/1708 969/2416/1707 1502/2940/2272
f 1513/2836/2283 1460/2655/2223 1452/2658/2215 1461/2762/2224
f 1584/2950/2361 1531/2951/2301 1627/2952/2412 1631/2953/2416
f 1532/2833/2302 1531/2951/2301 1584/2950/2361 1533/2881/2303
f 1478/2937/2241 1531/2951/2301 1532/2833/2302 1479/2832/2242
f 1628/2954/2413 1627/2952/2412 1531/2951/2301 1581/2955/2358
f 1631/2953/2416 1627/2952/2412 1628/2954/2413 1681/2956/2472
f 1585/2957/2362 1536/2628/2306 1535/2958/2305
f 1631/2953/2416 1585/2957/2362 1535/2958/2305 1584/2950/2361
f 1634/2630/2419 1635/2632/2420 1586/2631/2363 1537/2627/2307
f 1587/2636/2364 1538/2633/2308 1586/2631/2363
f 1587/2636/2364 1586/2631/2363 1687/2624/2478 1637/2959/2422
f 1633/2629/2418 1536/2628/2306 1585/2957/2362 1632/2960/2417
f 1535/2958/2305 1536/2628/2306 1482/2912/2245 1481/2910/2244
f 1726/2961/2520 1725/2962/2519 1628/2954/2413 1680/2963/2471
f 1762/2964/2556 1725/2962/2519 1726/2961/2520 1761/2965/2555
f 1727/2966/2521 1725/2962/2519 1762/2964/2556 1730/2967/2524
f 1681/2956/2472 1632/2960/2417 1585/2957/2362 1631/2953/2416
f 1680/2963/2471 1628/2954/2413 1581/2955/2358 1626/2968/2411
f 1681/2969/2472 1628/2954/2413 1725/2962/2519 1727/2966/2521
f 1723/2970/2517 1715/2796/2509 1657/2794/2448 1713/2971/2507
f 1760/2972/2554 1729/2973/2523 1763/2974/2557 1789/2975/2583
f 1683/2976/2474 1729/2973/2523 1760/2972/2554 1724/2977/2518
f 1583/2978/2360 1582/2979/2359 1530/2980/2300 1529/2981/2299
f 1630/2982/2415 1582/2979/2359 1583/2978/2360 1629/2983/2414
f 1722/2798/2516 1677/2903/2468 1721/2902/2515 1716/2797/2510
f 1625/2984/2410 1677/2903/2468 1722/2798/2516 1678/2985/2469
f 1624/2904/2409 1677/2903/2468 1625/2984/2410 1580/2986/2357
f 1482/2912/2245 1536/2628/2306 1537/2627/2307
f 1534/2882/2304 1533/2881/2303 1584/2950/2361 1535/2958/2305
f 1530/2980/2300 1581/2955/2358 1531/2951/2301 1478/2937/2241
f 1525/2987/2295 1526/2988/2296 1474/2933/2237 1473/2943/2236
f 1473/2943/2236 1474/2933/2237 939/2406/1672 938/2423/1671
f 1475/2934/2238 1474/2933/2237 1526/2988/2296 1527/2989/2297
f 1473/2943/2236 1472/2861/2235 1524/2862/2294 1525/2987/2295
f 1577/2851/2354 1524/2862/2294 1523/2859/2293 1576/2848/2353
f 1525/2987/2295 1524/2862/2294 1577/2851/2354 1578/2990/2355
f 1695/2999/2489 1693/3000/2487 1739/3001/2533 1740/3002/2534
f 1696/3006/2490 1741/2906/2535 1771/2883/2565 1742/3007/2536
f 1695/2999/2489 1741/2906/2535 1696/3006/2490 1640/3008/2431
f 1640/3008/2431 1590/3009/2375 1589/3010/2374 1638/3004/2429
f 1542/3011/2319 1590/3009/2375 1639/2871/2430 1591/2816/2376
f 1694/2872/2488 1590/3009/2375 1640/3008/2431 1696/3006/2490
f 1541/3012/2318 1589/3010/2374 1590/3009/2375 1542/3011/2319
f 1554/3029/2331 1555/3030/2332 1500/2939/2270 1499/2928/2269
f 1602/3031/2387 1555/3030/2332 1554/3029/2331 1601/3032/2386
f 1601/3032/2386 1600/2740/2385 1650/2741/2441 1651/3033/2442
f 1651/3033/2442 1650/2741/2441 1709/2786/2503 1710/3034/2504
f 1711/3035/2505 1652/3036/2443 1651/3033/2442 1710/3034/2504
f 1602/3031/2387 1652/3036/2443 1653/3037/2444 1603/3038/2388
f 1538/2633/2308 1483/2924/2246 1482/2912/2245 1537/2627/2307
f 1534/2882/2304 1535/2958/2305 1481/2910/2244 1480/2694/2243
f 1527/2989/2297 1528/3039/2298 1476/2949/2239 1475/2934/2238
f 1579/3040/2356 1528/3039/2298 1527/2989/2297 1578/2990/2355
f 1477/2945/2240 1476/2949/2239 1528/3039/2298 1529/2981/2299
f 1475/2934/2238 1476/2949/2239 941/2432/1674 940/2407/1673
f 1624/2904/2409 1623/2850/2408 1622/2849/2407 1676/2852/2467
f 1738/3042/2532 1736/3024/2530 1737/3041/2531 1767/3043/2561
f 1560/2674/2337 1655/3044/2446 1656/3045/2447 1606/2673/2391
f 1604/3046/2389 1655/3044/2446 1560/2674/2337 1605/3047/2390
f 1712/3048/2506 1655/3044/2446 1604/3046/2389 1654/3049/2445
f 1653/3037/2444 1654/3049/2445 1604/3046/2389 1603/3038/2388
f 1714/3050/2508 1759/3051/2553 1764/3052/2558 1728/3053/2522
f 1714/3050/2508 1656/3045/2447 1655/3044/2446 1712/3048/2506
f 1713/2971/2507 1656/3045/2447 1714/3050/2508 1728/3053/2522
f 1553/2742/2330 1498/2909/2268 1497/2729/2267 1552/2737/2329
f 1485/2932/2255 1486/2944/2256 953/2425/1691 952/2931/1690
f 1691/3022/2483 1735/3058/2529 1766/3059/2560 1737/3041/2531
f 1690/3060/2481 1735/3058/2529 1691/3022/2483 1636/3017/2421
f 1637/2959/2422 1687/2624/2478 1731/2623/2525 1690/3060/2481
f 1477/2945/2240 1529/2981/2299 1530/2980/2300 1478/2937/2241
f 1580/2986/2357 1529/2981/2299 1528/3039/2298 1579/3040/2356
f 1581/2955/2358 1530/2980/2300 1582/2979/2359 1626/2968/2411
f 1844/2888/2638 1820/2899/2614 1842/2898/2636 1862/2885/2656
f 1847/2897/2641 1863/2887/2657 1878/2886/2672 1864/2891/2658
f 1845/3062/2639 1863/2887/2657 1847/2897/2641 1823/3063/2617
f 1817/3064/2611 1789/2975/2583 1763/2974/2557 1793/3065/2587
f 1818/3066/2612 1789/2975/2583 1817/3064/2611 1845/3062/2639
f 1764/3052/2558 1763/2974/2557 1729/2973/2523 1728/3053/2522
f 1793/3065/2587 1763/2974/2557 1764/3052/2558 1792/3067/2586
f 1506/3068/2276 1560/2674/2337 1507/2670/2277 1453/3069/2216
f 1738/3042/2532 1739/3001/2533 1693/3000/2487 1692/3003/2486
f 1768/3070/2562 1795/3071/2589 1796/3072/2590 1769/3073/2563
f 1794/3074/2588 1795/3071/2589 1768/3070/2562 1767/3043/2561
f 1797/2907/2591 1822/2896/2616 1846/2894/2640 1824/2893/2618
f 1847/2897/2641 1822/2896/2616 1796/3072/2590 1823/3063/2617
f 1740/3002/2534 1770/2905/2564 1741/2906/2535 1695/2999/2489
f 1797/2907/2591 1770/2905/2564 1740/3002/2534 1769/3073/2563
f 1542/3011/2319 1487/2942/2257 1486/2944/2256 1541/3012/2318
f 1487/2942/2257 1543/2815/2320 1488/2822/2258
f 1591/2816/2376 1543/2815/2320 1487/2942/2257 1542/3011/2319
f 1488/2822/2258 1543/2815/2320 1544/2820/2321 1489/2819/2259
f 1591/2816/2376 1639/2871/2430 1641/2870/2432 1592/2813/2377
f 1639/2871/2430 1590/3009/2375 1694/2872/2488
f 1557/3075/2334 1502/2940/2272 1501/2938/2271 1556/3076/2333
f 1682/3077/2473 1728/3053/2522 1729/2973/2523 1683/2976/2474
f 1713/2971/2507 1728/3053/2522 1682/3077/2473 1723/2970/2517
f 1657/2794/2448 1606/2673/2391 1656/3045/2447 1713/2971/2507
f 1679/3078/2470 1626/2968/2411 1582/2979/2359 1630/2982/2415
f 1791/3079/2585 1766/3059/2560 1735/3058/2529 1765/3080/2559
f 1794/3074/2588 1766/3059/2560 1791/3079/2585 1819/3081/2613
f 1761/2965/2555 1791/3079/2585 1765/3080/2559 1762/2964/2556
f 1501/2938/2271 1500/2939/2270 1555/3030/2332 1556/3076/2333
f 1499/2928/2269 1500/2939/2270 967/2413/1705 966/2399/1704
f 1605/3047/2390 1559/3082/2336 1503/2941/2273 1558/3083/2335
f 1504/2936/2274 1559/3082/2336 1506/3068/2276 1505/2766/2275
f 1761/2965/2555 1726/2961/2520 1760/2972/2554 1790/3084/2584
f 1724/2977/2518 1760/2972/2554 1726/2961/2520 1680/2963/2471
f 1790/3084/2584 1760/2972/2554 1789/2975/2583 1818/3066/2612
f 1756/2880/2550 1709/2786/2503 1708/2784/2502 1755/2787/2549
f 1710/3034/2504 1709/2786/2503 1756/2880/2550 1757/3085/2551
f 1792/3067/2586 1764/3052/2558 1759/3051/2553 1788/3086/2582
f 1724/2977/2518 1680/2963/2471 1626/2968/2411 1679/3078/2470
f 1558/3083/2335 1503/2941/2273 1502/2940/2272 1557/3075/2334
f 1503/2941/2273 1559/3082/2336 1504/2936/2274
f 1604/3046/2389 1557/3075/2334 1556/3076/2333 1603/3038/2388
f 1605/3047/2390 1558/3083/2335 1557/3075/2334 1604/3046/2389
f 1603/3038/2388 1556/3076/2333 1555/3030/2332 1602/3031/2387
f 1816/2900/2610 1787/2879/2581 1786/2877/2580 1815/2878/2609
f 1788/3086/2582 1787/2879/2581 1816/2900/2610 1792/3067/2586
f 1559/3082/2336 1605/3047/2390 1560/2674/2337 1506/3068/2276
f 1732/3087/2526 1765/3080/2559 1735/3058/2529 1734/3088/2528
f 1671/2790/2462 1719/2908/2513 1665/2825/2456 1672/2778/2463
f 1571/2721/2348 1617/2789/2402 1618/2776/2403 1572/2713/2349
f 1671/2790/2462 1617/2789/2402 1616/2620/2401 1670/2619/2461
f 1571/2721/2348 1517/2720/2287 1516/2616/2286 1570/2615/2347
f 1465/2719/2228 1517/2720/2287 1518/2712/2288 1466/2709/2229
f 1465/2719/2228 930/2170/1663 929/2056/1662 1464/2613/2227
f 1833/2686/2627 1832/2691/2626 1806/2692/2600 1805/2683/2599
f 1778/3089/2572 1806/2692/2600 1807/2678/2601 1779/2681/2573
f 1747/2701/2541 1701/2857/2495 1746/2856/2540 1776/2700/2570
f 1702/2853/2496 1701/2857/2495 1747/2701/2541 1748/3090/2542
f 1837/2706/2631 1856/3091/2650 1838/3092/2632 1810/2704/2604
f 1857/2724/2651 1838/3092/2632 1856/3091/2650 1873/2727/2667
f 1810/2704/2604 1838/3092/2632 1811/3093/2605 1782/2703/2576
f 1839/2726/2633 1811/3093/2605 1838/3092/2632 1857/2724/2651
f 1783/3094/2577 1811/3093/2605 1839/2726/2633 1812/3095/2606
f 1782/2703/2576 1811/3093/2605 1783/3094/2577 1752/3096/2546
f 1753/3097/2547 1707/2785/2501 1648/2739/2439 1706/2743/2500
f 1754/2788/2548 1707/2785/2501 1753/3097/2547 1784/3098/2578
f 1511/2607/2281 1458/2606/2221 1512/2659/2282 1565/3099/2342
f 1566/2609/2343 1512/2659/2282 1460/2655/2223 1513/2836/2283
f 1662/2611/2453 1612/2610/2397 1663/2948/2454 1666/3100/2457
f 1666/3100/2457 1663/2948/2454 1718/2946/2512 1667/3101/2458
f 1667/3101/2458 1718/2946/2512 1720/2947/2514 1668/3102/2459
f 1670/2619/2461 1720/2947/2514 1719/2908/2513 1671/2790/2462
f 1570/2615/2347 1616/2620/2401 1617/2789/2402 1571/2721/2348
f 1464/2613/2227 1516/2616/2286 1517/2720/2287 1465/2719/2228
f 1459/2605/2222 926/2586/1659 925/2098/1658 1451/2653/2214
f 1611/2612/2396 1565/3099/2342 1512/2659/2282 1566/2609/2343
f 1669/2622/2460 1668/3102/2459 1720/2947/2514 1670/2619/2461
f 1569/2618/2346 1615/2621/2400 1616/2620/2401 1570/2615/2347
f 1463/2614/2226 1515/2617/2285 1516/2616/2286 1464/2613/2227
f 1462/2608/2225 927/2587/1660 926/2586/1659 1459/2605/2222
f 962/2183/1700 961/2216/1699 1494/2759/2264 1495/2730/2265
f 1549/3103/2326 1494/2759/2264 1493/2756/2263 1548/2757/2325
f 1495/2730/2265 1494/2759/2264 1549/3103/2326 1550/3104/2327
f 1597/2752/2382 1647/2733/2438 1598/2732/2383 1551/2735/2328
f 1593/2817/2378 1592/2813/2377 1641/2870/2432 1642/2867/2433
f 1644/2858/2435 1594/2868/2379 1643/2866/2434 1700/2855/2494
f 1907/2818/2701 1908/2771/2702 1546/2770/2323 1545/2821/2322
f 1909/3105/2703 1594/2868/2379 1644/2858/2435 1645/2854/2436
f 1539/2635/2309 1484/2927/2247 1483/2924/2246 1538/2633/2308
f 1630/2982/2415 1683/2976/2474 1724/2977/2518 1679/3078/2470
f 1865/2892/2659 1867/3106/2661 1849/3107/2643 1848/2895/2642
f 1882/3108/2676 1867/3106/2661 1865/2892/2659 1879/2889/2673
f 1880/3109/2674 1867/3106/2661 1882/3108/2676 1891/3110/2685
f 1784/3098/2578 1813/2875/2607 1785/2874/2579 1754/2788/2548
f 1840/2780/2634 1813/2875/2607 1784/3098/2578 1812/3095/2606
f 1783/3094/2577 1753/3097/2547 1706/2743/2500 1752/3096/2546
f 1752/3096/2546 1706/2743/2500 1705/2731/2499 1751/2697/2545
f 1751/2697/2545 1705/2731/2499 1704/2734/2498 1750/2695/2544
f 1750/2695/2544 1704/2734/2498 1703/2750/2497 1749/2698/2543
f 1883/2812/2677 1893/3111/2687 1884/2637/2678 1869/2811/2663
f 1866/3112/2660 1849/3107/2643 1867/3106/2661 1880/3109/2674
f 1852/2805/2646 1870/2640/2664 1853/2744/2647 1829/2746/2623
f 1895/2767/2689 1885/2639/2679 1894/2638/2688 1901/2641/2695
f 1903/2648/2697 1906/2650/2700 1905/2643/2699 1904/2652/2698
f 1890/2865/2684 1898/2863/2692 1899/3113/2693 1891/3110/2685
f 1859/2781/2653 1875/2647/2669 1889/2646/2683 1876/2864/2670
f 1859/2781/2653 1841/2876/2635 1813/2875/2607 1840/2780/2634
f 1843/2901/2637 1814/2873/2608 1841/2876/2635 1860/3114/2654
f 1792/3067/2586 1816/2900/2610 1820/2899/2614 1793/3065/2587
f 1876/2864/2670 1860/3114/2654 1841/2876/2635 1859/2781/2653
f 1861/2890/2655 1843/2901/2637 1860/3114/2654 1877/3115/2671
f 1446/2665/2209 1453/3069/2216 1507/2670/2277 1455/2666/2218
f 1454/2765/2217 1453/3069/2216 1446/2665/2209 1447/2764/2210
f 1505/2766/2275 1506/3068/2276 1453/3069/2216 1454/2765/2217
f 1625/2984/2410 1583/2978/2360 1529/2981/2299 1580/2986/2357
f 1629/2983/2414 1682/3077/2473 1683/2976/2474 1630/2982/2415
f 1723/2970/2517 1682/3077/2473 1629/2983/2414 1678/2985/2469
f 1758/3116/2552 1712/3048/2506 1654/3049/2445 1711/3035/2505
f 1757/3085/2551 1756/2880/2550 1787/2879/2581 1788/3086/2582
f 1812/3095/2606 1784/3098/2578 1753/3097/2547 1783/3094/2577
f 1812/3095/2606 1839/2726/2633 1858/2725/2652 1840/2780/2634
f 1777/2699/2571 1805/2683/2599 1806/2692/2600 1778/3089/2572
f 1694/2872/2488 1696/3006/2490 1742/3007/2536 1697/2869/2491
f 1743/2840/2537 1742/3007/2536 1771/2883/2565 1772/2845/2566
f 1697/2869/2491 1742/3007/2536 1743/2840/2537 1698/2842/2492
f 1745/2803/2539 1699/2841/2493 1744/2838/2538 1774/2800/2568
f 1698/2842/2492 1699/2841/2493 1643/2866/2434 1642/2867/2433
f 1745/2803/2539 1775/2802/2569 1746/2856/2540 1700/2855/2494
f 1803/2747/2597 1775/2802/2569 1802/2801/2596 1829/2746/2623
f 1803/2747/2597 1830/2689/2624 1804/2688/2598 1776/2700/2570
f 1640/3008/2431 1638/3004/2429 1693/3000/2487 1695/2999/2489
f 1540/3014/2317 1541/3012/2318 1486/2944/2256 1485/2932/2255
f 1769/3073/2563 1740/3002/2534 1739/3001/2533 1768/3070/2562
f 1769/3073/2563 1796/3072/2590 1822/2896/2616 1797/2907/2591
f 1823/3063/2617 1796/3072/2590 1795/3071/2589 1821/3117/2615
f 1817/3064/2611 1793/3065/2587 1820/2899/2614 1844/2888/2638
f 1757/3085/2551 1788/3086/2582 1759/3051/2553 1758/3116/2552
f 1711/3035/2505 1710/3034/2504 1757/3085/2551 1758/3116/2552
f 1601/3032/2386 1651/3033/2442 1652/3036/2443 1602/3031/2387
f 1554/3029/2331 1499/2928/2269 1498/2909/2268 1553/2742/2330
f 1654/3049/2445 1653/3037/2444 1652/3036/2443 1711/3035/2505
f 1712/3048/2506 1758/3116/2552 1759/3051/2553 1714/3050/2508
f 1678/2985/2469 1629/2983/2414 1583/2978/2360 1625/2984/2410
f 1678/2985/2469 1722/2798/2516 1715/2796/2509 1723/2970/2517
f 1659/2799/2450 1716/2797/2510 1721/2902/2515 1717/2829/2511
f 1659/2799/2450 1609/2828/2394 1563/2792/2340 1608/2791/2393
f 1904/2652/2698 1899/3113/2693 1898/2863/2692 1903/2648/2697
f 1892/3118/2686 1899/3113/2693 1904/2652/2698 1900/2642/2694
f 1891/3110/2685 1899/3113/2693 1892/3118/2686 1880/3109/2674
f 1893/3111/2687 1900/2642/2694 1894/2638/2688 1884/2637/2678
f 1892/3118/2686 1900/2642/2694 1893/3111/2687 1881/3119/2675
f 1869/2811/2663 1884/2637/2678 1870/2640/2664 1852/2805/2646
f 1801/2808/2595 1828/2804/2622 1802/2801/2596 1774/2800/2568
f 1852/2805/2646 1828/2804/2622 1851/2807/2645 1869/2811/2663
f 1801/2808/2595 1773/2839/2567 1800/2844/2594 1827/2806/2621
f 1772/2845/2566 1773/2839/2567 1744/2838/2538 1743/2840/2537
f 1890/2865/2684 1877/3115/2671 1860/3114/2654 1876/2864/2670
f 1879/2889/2673 1861/2890/2655 1877/3115/2671 1882/3108/2676
f 1868/2809/2662 1881/3119/2675 1893/3111/2687 1883/2812/2677
f 1866/3112/2660 1881/3119/2675 1868/2809/2662 1850/2810/2644
f 1880/3109/2674 1892/3118/2686 1881/3119/2675 1866/3112/2660
f 1891/3110/2685 1882/3108/2676 1877/3115/2671 1890/2865/2684
f 1850/2810/2644 1827/2806/2621 1800/2844/2594 1826/2846/2620
f 1645/2854/2436 1644/2858/2435 1701/2857/2495 1702/2853/2496
f 1490/2769/2260 957/2229/1695 956/2287/1694 1489/2819/2259
f 1490/2769/2260 1545/2821/2322 1546/2770/2323 1491/2768/2261
f 1698/2842/2492 1642/2867/2433 1641/2870/2432 1697/2869/2491
f 1825/2847/2619 1799/2843/2593 1798/2884/2592 1824/2893/2618
f 1865/2892/2659 1848/2895/2642 1846/2894/2640 1864/2891/2658
f 1825/2847/2619 1848/2895/2642 1849/3107/2643 1826/2846/2620
f 1550/3104/2327 1551/2735/2328 1496/2728/2266 1495/2730/2265
f 1549/3103/2326 1597/2752/2382 1551/2735/2328 1550/3104/2327
f 1548/2757/2325 1596/2751/2381 1597/2752/2382 1549/3103/2326
f 1578/2990/2355 1527/2989/2297 1526/2988/2296 1525/2987/2295
f 1578/2990/2355 1577/2851/2354 1623/2850/2408 1579/3040/2356
f 1575/2717/2352 1576/2848/2353 1523/2859/2293 1522/2782/2292
f 1580/2986/2357 1579/3040/2356 1623/2850/2408 1624/2904/2409
f 1675/2830/2466 1621/2775/2406 1620/2773/2405 1674/2779/2465
f 1675/2830/2466 1717/2829/2511 1721/2902/2515 1676/2852/2467
f 1455/2666/2218 1508/2672/2278 1456/2661/2219 1448/2660/2211
f 1447/2764/2210 1446/2665/2209 1440/2664/2203 1443/2667/2206
f 1447/2764/2210 924/2222/1657 973/2225/1711 1454/2765/2217
f 1452/2658/2215 1449/2663/2212 1457/2662/2220 1461/2762/2224
f 1470/2783/2233 935/2329/1668 934/2246/1667 1469/2718/2232
f 1850/2810/2644 1826/2846/2620 1849/3107/2643 1866/3112/2660
f 1752/3096/2546 1751/2697/2545 1781/2696/2575 1782/2703/2576
f 1748/3090/2542 1749/2698/2543 1703/2750/2497 1702/2853/2496
f 1779/2681/2573 1749/2698/2543 1748/3090/2542 1778/3089/2572
f 1748/3090/2542 1747/2701/2541 1777/2699/2571 1778/3089/2572
f 1554/3029/2331 1553/2742/2330 1600/2740/2385 1601/3032/2386
f 1637/2959/2422 1636/3017/2421 1588/2634/2365 1587/2636/2364
f 1767/3043/2561 1737/3041/2531 1766/3059/2560 1794/3074/2588
f 1767/3043/2561 1768/3070/2562 1739/3001/2533 1738/3042/2532
f 1845/3062/2639 1823/3063/2617 1821/3117/2615 1818/3066/2612
f 1819/3081/2613 1821/3117/2615 1795/3071/2589 1794/3074/2588
f 1818/3066/2612 1821/3117/2615 1819/3081/2613 1790/3084/2584
f 1492/2755/2262 1491/2768/2261 1546/2770/2323 1547/2758/2324
f 1790/3084/2584 1819/3081/2613 1791/3079/2585 1761/2965/2555
f 1817/3064/2611 1844/2888/2638 1863/2887/2657 1845/3062/2639
f 1730/2967/2524 1762/2964/2556 1765/3080/2559 1732/3087/2526
f 1734/2626/2528 1735/3058/2529 1731/2623/2525
f 1731/2623/2525 1735/3058/2529 1690/3060/2481
f 1690/3060/2481 1636/3017/2421 1637/2959/2422
f 1547/2758/2324 1595/2753/2380 1596/2751/2381 1548/2757/2325
f 1595/2753/2380 1547/2758/2324 1546/2770/2323
f 1908/2771/2702 1594/2868/2379 1909/3105/2703
f 1907/2818/2701 1593/2817/2378 1594/2868/2379 1908/2771/2702
f 1645/2854/2436 1912/2754/2706 1911/2772/2705 1909/3105/2703
f 1907/2818/2701 1545/2821/2322 1544/2820/2321 1910/2814/2704
f 1910/2814/2704 1544/2820/2321 1543/2815/2320
f 1908/2771/2702 1909/3105/2703 1911/2772/2705
f 1912/2754/2706 1595/2753/2380 1911/2772/2705
f 1912/2754/2706 1645/2854/2436 1646/2749/2437 1596/2751/2381
f 884/1990/1615 883/1989/1614 878/1978/1609 886/1981/1617
f 895/2017/1626 892/2015/1623 905/2027/1638
f 871/1988/1600 876/1987/1607 867/1998/1596
f 900/2025/1633 871/2026/1600 867/2036/1596
f 885/1992/1616 884/1990/1615 887/1984/1618 888/1986/1619
f 902/2029/1635 898/2023/1631 899/2021/1632 901/2028/1634
f 1207/3120/1968 1157/3121/1913 1211/3122/1972
f 1157/3121/1913 1158/3123/1914 1210/3124/1971 1211/3122/1972
f 1159/3125/1915 1160/3126/1916 1214/3127/1975 1212/3128/1973
f 1257/3129/2020 1212/3128/1973 1214/3127/1975 1259/3130/2022
f 1260/3131/2023 1214/3127/1975 1160/3126/1916 1215/3132/1976
f 1212/3128/1973 1210/3124/1971 1158/3123/1914 1159/3125/1915
f 1207/3120/1968 1211/3122/1972 1210/3124/1971 1254/3133/2017
f 1257/3129/2020 1289/3134/2052 1252/3135/2015 1254/3133/2017
f 1254/3133/2017 1252/3135/2015 1153/3136/1909 1207/3120/1968
f 1261/3137/2024 1260/3131/2023 1215/3132/1976
f 1259/3130/2022 1214/3127/1975 1260/3131/2023 1261/3137/2024
f 1261/3137/2024 1262/3138/2025 1292/3139/2055 1259/3130/2022
f 1259/3130/2022 1292/3139/2055 1289/3134/2052 1257/3129/2020
f 1254/3133/2017 1210/3124/1971 1212/3128/1973 1257/3129/2020
f 1685/3140/2476 1632/3141/2417 1681/3142/2472
f 1685/3140/2476 1684/3143/2475 1633/3144/2418 1632/3141/2417
f 1686/3145/2477 1688/3146/2479 1635/3147/2420 1634/3148/2419
f 1732/3149/2526 1688/3146/2479 1686/3145/2477 1730/3150/2524
f 1689/3151/2480 1635/3147/2420 1688/3146/2479 1733/3152/2527
f 1634/3148/2419 1633/3144/2418 1684/3143/2475 1686/3145/2477
f 1727/3153/2521 1684/3143/2475 1685/3140/2476 1681/3142/2472
f 1727/3153/2521 1725/3154/2519 1762/3155/2556 1730/3150/2524
f 1681/3142/2472 1628/3156/2413 1725/3154/2519 1727/3153/2521
f 1689/3151/2480 1733/3152/2527 1734/3157/2528
f 1734/3157/2528 1733/3152/2527 1688/3146/2479 1732/3149/2526
f 1732/3149/2526 1765/3158/2559 1735/3159/2529 1734/3157/2528
f 1730/3150/2524 1762/3155/2556 1765/3158/2559 1732/3149/2526
f 1730/3150/2524 1686/3145/2477 1684/3143/2475 1727/3153/2521
f 1926/3160/2720 1939/3161/2733 1953/3162/2747 1938/3163/2732
f 1967/3164/2761 1961/3165/2755 1938/3163/2732 1953/3162/2747
f 1938/3163/2732 1961/3165/2755 1935/3166/2729
f 1935/3166/2729 1919/3167/2713 1938/3163/2732
f 1938/3163/2732 1919/3167/2713 1926/3160/2720
f 1968/3168/2762 1939/3161/2733 1954/3169/2748 1969/3170/2763
f 1984/3171/2778 1968/3168/2762 1969/3170/2763 1985/3172/2779
f 1968/3168/2762 1984/3171/2778 1983/3173/2777 1953/3162/2747
f 1939/3161/2733 1968/3168/2762 1953/3162/2747
f 1964/3174/2758 1979/3175/2773 1993/3176/2787 1978/3177/2772
f 1993/3176/2787 1979/3175/2773 1980/3178/2774 1983/3173/2777
f 1994/3179/2788 1993/3176/2787 1983/3173/2777
f 1994/3179/2788 1978/3177/2772 1993/3176/2787
f 1991/3180/2785 1978/3177/2772 1994/3179/2788
f 1991/3180/2785 1977/3181/2771 1978/3177/2772
f 1949/3182/2743 1964/3174/2758 1978/3177/2772 1977/3181/2771
f 1962/3183/2756 1977/3181/2771 1991/3180/2785 1992/3184/2786
f 1977/3181/2771 1962/3183/2756 1963/3185/2757 1949/3182/2743
f 1982/3186/2776 1981/3187/2775 1962/3183/2756 1992/3184/2786
f 1965/3188/2759 1966/3189/2760 1981/3187/2775 1982/3186/2776
f 1966/3189/2760 1962/3183/2756 1981/3187/2775
f 1966/3189/2760 1950/3190/2744 1947/3191/2741 1962/3183/2756
f 1962/3183/2756 1947/3191/2741 1948/3192/2742 1963/3185/2757
f 1982/3186/2776 1992/3184/2786 1976/3193/2770 1974/3194/2768
f 1988/3195/2782 1982/3186/2776 1974/3194/2768 1987/3196/2781
f 1952/3197/2746 1982/3186/2776 1988/3195/2782
f 1952/3197/2746 1965/3188/2759 1982/3186/2776
f 1960/3198/2754 1973/3199/2767 1974/3194/2768 1976/3193/2770
f 1973/3199/2767 1960/3198/2754 1958/3200/2752
f 1957/3201/2751 1974/3194/2768 1973/3199/2767 1958/3200/2752
f 1944/3202/2738 1974/3194/2768 1957/3201/2751
f 1986/3203/2780 1974/3194/2768 1944/3202/2738
f 1987/3196/2781 1974/3194/2768 1986/3203/2780
f 1976/3193/2770 1975/3204/2769 1959/3205/2753 1960/3198/2754
f 1959/3205/2753 1945/3206/2739 1946/3207/2740 1960/3198/2754
f 1932/3208/2726 1960/3198/2754 1946/3207/2740
f 1958/3200/2752 1960/3198/2754 1932/3208/2726
f 1961/3165/2755 1967/3164/2761 1980/3178/2774
f 1980/3178/2774 1967/3164/2761 1953/3162/2747 1983/3173/2777
f 1935/3166/2729 1961/3165/2755 1964/3174/2758 1949/3182/2743
f 1979/3175/2773 1964/3174/2758 1961/3165/2755 1980/3178/2774
f 1934/3209/2728 1935/3166/2729 1949/3182/2743 1948/3192/2742
f 1919/3167/2713 1935/3166/2729 1934/3209/2728 1925/3210/2719
f 1934/3209/2728 1948/3192/2742 1947/3191/2741 1925/3210/2719
f 1936/3211/2730 1937/3212/2731 1950/3190/2744 1951/3213/2745
f 1937/3212/2731 1936/3211/2730 1924/3214/2718 1925/3210/2719
f 1925/3210/2719 1947/3191/2741 1950/3190/2744 1937/3212/2731
f 1952/3197/2746 1936/3211/2730 1951/3213/2745
f 1952/3197/2746 1924/3214/2718 1936/3211/2730
f 1972/3215/2766 1971/3216/2765 1941/3217/2735 1956/3218/2750
f 1941/3217/2735 1924/3214/2718 1956/3218/2750
f 1952/3197/2746 1956/3218/2750 1924/3214/2718
f 1952/3197/2746 1972/3215/2766 1956/3218/2750
f 1955/3219/2749 1970/3220/2764 1944/3202/2738
f 1921/3221/2715 1955/3219/2749 1944/3202/2738
f 1921/3221/2715 1941/3217/2735 1955/3219/2749
f 1971/3216/2765 1970/3220/2764 1955/3219/2749 1941/3217/2735
f 1944/3202/2738 1929/3222/2723 1921/3221/2715
f 1944/3202/2738 1942/3223/2736 1929/3222/2723
f 1928/3224/2722 1929/3222/2723 1942/3223/2736 1943/3225/2737
f 1929/3222/2723 1928/3224/2722 1918/3226/2712 1921/3221/2715
f 1928/3224/2722 1943/3225/2737 1932/3208/2726
f 1918/3226/2712 1928/3224/2722 1932/3208/2726
f 1923/3227/2717 1931/3228/2725 1930/3229/2724 1922/3230/2716
f 1923/3227/2717 1922/3230/2716 1917/3231/2711 1918/3226/2712
f 1932/3208/2726 1923/3227/2717 1918/3226/2712
f 1932/3208/2726 1931/3228/2725 1923/3227/2717
f 1922/3230/2716 1930/3229/2724 1933/3232/2727
f 1917/3231/2711 1922/3230/2716 1933/3232/2727
f 1945/3206/2739 1959/3205/2753 1933/3233/2727
f 1930/3229/2724 1945/3206/2739 1933/3233/2727
f 1931/3228/2725 1946/3207/2740 1945/3206/2739 1930/3229/2724
f 1932/3208/2726 1946/3207/2740 1931/3228/2725
f 1943/3225/2737 1958/3200/2752 1932/3208/2726
f 1943/3225/2737 1942/3223/2736 1957/3201/2751 1958/3200/2752
f 1944/3202/2738 1957/3201/2751 1942/3223/2736
f 1970/3220/2764 1986/3203/2780 1944/3202/2738
f 1987/3196/2781 1986/3203/2780 1970/3220/2764 1971/3216/2765
f 1988/3195/2782 1987/3196/2781 1971/3216/2765 1972/3215/2766
f 1952/3197/2746 1988/3195/2782 1972/3215/2766
f 1951/3213/2745 1965/3188/2759 1952/3197/2746
f 1950/3190/2744 1966/3189/2760 1965/3188/2759 1951/3213/2745
f 1948/3192/2742 1949/3182/2743 1963/3185/2757
f 1996/3234/2790 1999/3235/2793 1995/3236/2789
f 1996/3234/2790 1995/3236/2789 1984/3171/2778 1985/3172/2779
f 1999/3235/2793 1998/3237/2792 1994/3179/2788 1995/3236/2789
f 1995/3236/2789 1994/3179/2788 1983/3173/2777 1984/3171/2778
f 1998/3237/2792 1997/3238/2791 1991/3180/2785 1994/3179/2788
f 1997/3238/2791 1990/3239/2784 1992/3184/2786 1991/3180/2785
f 1992/3184/2786 1990/3239/2784 1976/3193/2770
f 1976/3193/2770 1990/3239/2784 1989/3240/2783 1975/3204/2769
f 1921/3221/2715 1924/3214/2718 1941/3217/2735
f 1915/3241/2709 1918/3226/2712 1917/3231/2711 1914/3242/2708
f 1915/3241/2709 1921/3221/2715 1918/3226/2712
f 1915/3241/2709 1924/3214/2718 1921/3221/2715
f 1919/3167/2713 1925/3210/2719 1924/3214/2718 1915/3241/2709
f 1926/3160/2720 1919/3167/2713 1920/3243/2714 1927/3244/2721
f 1939/3161/2733 1926/3160/2720 1927/3244/2721 1940/3245/2734
f 1919/3167/2713 1915/3241/2709 1916/3246/2710 1920/3243/2714
f 1915/3241/2709 1914/3242/2708 1913/3247/2707 1916/3246/2710
f 1939/3161/2733 1940/3245/2734 1954/3169/2748
f 2021/3248/2815 2036/3249/2830 2022/3250/2816 2010/3251/2804
f 2036/3249/2830 2021/3248/2815 2043/3252/2837 2049/3253/2843
f 2018/3254/2812 2043/3252/2837 2021/3248/2815
f 2021/3248/2815 2003/3255/2797 2018/3254/2812
f 2010/3251/2804 2003/3255/2797 2021/3248/2815
f 2051/3256/2845 2037/3257/2831 2022/3250/2816 2050/3258/2844
f 2066/3259/2860 2051/3256/2845 2050/3258/2844 2065/3260/2859
f 2036/3249/2830 2064/3261/2858 2065/3260/2859 2050/3258/2844
f 2036/3249/2830 2050/3258/2844 2022/3250/2816
f 2059/3262/2853 2073/3263/2867 2060/3264/2854 2046/3265/2840
f 2064/3261/2858 2061/3266/2855 2060/3264/2854 2073/3263/2867
f 2064/3261/2858 2073/3263/2867 2074/3267/2868
f 2073/3263/2867 2059/3262/2853 2074/3267/2868
f 2074/3267/2868 2059/3262/2853 2071/3268/2865
f 2059/3262/2853 2058/3269/2852 2071/3268/2865
f 2058/3269/2852 2059/3262/2853 2046/3265/2840 2032/3270/2826
f 2072/3271/2866 2071/3268/2865 2058/3269/2852 2044/3272/2838
f 2032/3270/2826 2045/3273/2839 2044/3272/2838 2058/3269/2852
f 2072/3271/2866 2044/3272/2838 2062/3274/2856 2063/3275/2857
f 2063/3275/2857 2062/3274/2856 2048/3276/2842 2047/3277/2841
f 2062/3274/2856 2044/3272/2838 2048/3276/2842
f 2044/3272/2838 2030/3278/2824 2033/3279/2827 2048/3276/2842
f 2045/3273/2839 2031/3280/2825 2030/3278/2824 2044/3272/2838
f 2056/3281/2850 2057/3282/2851 2072/3271/2866 2063/3275/2857
f 2068/3283/2862 2056/3281/2850 2063/3275/2857 2069/3284/2863
f 2069/3284/2863 2063/3275/2857 2035/3285/2829
f 2063/3275/2857 2047/3277/2841 2035/3285/2829
f 2057/3282/2851 2056/3281/2850 2055/3286/2849 2042/3287/2836
f 2041/3288/2835 2042/3287/2836 2055/3286/2849
f 2041/3288/2835 2055/3286/2849 2056/3281/2850 2040/3289/2834
f 2040/3289/2834 2056/3281/2850 2027/3290/2821
f 2027/3290/2821 2056/3281/2850 2067/3291/2861
f 2067/3291/2861 2056/3281/2850 2068/3283/2862
f 2042/3287/2836 1959/3205/2753 1975/3204/2769 2057/3282/2851
f 2042/3287/2836 2029/3292/2823 2028/3293/2822 1959/3205/2753
f 2029/3292/2823 2042/3287/2836 2016/3294/2810
f 2016/3294/2810 2042/3287/2836 2041/3288/2835
f 2061/3266/2855 2049/3253/2843 2043/3252/2837
f 2064/3261/2858 2036/3249/2830 2049/3253/2843 2061/3266/2855
f 2032/3270/2826 2046/3265/2840 2043/3252/2837 2018/3254/2812
f 2061/3266/2855 2043/3252/2837 2046/3265/2840 2060/3264/2854
f 2031/3280/2825 2032/3270/2826 2018/3254/2812 2017/3295/2811
f 2009/3296/2803 2017/3295/2811 2018/3254/2812 2003/3255/2797
f 2009/3296/2803 2030/3278/2824 2031/3280/2825 2017/3295/2811
f 2034/3297/2828 2033/3279/2827 2020/3298/2814 2019/3299/2813
f 2009/3296/2803 2008/3300/2802 2019/3299/2813 2020/3298/2814
f 2020/3298/2814 2033/3279/2827 2030/3278/2824 2009/3296/2803
f 2034/3297/2828 2019/3299/2813 2035/3285/2829
f 2019/3299/2813 2008/3300/2802 2035/3285/2829
f 2039/3301/2833 2024/3302/2818 2053/3303/2847 2054/3304/2848
f 2039/3301/2833 2008/3300/2802 2024/3302/2818
f 2008/3300/2802 2039/3301/2833 2035/3285/2829
f 2039/3301/2833 2054/3304/2848 2035/3285/2829
f 2027/3290/2821 2052/3305/2846 2038/3306/2832
f 2027/3290/2821 2038/3306/2832 2005/3307/2799
f 2038/3306/2832 2024/3302/2818 2005/3307/2799
f 2024/3302/2818 2038/3306/2832 2052/3305/2846 2053/3303/2847
f 2005/3307/2799 2013/3308/2807 2027/3290/2821
f 2013/3308/2807 2025/3309/2819 2027/3290/2821
f 2026/3310/2820 2025/3309/2819 2013/3308/2807 2012/3311/2806
f 2005/3307/2799 2002/3312/2796 2012/3311/2806 2013/3308/2807
f 2016/3294/2810 2026/3310/2820 2012/3311/2806
f 2016/3294/2810 2012/3311/2806 2002/3312/2796
f 2006/3313/2800 2014/3314/2808 2015/3315/2809 2007/3316/2801
f 2002/3312/2796 1917/3231/2711 2006/3313/2800 2007/3316/2801
f 2002/3312/2796 2007/3316/2801 2016/3294/2810
f 2007/3316/2801 2015/3315/2809 2016/3294/2810
f 1933/3232/2727 2014/3317/2808 2006/3313/2800
f 1933/3232/2727 2006/3313/2800 1917/3231/2711
f 1933/3233/2727 1959/3205/2753 2028/3293/2822
f 1933/3233/2727 2028/3293/2822 2014/3318/2808
f 2014/3319/2808 2028/3293/2822 2029/3292/2823 2015/3315/2809
f 2015/3315/2809 2029/3292/2823 2016/3294/2810
f 2016/3294/2810 2041/3288/2835 2026/3310/2820
f 2041/3288/2835 2040/3289/2834 2025/3309/2819 2026/3310/2820
f 2025/3309/2819 2040/3289/2834 2027/3290/2821
f 2027/3290/2821 2067/3291/2861 2052/3305/2846
f 2053/3303/2847 2052/3305/2846 2067/3291/2861 2068/3283/2862
f 2054/3304/2848 2053/3303/2847 2068/3283/2862 2069/3284/2863
f 2054/3304/2848 2069/3284/2863 2035/3285/2829
f 2035/3285/2829 2047/3277/2841 2034/3297/2828
f 2034/3297/2828 2047/3277/2841 2048/3276/2842 2033/3279/2827
f 2045/3273/2839 2032/3270/2826 2031/3280/2825
f 2075/3320/2869 2079/3321/2873 2076/3322/2870
f 2066/3259/2860 2065/3260/2859 2075/3320/2869 2076/3322/2870
f 2075/3320/2869 2074/3267/2868 2078/3323/2872 2079/3321/2873
f 2065/3260/2859 2064/3261/2858 2074/3267/2868 2075/3320/2869
f 2074/3267/2868 2071/3268/2865 2077/3324/2871 2078/3323/2872
f 2071/3268/2865 2072/3271/2866 2070/3325/2864 2077/3324/2871
f 2057/3282/2851 2070/3325/2864 2072/3271/2866
f 1975/3204/2769 1989/3326/2783 2070/3325/2864 2057/3282/2851
f 2024/3302/2818 2008/3300/2802 2005/3307/2799
f 1914/3242/2708 1917/3231/2711 2002/3312/2796 2000/3327/2794
f 2002/3312/2796 2005/3307/2799 2000/3327/2794
f 2005/3307/2799 2008/3300/2802 2000/3327/2794
f 2000/3327/2794 2008/3300/2802 2009/3296/2803 2003/3255/2797
f 2011/3328/2805 2004/3329/2798 2003/3255/2797 2010/3251/2804
f 2023/3330/2817 2011/3328/2805 2010/3251/2804 2022/3250/2816
f 2004/3329/2798 2001/3331/2795 2000/3327/2794 2003/3255/2797
f 2001/3331/2795 1913/3332/2707 1914/3242/2708 2000/3327/2794
f 2037/3257/2831 2023/3330/2817 2022/3250/2816
f 2082/3333/2876 2081/3334/2875 2080/3335/2874
f 2094/3336/2888 2095/3337/2889 2119/3338/2913 2106/3339/2900
f 2109/3340/2903 2119/3338/2913 2095/3337/2889 2096/3341/2890
f 2119/3338/2913 2109/3340/2903 2106/3339/2900
f 2163/3342/2957 2160/3343/2954 2151/3344/2945 2161/3345/2955
f 2160/3343/2954 2152/3346/2946 2151/3344/2945
f 2141/3347/2935 2131/3348/2925 2151/3344/2945 2152/3346/2946
f 2163/3342/2957 2161/3345/2955 2157/3349/2951 2165/3350/2959
f 2153/3351/2947 2163/3342/2957 2165/3350/2959 2156/3352/2950
f 2160/3343/2954 2163/3342/2957 2153/3351/2947 2154/3353/2948
f 2160/3343/2954 2154/3353/2948 2162/3354/2956
f 2160/3343/2954 2162/3354/2956 2158/3355/2952
f 2152/3346/2946 2160/3343/2954 2158/3355/2952
f 2152/3346/2946 2149/3356/2943 2150/3357/2944
f 2152/3346/2946 2148/3358/2942 2149/3356/2943
f 2148/3358/2942 2138/3359/2932 2139/3360/2933 2149/3356/2943
f 2150/3357/2944 2149/3356/2943 2139/3360/2933 2128/3361/2922
f 2115/3362/2909 2130/3363/2924 2114/3364/2908
f 2130/3363/2924 2115/3362/2909 2116/3365/2910 2117/3366/2911
f 2130/3363/2924 2117/3366/2911 2131/3348/2925 2141/3347/2935
f 2141/3347/2935 2140/3367/2934 2130/3363/2924
f 2130/3363/2924 2140/3367/2934 2129/3368/2923 2114/3364/2908
f 2150/3357/2944 2140/3367/2934 2141/3347/2935 2152/3346/2946
f 2118/3369/2912 2103/3370/2897 2104/3371/2898 2107/3372/2901
f 2120/3373/2914 2118/3369/2912 2107/3372/2901
f 2117/3366/2911 2118/3369/2912 2120/3373/2914 2131/3348/2925
f 2118/3369/2912 2117/3366/2911 2102/3374/2896 2103/3370/2897
f 2109/3340/2903 2120/3373/2914 2107/3372/2901 2106/3339/2900
f 2096/3341/2890 2089/3375/2883 2108/3376/2902 2109/3340/2903
f 2121/3377/2915 2109/3340/2903 2108/3376/2902
f 2109/3340/2903 2121/3377/2915 2133/3378/2927 2134/3379/2928
f 2132/3380/2926 2109/3340/2903 2134/3379/2928 2142/3381/2936
f 2120/3373/2914 2109/3340/2903 2132/3380/2926 2131/3348/2925
f 2157/3349/2951 2161/3345/2955 2164/3382/2958
f 2157/3383/2951 2164/3384/2958 2135/3385/2929
f 2121/3377/2915 2110/3386/2904 2122/3387/2916 2133/3378/2927
f 2108/3376/2902 2110/3386/2904 2121/3377/2915
f 2097/3388/2891 2110/3386/2904 2108/3376/2902 2089/3375/2883
f 2110/3386/2904 2097/3388/2891 2111/3389/2905 2122/3387/2916
f 2128/3361/2922 2129/3368/2923 2140/3367/2934 2150/3357/2944
f 2102/3374/2896 2117/3366/2911 2116/3365/2910
f 2092/3390/2886 2103/3370/2897 2102/3374/2896 2087/3391/2881
f 2087/3391/2881 2084/3392/2878 2092/3390/2886
f 2103/3370/2897 2092/3390/2886 2084/3392/2878 2104/3371/2898
f 2086/3393/2880 2081/3334/2875 2084/3392/2878 2087/3391/2881
f 2083/3394/2877 2081/3334/2875 2082/3333/2876
f 2084/3392/2878 2081/3334/2875 2083/3394/2877
f 2091/3395/2885 2087/3391/2881 2101/3396/2895
f 2101/3396/2895 2087/3391/2881 2115/3362/2909
f 2114/3364/2908 2091/3395/2885 2101/3396/2895 2115/3362/2909
f 2099/3397/2893 2086/3393/2880 2091/3395/2885 2100/3398/2894
f 2091/3395/2885 2086/3393/2880 2087/3391/2881
f 2127/3399/2921 2100/3398/2894 2113/3400/2907 2128/3361/2922
f 2100/3398/2894 2091/3395/2885 2113/3400/2907
f 2091/3395/2885 2128/3361/2922 2113/3400/2907
f 2112/3401/2906 2100/3398/2894 2126/3402/2920
f 2138/3359/2932 2126/3402/2920 2100/3398/2894
f 2137/3403/2931 2112/3401/2906 2126/3402/2920 2138/3359/2932
f 2125/3404/2919 2112/3401/2906 2136/3405/2930
f 2136/3405/2930 2112/3401/2906 2146/3406/2940
f 2145/3407/2939 2125/3404/2919 2136/3405/2930 2146/3406/2940
f 2124/3408/2918 2099/3397/2893 2112/3401/2906 2125/3404/2919
f 2112/3401/2906 2099/3397/2893 2100/3398/2894
f 2083/3394/2877 2085/3409/2879 2089/3375/2883
f 2083/3394/2877 2082/3333/2876 2085/3409/2879
f 2085/3409/2879 2082/3333/2876 2090/3410/2884
f 2085/3409/2879 2090/3410/2884 2098/3411/2892
f 2098/3411/2892 2111/3389/2905 2097/3388/2891 2085/3409/2879
f 2089/3375/2883 2085/3409/2879 2097/3388/2891
f 2088/3412/2882 2094/3336/2888 2093/3413/2887 2084/3392/2878
f 2084/3392/2878 2083/3394/2877 2088/3412/2882
f 2095/3337/2889 2088/3412/2882 2083/3394/2877
f 2094/3336/2888 2088/3412/2882 2095/3337/2889
f 2087/3391/2881 2102/3374/2896 2116/3365/2910
f 2115/3362/2909 2087/3391/2881 2116/3365/2910
f 2091/3395/2885 2114/3364/2908 2129/3368/2923
f 2128/3361/2922 2091/3395/2885 2129/3368/2923
f 2100/3398/2894 2127/3399/2921 2139/3360/2933
f 2138/3359/2932 2100/3398/2894 2139/3360/2933
f 2112/3401/2906 2137/3403/2931 2147/3414/2941
f 2146/3406/2940 2112/3401/2906 2147/3414/2941
f 2144/3415/2938 2125/3404/2919 2155/3416/2949
f 2144/3415/2938 2143/3417/2937 2135/3385/2929 2125/3404/2919
f 2125/3404/2919 2135/3385/2929 2124/3408/2918
f 2155/3416/2949 2125/3404/2919 2145/3407/2939
f 2135/3385/2929 2143/3417/2937 2156/3352/2950 2157/3383/2951
f 2111/3389/2905 2098/3411/2892 2123/3418/2917 2122/3387/2916
f 2093/3413/2887 2094/3336/2888 2106/3339/2900 2107/3372/2901
f 2083/3394/2877 2089/3375/2883 2096/3341/2890
f 2095/3337/2889 2083/3394/2877 2096/3341/2890
f 2084/3392/2878 2093/3413/2887 2105/3419/2899
f 2107/3372/2901 2105/3419/2899 2093/3413/2887
f 2104/3371/2898 2084/3392/2878 2105/3419/2899
f 2107/3372/2901 2104/3371/2898 2105/3419/2899
f 2127/3399/2921 2128/3361/2922 2139/3360/2933
f 2138/3359/2932 2148/3358/2942 2137/3403/2931
f 2148/3358/2942 2159/3420/2953 2147/3414/2941 2137/3403/2931
f 2144/3415/2938 2155/3416/2949 2162/3354/2956 2154/3353/2948
f 2158/3355/2952 2162/3354/2956 2155/3416/2949 2145/3407/2939
f 2144/3415/2938 2154/3353/2948 2153/3351/2947 2143/3417/2937
f 2143/3417/2937 2153/3351/2947 2156/3352/2950
f 2146/3406/2940 2158/3355/2952 2145/3407/2939
f 2158/3355/2952 2146/3406/2940 2147/3414/2941 2159/3420/2953
f 2152/3346/2946 2158/3355/2952 2159/3420/2953
f 2148/3358/2942 2152/3346/2946 2159/3420/2953
f 2133/3378/2927 2122/3387/2916 2123/3418/2917
f 2133/3378/2927 2123/3418/2917 2134/3379/2928
f 2080/3421/2874 2166/3422/2960 2082/3333/2876
f 2188/3423/2982 2201/3424/2995 2178/3425/2972 2177/3426/2971
f 2179/3427/2973 2178/3425/2972 2201/3424/2995 2191/3428/2985
f 2188/3423/2982 2191/3428/2985 2201/3424/2995
f 2240/3429/3034 2230/3430/3024 2239/3431/3033 2242/3432/3036
f 2230/3430/3024 2231/3433/3025 2239/3431/3033
f 2231/3433/3025 2230/3430/3024 2212/3434/3006 2221/3435/3015
f 2244/3436/3038 2236/3437/3030 2240/3429/3034 2242/3432/3036
f 2235/3438/3029 2244/3436/3038 2242/3432/3036 2232/3439/3026
f 2233/3440/3027 2232/3439/3026 2242/3432/3036 2239/3431/3033
f 2241/3441/3035 2233/3440/3027 2239/3431/3033
f 2237/3442/3031 2241/3441/3035 2239/3431/3033
f 2237/3442/3031 2239/3431/3033 2231/3433/3025
f 2229/3443/3023 2228/3444/3022 2231/3433/3025
f 2228/3444/3022 2227/3445/3021 2231/3433/3025
f 2228/3444/3022 2219/3446/3013 2218/3447/3012 2227/3445/3021
f 2209/3448/3003 2219/3446/3013 2228/3444/3022 2229/3443/3023
f 2196/3449/2990 2211/3450/3005 2197/3451/2991
f 2199/3452/2993 2198/3453/2992 2197/3451/2991 2211/3450/3005
f 2221/3435/3015 2212/3434/3006 2199/3452/2993 2211/3450/3005
f 2211/3450/3005 2220/3454/3014 2221/3435/3015
f 2196/3449/2990 2210/3455/3004 2220/3454/3014 2211/3450/3005
f 2231/3433/3025 2221/3435/3015 2220/3454/3014 2229/3443/3023
f 2189/3456/2983 2186/3457/2980 2185/3458/2979 2200/3459/2994
f 2189/3456/2983 2200/3459/2994 2202/3460/2996
f 2212/3434/3006 2202/3460/2996 2200/3459/2994 2199/3452/2993
f 2185/3458/2979 2184/3461/2978 2199/3452/2993 2200/3459/2994
f 2188/3423/2982 2189/3456/2983 2202/3460/2996 2191/3428/2985
f 2191/3428/2985 2190/3462/2984 2173/3463/2967 2179/3427/2973
f 2190/3462/2984 2191/3428/2985 2203/3464/2997
f 2134/3379/2928 2214/3465/3008 2203/3464/2997 2191/3428/2985
f 2142/3381/2936 2134/3379/2928 2191/3428/2985 2213/3466/3007
f 2212/3434/3006 2213/3466/3007 2191/3428/2985 2202/3460/2996
f 2243/3467/3037 2240/3429/3034 2236/3437/3030
f 2215/3468/3009 2243/3469/3037 2236/3470/3030
f 2214/3465/3008 2204/3471/2998 2192/3472/2986 2203/3464/2997
f 2203/3464/2997 2192/3472/2986 2190/3462/2984
f 2173/3463/2967 2190/3462/2984 2192/3472/2986 2180/3473/2974
f 2204/3471/2998 2193/3474/2987 2180/3473/2974 2192/3472/2986
f 2229/3443/3023 2220/3454/3014 2210/3455/3004 2209/3448/3003
f 2198/3453/2992 2199/3452/2993 2184/3461/2978
f 2171/3475/2965 2184/3461/2978 2185/3458/2979 2175/3476/2969
f 2175/3476/2969 2168/3477/2962 2171/3475/2965
f 2186/3457/2980 2168/3477/2962 2175/3476/2969 2185/3458/2979
f 2171/3475/2965 2168/3477/2962 2166/3422/2960 2170/3478/2964
f 2082/3333/2876 2166/3422/2960 2167/3479/2961
f 2167/3479/2961 2166/3422/2960 2168/3477/2962
f 2183/3480/2977 2171/3475/2965 2174/3481/2968
f 2197/3451/2991 2171/3475/2965 2183/3480/2977
f 2197/3451/2991 2183/3480/2977 2174/3481/2968 2196/3449/2990
f 2182/3482/2976 2174/3481/2968 2170/3478/2964 2181/3483/2975
f 2171/3475/2965 2170/3478/2964 2174/3481/2968
f 2209/3448/3003 2195/3484/2989 2182/3482/2976 2208/3485/3002
f 2195/3484/2989 2174/3481/2968 2182/3482/2976
f 2195/3484/2989 2209/3448/3003 2174/3481/2968
f 2207/3486/3001 2182/3482/2976 2194/3487/2988
f 2182/3482/2976 2207/3486/3001 2218/3447/3012
f 2218/3447/3012 2207/3486/3001 2194/3487/2988 2217/3488/3011
f 2216/3489/3010 2194/3487/2988 2206/3490/3000
f 2225/3491/3019 2194/3487/2988 2216/3489/3010
f 2225/3491/3019 2216/3489/3010 2206/3490/3000 2224/3492/3018
f 2206/3490/3000 2194/3487/2988 2181/3483/2975 2205/3493/2999
f 2182/3482/2976 2181/3483/2975 2194/3487/2988
f 2173/3463/2967 2169/3494/2963 2167/3479/2961
f 2169/3494/2963 2082/3333/2876 2167/3479/2961
f 2090/3410/2884 2082/3333/2876 2169/3494/2963
f 2098/3411/2892 2090/3410/2884 2169/3494/2963
f 2169/3494/2963 2180/3473/2974 2193/3474/2987 2098/3411/2892
f 2180/3473/2974 2169/3494/2963 2173/3463/2967
f 2168/3477/2962 2176/3495/2970 2177/3426/2971 2172/3496/2966
f 2172/3496/2966 2167/3479/2961 2168/3477/2962
f 2167/3479/2961 2172/3496/2966 2178/3425/2972
f 2178/3425/2972 2172/3496/2966 2177/3426/2971
f 2198/3453/2992 2184/3461/2978 2171/3475/2965
f 2198/3453/2992 2171/3475/2965 2197/3451/2991
f 2210/3455/3004 2196/3449/2990 2174/3481/2968
f 2210/3455/3004 2174/3481/2968 2209/3448/3003
f 2219/3446/3013 2208/3485/3002 2182/3482/2976
f 2219/3446/3013 2182/3482/2976 2218/3447/3012
f 2226/3497/3020 2217/3488/3011 2194/3487/2988
f 2226/3497/3020 2194/3487/2988 2225/3491/3019
f 2234/3498/3028 2206/3490/3000 2223/3499/3017
f 2206/3490/3000 2215/3468/3009 2222/3500/3016 2223/3499/3017
f 2205/3493/2999 2215/3468/3009 2206/3490/3000
f 2224/3492/3018 2206/3490/3000 2234/3498/3028
f 2236/3470/3030 2235/3438/3029 2222/3500/3016 2215/3468/3009
f 2204/3471/2998 2123/3418/2917 2098/3411/2892 2193/3474/2987
f 2189/3456/2983 2188/3423/2982 2177/3426/2971 2176/3495/2970
f 2179/3427/2973 2173/3463/2967 2167/3479/2961
f 2179/3427/2973 2167/3479/2961 2178/3425/2972
f 2187/3501/2981 2176/3495/2970 2168/3477/2962
f 2176/3495/2970 2187/3501/2981 2189/3456/2983
f 2187/3501/2981 2168/3477/2962 2186/3457/2980
f 2187/3501/2981 2186/3457/2980 2189/3456/2983
f 2219/3446/3013 2209/3448/3003 2208/3485/3002
f 2217/3488/3011 2227/3445/3021 2218/3447/3012
f 2217/3488/3011 2226/3497/3020 2238/3502/3032 2227/3445/3021
f 2233/3440/3027 2241/3441/3035 2234/3498/3028 2223/3499/3017
f 2224/3492/3018 2234/3498/3028 2241/3441/3035 2237/3442/3031
f 2222/3500/3016 2232/3439/3026 2233/3440/3027 2223/3499/3017
f 2235/3438/3029 2232/3439/3026 2222/3500/3016
f 2224/3492/3018 2237/3442/3031 2225/3491/3019
f 2238/3502/3032 2226/3497/3020 2225/3491/3019 2237/3442/3031
f 2238/3502/3032 2237/3442/3031 2231/3433/3025
f 2238/3502/3032 2231/3433/3025 2227/3445/3021
f 2123/3418/2917 2204/3471/2998 2214/3465/3008
f 2134/3379/2928 2123/3418/2917 2214/3465/3008
f 2247/3503/3041 1834/3504/2628 1832/3505/2626 2246/3506/3040
f 2248/3507/3042 1835/3508/2629 1834/3504/2628 2247/3503/3041
f 2248/3507/3042 2251/3509/3045 1856/3510/2650 1837/3511/2631
f 1837/3511/2631 1836/3512/2630 1835/3508/2629 2248/3507/3042
f 1906/3513/2700 1902/3514/2696 2257/3515/3051 2258/3516/3052
f 1901/3517/2695 1905/3518/2699 1906/3513/2700 2258/3516/3052
f 2256/3519/3050 1895/3520/2689 1901/3517/2695 2258/3516/3052
f 2254/3521/3048 1886/3522/2680 1895/3520/2689 2256/3519/3050
f 2255/3523/3049 2257/3515/3051 1902/3514/2696 1896/3524/2690
f 2256/3519/3050 2258/3516/3052 2257/3515/3051 2254/3521/3048
f 2252/3525/3046 1872/3526/2666 1886/3522/2680 2254/3521/3048
f 1896/3524/2690 1887/3527/2681 2253/3528/3047 2255/3523/3049
f 2254/3521/3048 2257/3515/3051 2255/3523/3049 2252/3525/3046
f 2249/3529/3043 1855/3530/2649 1872/3526/2666 2252/3525/3046
f 1873/3531/2667 1856/3510/2650 2251/3509/3045 2250/3532/3044
f 2246/3506/3040 1832/3505/2626 1833/3533/2627 2245/3534/3039
f 2246/3506/3040 2251/3509/3045 2248/3507/3042 2247/3503/3041
f 2250/3532/3044 2253/3528/3047 1887/3527/2681 1873/3531/2667
f 2252/3525/3046 2255/3523/3049 2253/3528/3047 2249/3529/3043
f 2245/3534/3039 1833/3533/2627 1855/3530/2649 2249/3529/3043
f 2245/3534/3039 2250/3532/3044 2251/3509/3045 2246/3506/3040
f 2249/3529/3043 2253/3528/3047 2250/3532/3044 2245/3534/3039
f 2260/3535/3054 1359/3536/2122 1361/3537/2124 2261/3538/3055
f 2261/3538/3055 1361/3537/2124 1362/3539/2125 2262/3540/3056
f 1364/3541/2127 1383/3542/2146 2265/3543/3059 2262/3540/3056
f 2262/3540/3056 1362/3539/2125 1363/3544/2126 1364/3541/2127
f 2272/3545/3066 2271/3546/3065 1429/3547/2192 1433/3548/2196
f 2272/3545/3066 1433/3548/2196 1432/3549/2195 1428/3550/2191
f 2272/3545/3066 1428/3550/2191 1422/3551/2185 2270/3552/3064
f 2270/3552/3064 1422/3551/2185 1413/3553/2176 2268/3554/3062
f 1423/3555/2186 1429/3547/2192 2271/3546/3065 2269/3556/3063
f 2268/3554/3062 2271/3546/3065 2272/3545/3066 2270/3552/3064
f 2268/3554/3062 1413/3553/2176 1399/3557/2162 2266/3558/3060
f 2269/3556/3063 2267/3559/3061 1414/3560/2177 1423/3555/2186
f 2266/3558/3060 2269/3556/3063 2271/3546/3065 2268/3554/3062
f 2266/3558/3060 1399/3557/2162 1382/3561/2145 2263/3562/3057
f 2264/3563/3058 2265/3543/3059 1383/3542/2146 1400/3564/2163
f 2259/3565/3053 1360/3566/2123 1359/3536/2122 2260/3535/3054
f 2261/3538/3055 2262/3540/3056 2265/3543/3059 2260/3535/3054
f 1400/3564/2163 1414/3560/2177 2267/3559/3061 2264/3563/3058
f 2263/3562/3057 2267/3559/3061 2269/3556/3063 2266/3558/3060
f 2263/3562/3057 1382/3561/2145 1360/3566/2123 2259/3565/3053
f 2260/3535/3054 2265/3543/3059 2264/3563/3058 2259/3565/3053
f 2259/3565/3053 2264/3563/3058 2267/3559/3061 2263/3562/3057
f 1192/3567/1953 1188/3568/1949 2327/3569/3121 2328/3570/3122
f 983/3571/1721 927/3572/1660 2273/3573/3067 2281/3574/3075
f 1089/3575/1838 1035/3576/1777 2300/3577/3094 2315/3578/3109
f 1136/3579/1892 1089/3575/1838 2315/3578/3109 2326/3580/3120
f 984/3581/1722 1039/3582/1781 2314/3583/3108 2299/3584/3093
f 1093/3585/1842 1140/3586/1896 2332/3587/3126 2325/3588/3119
f 1195/3589/1956 1194/3590/1955 2330/3591/3124 2331/3592/3125
f 1194/3590/1955 1193/3593/1954 2329/3594/3123 2330/3591/3124
f 1193/3593/1954 1192/3595/1953 2328/3596/3122 2329/3594/3123
f 2281/3574/3075 2300/3577/3094 1035/3576/1777 983/3571/1721
f 2326/3580/3120 2327/3569/3121 1188/3568/1949 1136/3579/1892
f 2331/3592/3125 2332/3587/3126 1140/3586/1896 1195/3589/1956
f 2325/3588/3119 2314/3583/3108 1039/3582/1781 1093/3585/1842
f 2299/3584/3093 2280/3597/3074 928/3598/1661 984/3581/1722
f 2316/3599/3110 2315/3578/3109 2300/3577/3094 2301/3600/3095
f 2282/3601/3076 2301/3600/3095 2300/3577/3094 2281/3574/3075
f 2319/3602/3113 2328/3570/3122 2327/3569/3121 2318/3603/3112
f 2317/3604/3111 2318/3603/3112 2327/3569/3121 2326/3580/3120
f 2320/3605/3114 2329/3594/3123 2328/3596/3122 2319/3606/3113
f 2321/3607/3115 2330/3591/3124 2329/3594/3123 2320/3605/3114
f 2322/3608/3116 2323/3609/3117 2332/3587/3126 2331/3592/3125
f 2324/3610/3118 2313/3611/3107 2314/3583/3108 2325/3588/3119
f 2298/3612/3092 2279/3613/3073 2280/3597/3074 2299/3584/3093
f 2299/3584/3093 2314/3583/3108 2313/3611/3107 2298/3612/3092
f 2325/3588/3119 2332/3587/3126 2323/3609/3117 2324/3610/3118
f 2331/3592/3125 2330/3591/3124 2321/3607/3115 2322/3608/3116
f 2326/3580/3120 2315/3578/3109 2316/3599/3110 2317/3604/3111
f 2281/3574/3075 2273/3573/3067 2274/3614/3068 2282/3601/3076
f 2307/3615/3101 2290/3616/3084 2291/3617/3085 2308/3618/3102
f 2304/3619/3098 2287/3620/3081 2288/3621/3082 2305/3622/3099
f 2297/3623/3091 2296/3624/3090 2277/3625/3071 2278/3626/3072
f 2305/3622/3099 2288/3621/3082 2289/3627/3083 2306/3628/3100
f 2301/3600/3095 2302/3629/3096 2303/3630/3097 2316/3599/3110
f 2317/3604/3111 2316/3599/3110 2303/3630/3097 2304/3619/3098
f 2318/3603/3112 2305/3622/3099 2306/3628/3100 2319/3602/3113
f 2319/3606/3113 2306/3631/3100 2307/3615/3101 2320/3605/3114
f 2320/3605/3114 2307/3615/3101 2308/3618/3102 2321/3607/3115
f 2322/3608/3116 2321/3607/3115 2308/3618/3102 2309/3632/3103
f 2324/3610/3118 2323/3609/3117 2310/3633/3104 2311/3634/3105
f 2298/3612/3092 2313/3611/3107 2312/3635/3106 2297/3623/3091
f 2282/3601/3076 2274/3614/3068 2275/3636/3069 2283/3637/3077
f 2311/3634/3105 2312/3635/3106 2313/3611/3107 2324/3610/3118
f 2309/3632/3103 2310/3633/3104 2323/3609/3117 2322/3608/3116
f 2304/3619/3098 2305/3622/3099 2318/3603/3112 2317/3604/3111
f 2283/3637/3077 2302/3629/3096 2301/3600/3095 2282/3601/3076
f 2297/3623/3091 2278/3626/3072 2279/3613/3073 2298/3612/3092
f 2306/3631/3100 2289/3638/3083 2290/3616/3084 2307/3615/3101
f 2310/3633/3104 2293/3639/3087 2294/3640/3088 2311/3634/3105
f 2308/3618/3102 2291/3617/3085 2292/3641/3086 2309/3632/3103
f 2309/3632/3103 2292/3641/3086 2293/3639/3087 2310/3633/3104
f 2311/3634/3105 2294/3640/3088 2295/3642/3089 2312/3635/3106
f 2312/3635/3106 2295/3642/3089 2296/3624/3090 2297/3623/3091
f 2303/3630/3097 2286/3643/3080 2287/3620/3081 2304/3619/3098
f 2302/3629/3096 2285/3644/3079 2286/3643/3080 2303/3630/3097
f 2283/3637/3077 2284/3645/3078 2285/3644/3079 2302/3629/3096
f 2275/3636/3069 2276/3646/3070 2284/3645/3078 2283/3637/3077
f 2380/3647/3174 2379/3648/3173 1662/3649/2453 1666/3650/2457
f 2333/3651/3127 2273/3573/3067 927/3572/1660 1462/3652/2225
f 2367/3653/3161 2352/3654/3146 1511/3655/2281 1565/3656/2342
f 2378/3657/3172 2367/3653/3161 1565/3656/2342 1611/3658/2396
f 2351/3659/3145 2366/3660/3160 1515/3661/2285 1463/3662/2226
f 2377/3663/3171 2384/3664/3178 1615/3665/2400 1569/3666/2346
f 2383/3667/3177 2382/3668/3176 1668/3669/2459 1669/3670/2460
f 2382/3668/3176 2381/3671/3175 1667/3672/2458 1668/3669/2459
f 2381/3671/3175 2380/3673/3174 1666/3674/2457 1667/3672/2458
f 1462/3652/2225 1511/3655/2281 2352/3654/3146 2333/3651/3127
f 1611/3658/2396 1662/3649/2453 2379/3648/3173 2378/3657/3172
f 1669/3670/2460 1615/3665/2400 2384/3664/3178 2383/3667/3177
f 1569/3666/2346 1515/3661/2285 2366/3660/3160 2377/3663/3171
f 1463/3662/2226 928/3598/1661 2280/3597/3074 2351/3659/3145
f 2353/3675/3147 2352/3654/3146 2367/3653/3161 2368/3676/3162
f 2333/3651/3127 2352/3654/3146 2353/3675/3147 2334/3677/3128
f 2370/3678/3164 2379/3648/3173 2380/3647/3174 2371/3679/3165
f 2378/3657/3172 2379/3648/3173 2370/3678/3164 2369/3680/3163
f 2371/3681/3165 2380/3673/3174 2381/3671/3175 2372/3682/3166
f 2372/3682/3166 2381/3671/3175 2382/3668/3176 2373/3683/3167
f 2383/3667/3177 2384/3664/3178 2375/3684/3169 2374/3685/3168
f 2377/3663/3171 2366/3660/3160 2365/3686/3159 2376/3687/3170
f 2351/3659/3145 2280/3597/3074 2279/3613/3073 2350/3688/3144
f 2350/3688/3144 2365/3686/3159 2366/3660/3160 2351/3659/3145
f 2376/3687/3170 2375/3684/3169 2384/3664/3178 2377/3663/3171
f 2374/3685/3168 2373/3683/3167 2382/3668/3176 2383/3667/3177
f 2369/3680/3163 2368/3676/3162 2367/3653/3161 2378/3657/3172
f 2334/3677/3128 2274/3614/3068 2273/3573/3067 2333/3651/3127
f 2360/3689/3154 2343/3690/3137 2342/3691/3136 2359/3692/3153
f 2357/3693/3151 2340/3694/3134 2339/3695/3133 2356/3696/3150
f 2278/3626/3072 2277/3625/3071 2348/3697/3142 2349/3698/3143
f 2358/3699/3152 2341/3700/3135 2340/3694/3134 2357/3693/3151
f 2368/3676/3162 2355/3701/3149 2354/3702/3148 2353/3675/3147
f 2356/3696/3150 2355/3701/3149 2368/3676/3162 2369/3680/3163
f 2371/3679/3165 2358/3699/3152 2357/3693/3151 2370/3678/3164
f 2372/3682/3166 2359/3692/3153 2358/3703/3152 2371/3681/3165
f 2373/3683/3167 2360/3689/3154 2359/3692/3153 2372/3682/3166
f 2361/3704/3155 2360/3689/3154 2373/3683/3167 2374/3685/3168
f 2363/3705/3157 2362/3706/3156 2375/3684/3169 2376/3687/3170
f 2349/3698/3143 2364/3707/3158 2365/3686/3159 2350/3688/3144
f 2335/3708/3129 2275/3636/3069 2274/3614/3068 2334/3677/3128
f 2376/3687/3170 2365/3686/3159 2364/3707/3158 2363/3705/3157
f 2374/3685/3168 2375/3684/3169 2362/3706/3156 2361/3704/3155
f 2369/3680/3163 2370/3678/3164 2357/3693/3151 2356/3696/3150
f 2334/3677/3128 2353/3675/3147 2354/3702/3148 2335/3708/3129
f 2350/3688/3144 2279/3613/3073 2278/3626/3072 2349/3698/3143
f 2359/3692/3153 2342/3691/3136 2341/3709/3135 2358/3703/3152
f 2363/3705/3157 2346/3710/3140 2345/3711/3139 2362/3706/3156
f 2361/3704/3155 2344/3712/3138 2343/3690/3137 2360/3689/3154
f 2362/3706/3156 2345/3711/3139 2344/3712/3138 2361/3704/3155
f 2364/3707/3158 2347/3713/3141 2346/3710/3140 2363/3705/3157
f 2349/3698/3143 2348/3697/3142 2347/3713/3141 2364/3707/3158
f 2356/3696/3150 2339/3695/3133 2338/3714/3132 2355/3701/3149
f 2355/3701/3149 2338/3714/3132 2337/3715/3131 2354/3702/3148
f 2354/3702/3148 2337/3715/3131 2336/3716/3130 2335/3708/3129
f 2335/3708/3129 2336/3716/3130 2276/3646/3070 2275/3636/3069

g Bottoms

v 1.955611 78.574921 8.241803
v 2.418366 82.020767 10.093078
v 7.287512 84.073448 9.975575
v 6.249383 80.709984 9.195074
v 7.790236 86.440811 10.546664
v 3.240962 85.126472 10.250507
v 11.509768 85.505272 9.335678
v 11.706423 87.690712 9.480199
v 15.024845 88.951630 6.543475
v 14.753329 86.791084 6.114744
v 15.376317 88.998672 2.174995
v 15.317803 92.450150 4.172567
v 16.482351 93.156364 0.737136
v 15.961510 89.518356 -1.431721
v 15.402710 87.262085 -1.930245
v 16.124928 90.355766 -3.955391
v 15.125010 87.659920 -4.871444
v 14.899859 84.947884 2.187409
v 15.406798 87.118538 2.265986
v 15.181825 85.155479 -2.271975
v 15.636445 97.014481 1.674894
v 14.544434 101.606758 2.328983
v 14.247529 101.891281 -1.148628
v 15.245397 97.948357 -1.797437
v 12.743790 87.382492 -7.460404
v 9.096019 86.398659 -8.334443
v 7.841136 82.237633 -7.141201
v 11.514729 84.089363 -7.684319
v 3.129189 80.119087 -4.735048
v 5.077857 84.907242 -7.782573
v 9.436975 90.386902 -8.399296
v 4.806053 89.379768 -9.270916
v 1.925327 84.148529 -7.663986
v 1.691252 88.840057 -9.729545
v 1.867602 81.108986 -4.214723
v 1.709053 78.418327 -0.887757
v 2.631572 77.138527 -0.855957
v 0.329356 81.461365 -4.151249
v 0.149974 79.189400 -0.905581
v 4.367198 94.947388 -8.817235
v 1.546042 95.060608 -9.231194
v 8.884594 95.025139 -8.096227
v 0.008071 79.330856 7.298968
v 0.002747 81.745415 10.231252
v 0.935991 79.037552 7.544382
v 0.083468 84.492584 10.295527
v 1.233299 77.179512 3.756099
v 0.933380 78.126762 3.713677
v 13.991547 91.699615 6.943716
v 3.285541 93.382462 12.437964
v 3.190179 99.033226 12.364851
v 6.513444 98.930275 11.523026
v 6.945777 93.903152 11.566250
v 10.805787 82.293617 9.221519
v 14.298459 84.027153 6.170332
v 13.597333 90.787933 -6.889334
v 11.162983 90.411392 9.840370
v 16.343191 94.134613 -2.915666
v 13.785376 94.952705 -6.066653
v 0.110761 87.894035 11.427830
v 3.345242 88.297668 11.394536
v 7.405085 89.250381 11.162498
v 14.490930 85.121910 -5.574247
v 8.230032 99.452065 -6.982360
v 7.837462 103.192307 -6.448613
v 4.249664 103.528175 -6.886586
v 4.388662 100.208862 -7.626697
v 15.039467 47.267464 -2.418942
v 14.539871 48.321777 -4.859186
v 14.468934 43.807102 -4.808649
v 14.101147 42.744110 -2.301944
v 2.482875 72.638321 -1.132537
v 3.754670 72.850975 -3.768421
v 3.538041 76.677132 -3.925583
v 2.421743 75.572540 -0.809581
v 7.051830 77.908653 -6.157126
v 6.670674 73.439209 -5.935820
v 1.534640 74.819321 3.265897
v 2.131934 71.263527 3.441549
v 2.235327 71.947754 1.322449
v 10.373209 79.300400 -7.054985
v 9.682342 74.068108 -7.071070
v 13.476352 80.293175 -6.124423
v 12.345286 74.471565 -6.098241
v 14.538086 74.409935 -3.248078
v 12.177973 67.262924 -6.963727
v 13.825382 66.950462 -4.186733
v 4.031398 67.249733 -4.360692
v 6.994041 67.229599 -6.199009
v 2.805588 67.275833 -1.978277
v 2.678688 66.521225 1.973267
v 2.349812 67.300667 0.024982
v 3.603636 65.723999 4.298391
v 2.265645 71.202515 6.322226
v 5.567823 71.156883 8.080438
v 5.562800 76.094505 8.643366
v 10.239665 77.132736 8.482015
v 9.966662 71.595993 7.795372
v 1.913430 75.363831 7.178155
v 5.966299 65.826752 6.830800
v 9.842892 66.190575 7.244829
v 12.964560 72.818085 5.083065
v 12.705337 67.549957 4.677409
v 12.796312 8.882613 -6.192303
v 12.921869 8.960969 -4.030598
v 13.518216 13.221916 -3.924421
v 13.981916 13.416858 -6.743623
v 11.426085 8.629656 -1.349597
v 11.503795 13.133038 -1.345167
v 12.185302 31.478813 0.645122
v 14.387179 32.426407 -1.866169
v 14.573242 22.501404 -3.156275
v 12.070510 21.514200 0.182020
v 2.632678 15.939070 -9.618302
v 1.050327 15.589262 -7.468125
v 4.524825 9.407438 -6.725953
v 5.529267 9.041242 -8.484292
v 7.376542 8.799682 -9.714006
v 5.427034 15.770327 -11.289901
v 3.187938 32.276585 -6.265327
v 2.594038 23.940107 -6.365994
v 3.382623 25.046129 -9.572342
v 4.777974 34.114105 -9.081920
v 2.369495 31.159739 -3.985350
v 2.060168 23.130327 -4.918561
v 1.496733 15.062994 -5.481780
v 4.949475 9.626791 -4.983180
v 7.809230 35.414803 -10.100500
v 6.169146 25.658215 -11.454515
v 4.354788 48.725239 -5.361670
v 5.173637 43.100685 -5.010500
v 5.896749 43.975883 -7.060399
v 5.397921 49.223480 -6.702799
v 4.351128 48.302040 -4.353814
v 4.252652 47.000999 -2.787155
v 3.583550 41.281574 -3.291484
v 2.952642 14.216164 -2.965424
v 5.661147 9.198698 -2.760156
v 6.544454 14.013991 -1.407209
v 7.541970 8.857164 -1.210384
v 6.631941 59.399597 4.931656
v 10.062078 59.810780 5.185671
v 3.553067 59.511745 2.763541
v 12.752620 59.712643 3.253037
v 14.817808 59.822727 -1.491553
v 14.199183 67.885353 -0.134565
v 13.913894 60.080078 -4.895235
v 12.894151 45.861076 0.979462
v 12.836872 51.752102 2.118572
v 15.332956 53.191906 -2.298025
v 10.089431 52.476604 3.312509
v 9.869329 46.595123 2.766527
v 6.885978 46.470512 2.104514
v 6.896446 52.499195 3.054336
v 3.223600 59.929443 0.098205
v 3.425674 53.330502 -1.749044
v 4.056815 52.364597 0.869641
v 3.859034 53.666832 -3.527668
v 3.214747 60.251026 -1.552762
v 12.528979 13.659533 -9.439628
v 11.609120 8.815177 -8.796183
v 15.039008 33.765465 -5.603926
v 14.346332 35.192390 -8.590754
v 14.435006 24.992775 -10.108503
v 15.639113 23.363468 -6.597632
v 9.164028 15.041981 -11.441040
v 9.224984 8.480029 -10.336142
v 10.170186 25.545197 -11.456242
v 11.262972 35.826874 -10.093124
v 13.826041 38.361580 -2.246357
v 14.209570 39.599426 -4.861544
v 12.291337 37.460876 0.321663
v 13.146109 44.777622 -6.445837
v 13.141626 49.258545 -6.765888
v 10.818846 49.885693 -7.126800
v 10.961738 45.246254 -7.316529
v 4.326108 46.290390 -0.396333
v 3.707185 53.868179 -5.102856
v 4.987439 54.102051 -6.646380
v 8.186936 49.873913 -7.323892
v 7.726431 54.280239 -7.507217
v 7.644788 60.185658 -7.079956
v 5.298615 59.912025 -5.485289
v 10.150538 60.185860 -7.589865
v 10.383118 54.233009 -7.564196
v 12.731448 54.144360 -6.923873
v 14.607719 53.836159 -5.196298
v 8.340681 45.104542 -7.778027
v 8.519383 41.190464 -8.465223
v 11.173504 41.652775 -8.101590
v 13.494150 41.106842 -7.165706
v 14.862147 80.493088 -2.526420
v 14.250891 74.567680 0.956536
v 14.619584 80.079590 1.868690
v 13.613626 78.666908 5.599356
v 9.464208 8.523184 -0.804963
v 8.729302 13.453791 -0.546534
v 3.388013 22.618147 -2.575267
v 3.444018 30.850100 -1.973782
v 5.564424 30.409735 1.021925
v 5.542231 22.015347 -0.081693
v 8.869040 30.895306 1.538833
v 8.797767 21.754475 0.650707
v 12.732345 42.237206 0.059684
v 12.281585 60.217148 -7.113222
v 9.761498 67.348053 -7.200487
v 4.527884 38.000694 -5.405334
v 3.272645 36.587246 -3.577935
v 4.805292 40.737095 -1.355602
v 3.892980 35.920769 -1.754918
v 5.657901 39.750366 -7.828798
v 6.470241 40.675938 1.184390
v 6.096136 35.734718 0.929796
v 9.455831 36.646957 1.270615
v 9.778740 41.623768 2.075179
v 3.924693 59.984940 -3.046500
v 12.019120 102.502800 -4.341439
v 12.687373 98.684151 -5.078517
v 14.356525 96.118019 5.427605
v 13.762183 100.624367 6.055098
v 12.835906 94.918289 7.844069
v 11.923704 99.696434 8.187366
v 10.419374 94.127220 10.120431
v 9.569559 98.852188 9.731512
v 1.676755 103.703163 -7.289958
v 1.680073 100.644859 -8.066571
v -0.040433 83.917038 -7.614856
v 0.066653 78.533829 3.621719
v -0.091668 88.726425 -10.007816
v 0.064314 93.034561 12.662261
v 0.079588 98.772850 12.519940
v 0.002617 100.919960 -8.341418
v -0.003063 95.504738 -9.672401
v 0.013788 98.601387 1.501813
v -0.027454 103.763107 -7.549441
v 10.134027 9.525018 -4.609415
v -7.188631 83.861206 10.101590
v -2.415580 81.707649 9.846649
v -1.928984 78.807999 7.786636
v -6.193193 81.044746 9.376543
v -7.765673 86.025482 10.420133
v -3.085227 84.825066 10.244875
v -14.927876 88.466850 6.320962
v -12.070552 87.404594 9.003997
v -11.970551 85.518570 8.986111
v -15.080015 86.556686 5.811375
v -16.310524 93.262993 1.125678
v -15.192871 92.306137 4.508316
v -15.295065 88.755356 2.616222
v -15.916970 89.483688 -0.059794
v -15.719863 87.256462 -1.220375
v -15.536048 87.728424 -5.323399
v -16.154898 90.626640 -4.062575
v -15.523964 86.949905 2.324695
v -15.296380 85.010765 2.254313
v -15.311310 85.406693 -1.422083
v -14.034683 101.830696 -0.878731
v -14.508872 101.572227 2.617463
v -15.318108 96.873650 2.094787
v -14.983402 97.842384 -1.204306
v -6.806055 83.212265 -7.072278
v -8.313895 85.917480 -7.974034
v -12.893539 87.389359 -7.443134
v -11.484010 84.534012 -7.791562
v -2.844425 81.011398 -4.464478
v -4.213733 84.579544 -7.559474
v -4.458209 89.133659 -9.510014
v -8.949647 90.307877 -8.525376
v -1.867234 84.052490 -7.317022
v -1.790110 88.753082 -9.845799
v -1.194768 79.291901 -0.848545
v -1.767178 81.514252 -3.769623
v -1.971576 78.613472 -0.965070
v -4.362866 94.838188 -8.847050
v -1.558790 95.064209 -9.245003
v -8.492237 94.944054 -8.215318
v -0.835156 79.076065 7.280885
v -0.864363 78.561066 3.659731
v -1.463938 78.043922 3.749723
v -13.900722 91.397705 7.376064
v -6.359473 98.774971 11.550308
v -3.026846 98.904503 12.394149
v -3.154152 93.284325 12.589810
v -6.931396 93.693474 11.804933
v -10.985623 83.163086 9.351262
v -14.559215 84.311600 6.151556
v -13.529595 91.263107 -6.894182
v -11.013162 89.997078 9.693850
v -16.011860 94.210419 -2.378563
v -13.302106 95.238167 -6.201055
v -3.200480 88.163918 11.435384
v -7.291678 88.887230 11.279925
v -14.439346 85.390251 -5.913318
v -4.397259 103.774681 -6.723283
v -7.937683 103.186607 -6.185965
v -8.121491 99.455246 -6.790384
v -4.424937 100.212059 -7.309042
v -14.181129 42.740189 -5.304069
v -14.657176 48.864174 -5.673644
v -15.257065 47.668056 -2.834467
v -14.708511 41.787460 -2.798526
v -3.145300 78.448982 -3.668216
v -3.704261 75.431618 -3.072479
v -1.771885 74.521568 -0.931992
v -1.842995 77.127914 -0.841263
v -6.132539 80.024948 -6.091839
v -6.110408 76.061234 -5.606475
v -2.131803 74.315552 1.704273
v -1.660393 76.275177 3.343565
v -10.052141 81.259018 -7.517401
v -9.305546 76.383224 -7.101298
v -13.563555 82.141037 -6.646967
v -12.416383 76.828575 -6.952837
v -12.066967 69.639664 -7.139058
v -14.877388 76.477303 -3.130909
v -14.819613 69.189110 -4.404282
v -6.435924 69.815331 -5.943191
v -3.849973 69.884178 -3.715444
v -2.797675 69.970268 -1.426530
v -2.062634 69.845680 0.681062
v -1.604847 73.494301 3.652997
v -1.795579 69.286324 2.502307
v -2.919343 68.460045 4.539378
v -2.394125 73.088913 5.739621
v -10.437745 78.575874 8.858906
v -5.412954 77.095245 8.826038
v -5.242646 72.883797 8.615392
v -10.418454 73.366188 8.559197
v -1.934119 76.416763 6.852875
v -5.576555 67.856873 7.445769
v -10.094049 67.799255 7.774088
v -13.177183 68.889839 5.721927
v -13.539359 74.330528 5.906856
v -12.699039 8.498081 -6.350993
v -14.076470 13.203345 -6.964104
v -13.609998 12.924616 -4.223642
v -12.741829 8.694848 -4.353375
v -11.946457 13.106839 -2.088377
v -11.641802 8.928731 -1.872009
v -14.694367 21.028460 -3.534851
v -14.949539 30.644188 -2.818160
v -12.398611 29.557171 -0.074530
v -12.705683 20.518682 -0.773907
v -3.504030 15.797610 -9.173718
v -5.393300 9.479327 -8.346521
v -4.185686 10.047527 -6.762077
v -1.626724 15.585983 -7.313715
v -5.605426 15.317010 -10.651662
v -7.290428 8.867293 -9.708380
v -4.397736 23.589329 -9.150280
v -3.372332 22.860081 -6.787647
v -3.242622 30.920019 -6.434282
v -4.915784 32.297710 -9.270222
v -7.968289 32.655212 -10.149813
v -6.456995 23.812250 -11.100890
v -6.296453 43.581532 -6.747053
v -5.529012 43.134418 -5.019192
v -4.883426 49.667511 -5.211220
v -5.683622 50.171669 -6.471461
v -4.928638 49.109570 -4.219781
v -4.398439 10.106901 -4.934946
v -5.824227 9.583058 -2.757971
v -3.715554 14.180810 -2.522163
v -1.123177 15.208456 -5.459973
v -8.011515 9.005045 -1.345620
v -7.087216 13.787053 -1.369329
v -6.198732 61.435200 5.751556
v -10.361998 61.461121 6.147005
v -3.205612 61.789047 3.021205
v -13.528551 61.140511 4.102678
v -15.067880 60.743927 -1.274606
v -14.925465 69.408165 0.640988
v -14.165977 60.721092 -5.264409
v -14.089513 53.720715 1.824634
v -14.042151 47.118996 0.649548
v -15.460133 53.612793 -2.475539
v -10.554000 53.942131 4.088180
v -10.410698 46.985584 2.786340
v -6.947370 46.979595 1.990575
v -6.601939 54.165638 3.734084
v -2.984816 62.352623 0.902140
v -3.607451 55.046253 -1.329584
v -3.755140 54.470116 1.249527
v -4.754226 55.435928 -4.617365
v -4.296269 55.180897 -3.285645
v -3.670959 62.355022 -1.285366
v -4.547831 62.344097 -3.028154
v -11.600055 8.393140 -8.819992
v -12.645626 12.817076 -9.401067
v -14.076360 23.142508 -9.829966
v -14.120232 33.024063 -8.987960
v -15.349462 32.009300 -6.507241
v -15.558598 21.856533 -6.277814
v -9.070248 14.255249 -11.235790
v -9.259672 8.507197 -10.290764
v -10.377208 23.525545 -10.930383
v -11.150620 33.012016 -10.101398
v -14.437864 38.356815 -5.771577
v -14.576370 36.977772 -2.939193
v -12.823559 36.000916 0.191298
v -12.970764 43.767036 -6.647828
v -12.934458 49.573925 -7.012258
v -11.068826 44.087864 -6.932423
v -10.806853 50.267200 -7.109590
v -4.371710 47.911839 -2.726314
v -3.877898 46.918907 0.025801
v -5.470596 55.558243 -6.092513
v -8.189389 50.533230 -7.097206
v -7.564568 55.452827 -7.345671
v -5.273323 62.203453 -4.862168
v -7.330081 61.967941 -6.735289
v -10.040698 61.466755 -7.683790
v -10.310118 55.003029 -7.725819
v -12.611611 54.651371 -7.331617
v -14.507999 54.274868 -5.776538
v -10.959830 39.842815 -8.017539
v -8.399976 39.287437 -8.231185
v -8.364885 44.186108 -7.376869
v -13.370486 39.606461 -7.439983
v -14.691926 75.751564 1.709339
v -14.949051 81.535355 -1.942473
v -14.654150 80.881592 1.872829
v -13.841290 80.029198 5.998788
v -9.913482 8.822128 -1.057651
v -9.503860 13.421587 -1.080471
v -6.110678 28.756865 0.606832
v -3.574979 29.171385 -1.466016
v -3.439939 21.051613 -2.443204
v -6.162779 20.665258 -0.474323
v -9.273590 29.151958 1.125454
v -9.567204 20.532440 -0.142896
v -13.227249 41.388729 0.267742
v -12.266785 61.006012 -7.399797
v -9.474942 69.729012 -7.149189
v -2.865632 41.051079 -3.165598
v -4.955104 36.858688 -5.524253
v -3.452423 35.665730 -3.602621
v -4.615672 40.323025 -1.238656
v -4.346345 34.822021 -1.476298
v -6.333651 38.289459 -7.548050
v -2.728374 29.939131 -4.115087
v -2.165600 22.005548 -4.907540
v -6.690112 40.474644 1.358522
v -6.667780 34.820847 0.736264
v -9.646335 35.342415 1.194824
v -9.960168 41.078384 1.908224
v -12.513638 98.585243 -4.761994
v -11.867522 102.327972 -4.006973
v -14.607009 96.132851 5.686302
v -14.007465 100.646286 6.402230
v -12.935046 94.782654 8.066500
v -10.149457 93.804031 10.385385
v -12.058563 99.671761 8.398169
v -9.520115 98.644051 9.907149
v -1.728466 103.845856 -7.143074
v -1.618781 100.770325 -7.851692
v -10.282147 9.570882 -4.628401
v -6.638300 97.478104 11.799575
v -6.215106 98.556007 11.427457
v -6.806985 98.636391 11.085092
v -7.302754 97.553970 11.381165
v -6.987573 98.515076 11.350659
v -7.393511 97.467903 11.658933
v -6.303334 98.521713 11.719376
v -7.821495 95.090660 11.280096
v -7.108928 94.985870 11.657791
v -6.937304 96.210464 11.875864
v -7.675267 96.273849 11.477118
v -7.894347 94.995964 11.479580
v -7.675931 96.202972 11.681713
v -7.741283 93.811256 10.794492
v -7.114379 93.769974 11.037945
v -7.892412 93.849457 11.157689
v -6.724191 97.395370 12.052771
v -7.249288 93.768326 11.415364
v -7.182886 94.910164 11.847936
v -7.040029 96.147705 12.033810
v 7.709693 97.683319 11.135662
v 8.493420 97.706383 10.767513
v 8.124988 98.498886 10.420236
v 7.454838 98.531868 10.835623
v 8.198268 98.656204 10.665390
v 8.530943 97.681976 11.010889
v 7.545714 98.564255 11.004245
v 9.007758 95.370537 10.639417
v 8.723825 96.709175 10.769245
v 7.977833 96.603508 11.132897
v 8.305064 95.246574 10.992570
v 9.094804 95.290802 10.849111
v 8.762560 96.679955 11.066331
v 8.994791 93.873222 10.131354
v 8.350698 93.835251 10.490446
v 9.145181 94.008766 10.506058
v 7.816567 97.641212 11.331019
v 8.494157 93.927368 10.866835
v 8.085176 96.572479 11.315498
v 8.397210 95.181862 11.182977
v 14.991078 100.241646 -0.868220
v 14.782752 100.359695 -1.572135
v 13.824038 101.463264 -1.193276
v 14.067335 101.350060 -0.714997
v 14.109365 101.558113 -1.276296
v 15.087454 100.336021 -1.609201
v 14.333305 101.547554 -0.634792
v 15.418876 97.124306 -1.703087
v 15.299301 98.733147 -1.703062
v 15.480220 98.555153 -1.000788
v 15.617517 96.893112 -0.990475
v 15.661733 97.154854 -1.788851
v 15.543153 98.754562 -1.770778
v 15.244652 95.386086 -1.649564
v 15.389091 95.169090 -0.959403
v 15.595124 95.718506 -1.765048
v 15.262961 100.221008 -1.015733
v 15.728806 95.535110 -1.072406
v 15.711367 98.573494 -1.083901
v 15.851767 96.938263 -1.078957
v 0.296631 102.720810 -7.891737
v -0.327787 102.771713 -7.889628
v -0.329503 103.314789 -7.204557
v 0.291675 103.295937 -7.207245
v -0.341863 103.401367 -7.558238
v -0.338319 102.846703 -8.112577
v 0.282851 103.368126 -7.551478
v -0.270308 100.264000 -8.698865
v -0.308392 101.731972 -8.518201
v 0.300019 101.667603 -8.514974
v 0.303117 100.213974 -8.694974
v -0.286588 100.309944 -8.929180
v -0.319603 101.780907 -8.727272
v -0.234565 98.662643 -8.554019
v 0.296317 98.660759 -8.545197
v -0.250288 98.878761 -8.919306
v 0.296677 102.800598 -8.117551
v 0.295352 98.871086 -8.910000
v 0.300033 101.722092 -8.727638
v 0.302889 100.260262 -8.925466
v -14.294465 100.251801 -0.195355
v -13.510777 101.235313 0.038352
v -13.375731 101.193367 -0.536300
v -14.171836 100.331802 -0.902774
v -13.593104 101.296104 -0.651590
v -14.476089 100.359673 -0.953534
v -13.796051 101.308311 0.046099
v -15.052632 97.123192 -1.062763
v -15.124877 96.865677 -0.451709
v -14.898808 98.732292 -0.385515
v -14.761370 98.870888 -1.051144
v -15.240252 97.146187 -1.121613
v -15.004450 98.862518 -1.100522
v -14.994198 95.326279 -1.061303
v -15.064311 95.083549 -0.474404
v -15.354840 95.668159 -1.142809
v -14.590806 100.301994 -0.307803
v -15.463801 95.459747 -0.582307
v -15.333103 96.941948 -0.510118
v -15.130858 98.717529 -0.453908
vt 0.718655 0.642053
vt 0.715073 0.650955
vt 0.725918 0.647668
vt 0.729712 0.637532
vt 0.721563 0.660002
vt 0.712585 0.660295
vt 0.695508 0.652600
vt 0.694448 0.660635
vt 0.703568 0.660393
vt 0.703933 0.651568
vt 0.677110 0.669270
vt 0.685775 0.669000
vt 0.685367 0.661230
vt 0.676805 0.661340
vt 0.668342 0.652970
vt 0.668392 0.661180
vt 0.676827 0.653485
vt 0.676430 0.645705
vt 0.685943 0.653293
vt 0.686193 0.645390
vt 0.670015 0.684263
vt 0.678385 0.684057
vt 0.677707 0.676647
vt 0.668853 0.677177
vt 0.656573 0.642400
vt 0.647653 0.638732
vt 0.649713 0.648600
vt 0.658153 0.651210
vt 0.642705 0.646592
vt 0.638303 0.633435
vt 0.644190 0.659418
vt 0.650977 0.660083
vt 0.638675 0.659338
vt 0.637395 0.644755
vt 0.629362 0.628523
vt 0.628720 0.629772
vt 0.636180 0.635033
vt 0.628047 0.630737
vt 0.634623 0.635827
vt 0.640605 0.672238
vt 0.646065 0.671440
vt 0.652585 0.670915
vt 0.732615 0.637800
vt 0.729918 0.649212
vt 0.733948 0.638605
vt 0.727732 0.660383
vt 0.741905 0.635180
vt 0.741527 0.633695
vt 0.693990 0.668965
vt 0.710373 0.677163
vt 0.708510 0.684667
vt 0.716105 0.685197
vt 0.718477 0.677693
vt 0.705775 0.642778
vt 0.695875 0.644297
vt 0.658745 0.660765
vt 0.618357 0.626230
vt 0.617673 0.627600
vt 0.702710 0.668802
vt 0.660343 0.670152
vt 0.667863 0.669700
vt 0.719685 0.669515
vt 0.725757 0.670403
vt 0.711710 0.669123
vt 0.667058 0.645085
vt 0.647395 0.679545
vt 0.648020 0.685753
vt 0.653543 0.685195
vt 0.653623 0.678518
vt 0.673820 0.577913
vt 0.672370 0.586295
vt 0.682525 0.587215
vt 0.683688 0.577662
vt 0.629618 0.626347
vt 0.637345 0.628700
vt 0.636880 0.622802
vt 0.630373 0.621830
vt 0.644073 0.624412
vt 0.645582 0.631605
vt 0.744393 0.625245
vt 0.738035 0.624398
vt 0.741335 0.629945
vt 0.655350 0.634205
vt 0.653498 0.625488
vt 0.662855 0.626665
vt 0.665060 0.636733
vt 0.672803 0.617320
vt 0.661978 0.616330
vt 0.673527 0.627478
vt 0.644540 0.614842
vt 0.636905 0.614128
vt 0.630708 0.612747
vt 0.744618 0.615808
vt 0.737785 0.615718
vt 0.730518 0.615292
vt 0.729643 0.624450
vt 0.707727 0.626013
vt 0.707285 0.634387
vt 0.720920 0.633640
vt 0.721055 0.625070
vt 0.730533 0.632210
vt 0.707592 0.617270
vt 0.720660 0.615968
vt 0.695900 0.617600
vt 0.695845 0.626850
vt 0.683075 0.523195
vt 0.690657 0.524058
vt 0.689613 0.516780
vt 0.683835 0.515950
vt 0.703112 0.526007
vt 0.703722 0.518515
vt 0.688770 0.537795
vt 0.685950 0.554313
vt 0.699042 0.555160
vt 0.701020 0.538770
vt 0.650078 0.511590
vt 0.643490 0.510323
vt 0.643283 0.519710
vt 0.649475 0.521982
vt 0.655420 0.522327
vt 0.656402 0.513360
vt 0.647802 0.535987
vt 0.640293 0.533780
vt 0.637152 0.549855
vt 0.645470 0.551673
vt 0.736758 0.553355
vt 0.743940 0.553503
vt 0.742320 0.538200
vt 0.735682 0.538050
vt 0.736140 0.515845
vt 0.731238 0.517280
vt 0.733922 0.524650
vt 0.739812 0.524418
vt 0.650807 0.552368
vt 0.653327 0.535693
vt 0.640042 0.585205
vt 0.640855 0.576990
vt 0.634642 0.576192
vt 0.634252 0.585375
vt 0.737392 0.587912
vt 0.744547 0.587470
vt 0.746290 0.578045
vt 0.736510 0.577620
vt 0.724100 0.518135
vt 0.725330 0.525577
vt 0.717015 0.518883
vt 0.716762 0.526738
vt 0.707900 0.608118
vt 0.719213 0.606955
vt 0.728887 0.606080
vt 0.696373 0.608400
vt 0.684740 0.617858
vt 0.683248 0.607477
vt 0.671988 0.606632
vt 0.682345 0.596887
vt 0.695715 0.598170
vt 0.695570 0.588138
vt 0.707057 0.598370
vt 0.707803 0.588495
vt 0.718697 0.597745
vt 0.717607 0.588418
vt 0.739490 0.606252
vt 0.738325 0.597045
vt 0.727538 0.597170
vt 0.744575 0.606235
vt 0.744465 0.596632
vt 0.673993 0.522027
vt 0.674788 0.514545
vt 0.671538 0.536592
vt 0.667910 0.553885
vt 0.676728 0.553903
vt 0.680410 0.537395
vt 0.664035 0.513965
vt 0.662843 0.522277
vt 0.660797 0.535880
vt 0.658075 0.553208
vt 0.674545 0.567735
vt 0.684312 0.567062
vt 0.697842 0.567415
vt 0.664832 0.577815
vt 0.663845 0.585317
vt 0.655693 0.577783
vt 0.654927 0.585123
vt 0.726675 0.588138
vt 0.639190 0.594028
vt 0.633137 0.594203
vt 0.645972 0.594075
vt 0.646618 0.585205
vt 0.645312 0.604710
vt 0.638180 0.604218
vt 0.653592 0.605072
vt 0.654040 0.594108
vt 0.662800 0.594227
vt 0.671522 0.595542
vt 0.656597 0.567802
vt 0.649007 0.567198
vt 0.647500 0.577672
vt 0.665833 0.568237
vt 0.684298 0.627328
vt 0.675645 0.637277
vt 0.685102 0.636757
vt 0.694760 0.635790
vt 0.711440 0.519082
vt 0.710685 0.526895
vt 0.716833 0.539475
vt 0.717072 0.555273
vt 0.726735 0.554322
vt 0.726187 0.538643
vt 0.708905 0.539412
vt 0.709580 0.555855
vt 0.696455 0.577945
vt 0.662328 0.605595
vt 0.653275 0.615597
vt 0.744758 0.566233
vt 0.736445 0.566210
vt 0.726840 0.566770
vt 0.727067 0.577975
vt 0.642935 0.566013
vt 0.716923 0.578105
vt 0.716507 0.567348
vt 0.708785 0.567717
vt 0.708190 0.578173
vt 0.619417 0.623000
vt 0.631515 0.603583
vt 0.661490 0.684840
vt 0.660370 0.677615
vt 0.686127 0.676548
vt 0.686638 0.684130
vt 0.693815 0.676720
vt 0.701540 0.676710
vt 0.693537 0.684393
vt 0.700527 0.684443
vt 0.642235 0.680605
vt 0.643050 0.686233
vt 0.633975 0.643857
vt 0.742468 0.636168
vt 0.634570 0.659532
vt 0.723155 0.685885
vt 0.724593 0.678328
vt 0.636295 0.672848
vt 0.637965 0.681228
vt 0.617485 0.628672
vt 0.689730 0.719617
vt 0.717495 0.720357
vt 0.714955 0.727437
vt 0.696385 0.697067
vt 0.703377 0.698727
vt 0.693685 0.738290
vt 0.689725 0.738258
vt 0.703337 0.736268
vt 0.698335 0.737340
vt 0.709747 0.732975
vt 0.716860 0.712862
vt 0.714690 0.706900
vt 0.710018 0.702335
vt 0.689735 0.696473
vt 0.595825 0.536510
vt 0.609980 0.532185
vt 0.608215 0.538005
vt 0.598342 0.551185
vt 0.580560 0.527022
vt 0.581845 0.518902
vt 0.587930 0.513857
vt 0.582290 0.541975
vt 0.581113 0.533307
vt 0.585440 0.549818
vt 0.606568 0.522542
vt 0.596907 0.514525
vt 0.590227 0.553700
vt 0.639050 0.686935
vt 0.528912 0.695315
vt 0.517795 0.691060
vt 0.521532 0.701118
vt 0.532438 0.704445
vt 0.526133 0.713560
vt 0.534900 0.713817
vt 0.544360 0.713692
vt 0.553653 0.714005
vt 0.555055 0.705965
vt 0.543870 0.704898
vt 0.563282 0.722292
vt 0.571570 0.722497
vt 0.572080 0.714650
vt 0.563438 0.714575
vt 0.581110 0.714257
vt 0.581877 0.706130
vt 0.572632 0.706750
vt 0.572870 0.699115
vt 0.563315 0.698755
vt 0.563325 0.706685
vt 0.570510 0.729880
vt 0.570217 0.737300
vt 0.578673 0.737420
vt 0.579363 0.730213
vt 0.593188 0.695212
vt 0.591542 0.704250
vt 0.600570 0.701303
vt 0.601462 0.691725
vt 0.606900 0.699410
vt 0.611365 0.686298
vt 0.598567 0.713015
vt 0.605078 0.712430
vt 0.610748 0.712398
vt 0.611772 0.697682
vt 0.618707 0.682015
vt 0.613390 0.687982
vt 0.619563 0.683045
vt 0.614690 0.689185
vt 0.620748 0.683625
vt 0.608435 0.725248
vt 0.603045 0.724425
vt 0.596738 0.723848
vt 0.513950 0.692050
vt 0.517462 0.702870
vt 0.514965 0.690940
vt 0.519985 0.713987
vt 0.506728 0.686860
vt 0.506175 0.687970
vt 0.554070 0.722195
vt 0.537803 0.730460
vt 0.529593 0.731120
vt 0.531960 0.738570
vt 0.539650 0.738033
vt 0.542053 0.696252
vt 0.553260 0.697615
vt 0.590430 0.713768
vt 0.631117 0.681220
vt 0.630848 0.679840
vt 0.545213 0.722060
vt 0.589087 0.723103
vt 0.580163 0.722705
vt 0.521948 0.724087
vt 0.528155 0.723215
vt 0.536242 0.722497
vt 0.582760 0.698393
vt 0.601597 0.732747
vt 0.595693 0.731715
vt 0.595307 0.738385
vt 0.600880 0.738960
vt 0.565860 0.640768
vt 0.576068 0.640247
vt 0.574592 0.631382
vt 0.564700 0.630960
vt 0.618865 0.679998
vt 0.619100 0.675195
vt 0.612505 0.676553
vt 0.612225 0.681792
vt 0.604170 0.677817
vt 0.603535 0.684625
vt 0.626500 0.672673
vt 0.629965 0.676638
vt 0.594565 0.687250
vt 0.595092 0.678872
vt 0.585890 0.679950
vt 0.584183 0.689950
vt 0.575715 0.670277
vt 0.574585 0.680878
vt 0.586518 0.669317
vt 0.611787 0.667345
vt 0.604365 0.668063
vt 0.618643 0.666070
vt 0.623505 0.664770
vt 0.516180 0.677705
vt 0.516012 0.668095
vt 0.510442 0.669078
vt 0.509488 0.677415
vt 0.539662 0.679393
vt 0.527058 0.678160
vt 0.526762 0.686710
vt 0.540605 0.687735
vt 0.515723 0.686045
vt 0.539662 0.670540
vt 0.527545 0.669205
vt 0.551708 0.680560
vt 0.550880 0.671398
vt 0.559202 0.570185
vt 0.558457 0.577600
vt 0.565597 0.577043
vt 0.564900 0.569555
vt 0.545355 0.571548
vt 0.546197 0.579145
vt 0.549338 0.608490
vt 0.562560 0.607822
vt 0.559980 0.591038
vt 0.547662 0.591882
vt 0.605465 0.573072
vt 0.604895 0.563842
vt 0.598855 0.564990
vt 0.599428 0.575370
vt 0.592520 0.566643
vt 0.593477 0.575670
vt 0.611512 0.603328
vt 0.608415 0.587270
vt 0.601088 0.589383
vt 0.603238 0.605083
vt 0.595508 0.588965
vt 0.597975 0.605755
vt 0.613685 0.629862
vt 0.607665 0.630665
vt 0.608498 0.639980
vt 0.614473 0.639423
vt 0.617530 0.639048
vt 0.524060 0.571402
vt 0.517003 0.570580
vt 0.514238 0.577958
vt 0.522958 0.578772
vt 0.531565 0.579930
vt 0.531187 0.572097
vt 0.539943 0.661440
vt 0.529052 0.660325
vt 0.518640 0.659190
vt 0.551363 0.661698
vt 0.563603 0.671273
vt 0.564788 0.660605
vt 0.576218 0.659442
vt 0.565922 0.650270
vt 0.552845 0.641440
vt 0.552720 0.651468
vt 0.540435 0.641840
vt 0.540815 0.651875
vt 0.529495 0.651095
vt 0.530530 0.641582
vt 0.508780 0.659598
vt 0.520423 0.650360
vt 0.509935 0.650490
vt 0.617362 0.656980
vt 0.621395 0.656292
vt 0.619485 0.647668
vt 0.615737 0.648065
vt 0.574610 0.575617
vt 0.573950 0.568123
vt 0.571828 0.607670
vt 0.580577 0.607607
vt 0.577200 0.590113
vt 0.568263 0.590937
vt 0.585922 0.575628
vt 0.584645 0.567365
vt 0.588050 0.589222
vt 0.590693 0.606625
vt 0.564117 0.620387
vt 0.574003 0.621098
vt 0.550552 0.620680
vt 0.583512 0.631575
vt 0.584405 0.639855
vt 0.593050 0.639902
vt 0.592450 0.631693
vt 0.510920 0.641378
vt 0.521747 0.641450
vt 0.609563 0.648305
vt 0.602533 0.648360
vt 0.601448 0.640153
vt 0.603510 0.657665
vt 0.610730 0.657435
vt 0.594257 0.648178
vt 0.595042 0.657780
vt 0.585415 0.647990
vt 0.576805 0.649013
vt 0.592022 0.621360
vt 0.600887 0.631523
vt 0.599690 0.620687
vt 0.582720 0.621692
vt 0.573225 0.690695
vt 0.563592 0.680955
vt 0.563545 0.690320
vt 0.552872 0.689278
vt 0.537770 0.580045
vt 0.537067 0.572237
vt 0.531428 0.592718
vt 0.522100 0.591908
vt 0.521545 0.607615
vt 0.531232 0.608522
vt 0.538822 0.609033
vt 0.539447 0.592652
vt 0.551885 0.631200
vt 0.585958 0.658053
vt 0.595532 0.668715
vt 0.502630 0.619755
vt 0.501810 0.631603
vt 0.511778 0.631030
vt 0.511685 0.619615
vt 0.521465 0.620090
vt 0.521282 0.631285
vt 0.605740 0.619605
vt 0.612758 0.617423
vt 0.511267 0.606710
vt 0.512462 0.591385
vt 0.531380 0.631380
vt 0.531812 0.620613
vt 0.539563 0.620978
vt 0.540085 0.631458
vt 0.506927 0.683350
vt 0.587263 0.738015
vt 0.588082 0.730662
vt 0.562030 0.729872
vt 0.561848 0.737440
vt 0.554402 0.729930
vt 0.547737 0.737810
vt 0.554838 0.737710
vt 0.546297 0.729985
vt 0.606727 0.733763
vt 0.605878 0.739428
vt 0.615285 0.697165
vt 0.505750 0.688860
vt 0.614480 0.712705
vt 0.524990 0.739535
vt 0.523695 0.731950
vt 0.610987 0.734428
vt 0.612668 0.726003
vt 0.631455 0.682232
vt 0.661965 0.720357
vt 0.664523 0.727440
vt 0.683123 0.696972
vt 0.676090 0.698712
vt 0.685777 0.738290
vt 0.676133 0.736268
vt 0.681127 0.737340
vt 0.669715 0.732983
vt 0.662600 0.712862
vt 0.664783 0.706900
vt 0.669460 0.702332
vt 0.532448 0.536740
vt 0.547077 0.536760
vt 0.535270 0.541945
vt 0.547832 0.551820
vt 0.558945 0.522693
vt 0.555555 0.515950
vt 0.548380 0.512565
vt 0.560337 0.529503
vt 0.561805 0.538080
vt 0.561100 0.546650
vt 0.532945 0.526490
vt 0.539695 0.515983
vt 0.557012 0.551872
vt 0.609870 0.740138
vt 0.623393 0.619907
vt 0.625690 0.611580
vt 0.627465 0.602938
vt 0.629220 0.593985
vt 0.631315 0.585260
vt 0.635103 0.563613
vt 0.504512 0.678137
vt 0.503480 0.669088
vt 0.503665 0.659585
vt 0.503650 0.650215
vt 0.503735 0.641235
vt 0.504235 0.606833
vt 0.505872 0.591558
vt 0.508388 0.577662
vt 0.511585 0.569048
vt 0.744365 0.729106
vt 0.744015 0.725532
vt 0.746540 0.725407
vt 0.746815 0.728857
vt 0.740790 0.728132
vt 0.739590 0.729007
vt 0.740190 0.725532
vt 0.740840 0.725307
vt 0.743265 0.728207
vt 0.743290 0.729657
vt 0.740815 0.729607
vt 0.744090 0.718807
vt 0.746590 0.719056
vt 0.746465 0.722282
vt 0.743990 0.722232
vt 0.740890 0.718931
vt 0.740840 0.722181
vt 0.740165 0.722232
vt 0.740190 0.718831
vt 0.746965 0.715207
vt 0.744515 0.714931
vt 0.740890 0.715806
vt 0.739690 0.714931
vt 0.743340 0.725307
vt 0.740940 0.714332
vt 0.743415 0.714332
vt 0.743365 0.715806
vt 0.743315 0.722157
vt 0.743390 0.718907
vt 0.728790 0.698731
vt 0.726290 0.698856
vt 0.726615 0.702431
vt 0.729065 0.702182
vt 0.723065 0.701456
vt 0.723115 0.698632
vt 0.722440 0.698856
vt 0.721865 0.702331
vt 0.725540 0.701532
vt 0.723065 0.702932
vt 0.725565 0.702981
vt 0.728865 0.692356
vt 0.726365 0.692132
vt 0.726265 0.695531
vt 0.728740 0.695606
vt 0.723115 0.695481
vt 0.723140 0.692257
vt 0.722465 0.692156
vt 0.722415 0.695557
vt 0.729215 0.688532
vt 0.726765 0.688257
vt 0.723140 0.689131
vt 0.721965 0.688257
vt 0.725615 0.698632
vt 0.723190 0.687657
vt 0.725640 0.689131
vt 0.725690 0.687657
vt 0.725590 0.695481
vt 0.725640 0.692207
vt 0.730062 0.737822
vt 0.732562 0.738047
vt 0.732087 0.741597
vt 0.729637 0.741247
vt 0.735687 0.740772
vt 0.735762 0.737947
vt 0.736412 0.738197
vt 0.736837 0.741697
vt 0.733112 0.742197
vt 0.733212 0.740747
vt 0.735612 0.742247
vt 0.730287 0.731447
vt 0.732787 0.731322
vt 0.732737 0.734722
vt 0.730262 0.734697
vt 0.735987 0.731572
vt 0.736687 0.731497
vt 0.736562 0.734897
vt 0.735887 0.734822
vt 0.730062 0.727597
vt 0.732537 0.727447
vt 0.736112 0.728447
vt 0.737337 0.727622
vt 0.733262 0.737847
vt 0.736112 0.726972
vt 0.733637 0.728347
vt 0.733637 0.726872
vt 0.733487 0.731447
vt 0.733412 0.734697
vt 0.724765 0.725832
vt 0.725190 0.729406
vt 0.727640 0.729082
vt 0.727265 0.725657
vt 0.721590 0.728531
vt 0.721565 0.725681
vt 0.720915 0.725932
vt 0.720440 0.729432
vt 0.724090 0.728531
vt 0.721665 0.730007
vt 0.724140 0.729981
vt 0.727140 0.719281
vt 0.724665 0.719106
vt 0.724640 0.722531
vt 0.727115 0.722531
vt 0.721490 0.722556
vt 0.721440 0.719332
vt 0.720740 0.719231
vt 0.720815 0.722632
vt 0.727415 0.715432
vt 0.724965 0.715231
vt 0.721365 0.716182
vt 0.720140 0.715356
vt 0.724065 0.725631
vt 0.721365 0.714732
vt 0.723840 0.716132
vt 0.723865 0.714656
vt 0.723965 0.722481
vt 0.723940 0.719207
vt 0.741115 0.699107
vt 0.738615 0.698882
vt 0.738215 0.702307
vt 0.740640 0.702657
vt 0.744240 0.701832
vt 0.745390 0.702781
vt 0.744965 0.699282
vt 0.744315 0.699006
vt 0.741765 0.701806
vt 0.741690 0.703282
vt 0.744165 0.703306
vt 0.738840 0.692531
vt 0.738815 0.695756
vt 0.741290 0.695807
vt 0.741340 0.692382
vt 0.745240 0.692582
vt 0.744540 0.692657
vt 0.744440 0.695881
vt 0.745115 0.695982
vt 0.738615 0.688681
vt 0.741090 0.688506
vt 0.744665 0.689532
vt 0.745890 0.688707
vt 0.741815 0.698906
vt 0.744690 0.688056
vt 0.742190 0.687957
vt 0.742190 0.689431
vt 0.741965 0.695756
vt 0.742040 0.692506
vn -0.698963 -0.310373 0.644297
vn -0.189595 -0.341685 0.920492
vn 0.031513 -0.114977 0.992868
vn -0.110151 -0.149147 0.982661
vn 0.115151 -0.045343 0.992313
vn 0.084690 -0.129759 0.987922
vn 0.421481 -0.020608 0.906603
vn 0.446256 0.070874 0.892094
vn 0.873772 0.133823 0.467561
vn 0.880991 0.016019 0.472862
vn 0.992621 0.096998 0.072771
vn 0.980293 0.136662 0.142649
vn 0.987540 0.119483 -0.102417
vn 0.988501 0.032607 -0.147657
vn 0.982410 0.052736 -0.179133
vn 0.879498 0.000712 -0.475902
vn 0.861861 -0.016667 -0.506870
vn 0.995698 0.008026 0.092311
vn 0.996419 0.057844 0.061677
vn 0.979438 0.039739 -0.197793
vn 0.972448 0.219430 -0.078717
vn 0.562583 0.826554 0.017555
vn 0.470678 0.863749 -0.180003
vn 0.848355 0.314351 -0.426001
vn 0.525440 -0.135993 -0.839892
vn 0.141518 -0.283916 -0.948348
vn -0.065977 -0.273095 -0.959722
vn 0.383646 -0.160530 -0.909421
vn -0.573358 -0.380767 -0.725450
vn -0.078153 -0.417825 -0.905160
vn 0.272027 -0.062130 -0.960282
vn 0.058687 -0.134748 -0.989141
vn -0.089014 -0.541021 -0.836285
vn 0.005782 -0.166913 -0.985955
vn -0.403167 -0.709956 -0.577425
vn -0.677201 -0.698818 -0.230331
vn -0.954142 -0.236881 -0.183030
vn -0.131139 -0.838359 -0.529110
vn -0.076768 -0.963909 -0.254922
vn 0.062789 0.206374 -0.976456
vn -0.015143 0.210169 -0.977548
vn 0.301843 0.217662 -0.928178
vn -0.051721 -0.908291 0.415129
vn -0.043157 -0.492656 0.869153
vn -0.575090 -0.692049 0.436279
vn -0.002430 -0.166693 0.986006
vn -0.960898 -0.267330 0.072178
vn -0.686999 -0.724440 0.056747
vn 0.853227 0.182562 0.488543
vn 0.177868 -0.057962 0.982346
vn 0.113915 0.739037 0.663964
vn 0.235826 0.751325 0.616358
vn 0.328254 0.014968 0.944471
vn 0.387880 -0.076851 0.918500
vn 0.865241 -0.053145 0.498532
vn 0.587873 -0.009343 -0.808899
vn 0.496418 0.110918 0.860968
vn 0.874639 0.181474 -0.449527
vn 0.596311 0.223399 -0.771042
vn 0.014083 -0.178451 0.983848
vn 0.134756 -0.145277 0.980171
vn 0.221583 -0.040308 0.974308
vn 0.808240 -0.019073 -0.588544
vn 0.282549 0.365989 -0.886689
vn 0.141996 0.892520 -0.428071
vn 0.038768 0.892134 -0.450104
vn 0.059472 0.346515 -0.936157
vn 0.997696 -0.050659 0.045116
vn 0.880029 0.058708 -0.471278
vn 0.909510 0.044015 -0.413346
vn 0.995326 -0.037347 0.089061
vn -0.988945 -0.035831 -0.143892
vn -0.825298 -0.000341 -0.564698
vn -0.783887 -0.055163 -0.618448
vn -0.988071 -0.040851 -0.148482
vn -0.267912 -0.067160 -0.961100
vn -0.396883 0.039198 -0.917032
vn -0.994292 -0.084698 0.064876
vn -0.985434 -0.112237 0.127757
vn -0.996841 -0.073920 0.029032
vn 0.224472 -0.067214 -0.972160
vn 0.110513 0.033029 -0.993326
vn 0.710013 -0.054388 -0.702085
vn 0.615124 0.000234 -0.788430
vn 0.943110 -0.026352 -0.331435
vn 0.551811 0.057798 -0.831964
vn 0.913497 0.021054 -0.406301
vn -0.844011 -0.012226 -0.536186
vn -0.462137 0.039837 -0.885913
vn -0.985010 -0.042917 -0.167073
vn -0.984441 -0.059663 0.165276
vn -0.999148 -0.037923 0.016286
vn -0.840956 -0.140886 0.522441
vn -0.843281 -0.145130 0.517508
vn -0.299945 -0.116750 0.946785
vn -0.243519 -0.067694 0.967531
vn 0.371992 -0.094644 0.923398
vn 0.360817 -0.062614 0.930532
vn -0.820405 -0.078199 0.566410
vn -0.333322 -0.188052 0.923868
vn 0.332803 -0.130056 0.933985
vn 0.833279 -0.055997 0.550010
vn 0.822483 -0.056874 0.565939
vn 0.555039 -0.829725 -0.059056
vn 0.551717 -0.799090 0.238880
vn 0.943923 -0.213622 0.251743
vn 0.937533 -0.224462 -0.265797
vn 0.360258 -0.780972 0.510192
vn 0.647101 -0.205048 0.734313
vn 0.755983 -0.031758 0.653821
vn 0.990255 -0.026172 0.136785
vn 0.969928 -0.136256 0.201677
vn 0.690165 -0.141901 0.709603
vn -0.863218 -0.117740 -0.490910
vn -0.991825 -0.073018 -0.104647
vn -0.592469 -0.802842 0.066524
vn -0.494296 -0.848356 -0.189642
vn -0.304015 -0.860896 -0.407961
vn -0.462047 -0.145264 -0.874878
vn -0.994772 0.022445 -0.099621
vn -0.993326 0.043336 -0.106892
vn -0.864914 0.021666 -0.501452
vn -0.855739 0.012235 -0.517263
vn -0.987070 0.000859 0.160285
vn -0.988301 0.039066 0.147428
vn -0.987675 -0.060718 0.144262
vn -0.589978 -0.781475 0.203033
vn -0.392031 -0.021941 -0.919690
vn -0.398531 -0.020837 -0.916918
vn -0.992591 -0.041489 -0.114199
vn -0.997775 0.024525 -0.061995
vn -0.898192 0.127049 -0.420843
vn -0.872432 0.066614 -0.484175
vn -0.998424 -0.054800 -0.012101
vn -0.989797 -0.072119 0.122881
vn -0.988170 0.005390 0.153270
vn -0.863012 -0.040484 0.503559
vn -0.505783 -0.760154 0.407860
vn -0.515284 -0.037055 0.856218
vn -0.350477 -0.702356 0.619566
vn -0.303141 -0.170911 0.937494
vn 0.310622 -0.179484 0.933434
vn -0.831632 -0.087552 0.548383
vn 0.795992 -0.097101 0.597468
vn 0.998273 0.026484 0.052434
vn 0.995617 -0.018811 0.091612
vn 0.876489 0.098487 -0.471241
vn 0.836556 -0.126973 0.532965
vn 0.794590 -0.082679 0.601491
vn 0.999364 0.007100 0.034933
vn 0.323291 -0.108576 0.940050
vn 0.362221 -0.145468 0.920671
vn -0.354335 -0.156311 0.921962
vn -0.286004 -0.127450 0.949715
vn -0.988038 -0.037169 0.149664
vn -0.989775 -0.080856 0.117506
vn -0.832351 -0.127776 0.539319
vn -0.998810 -0.046839 -0.013612
vn -0.999449 -0.028671 -0.016744
vn 0.612947 -0.185570 -0.768023
vn 0.411091 -0.842164 -0.348947
vn 0.940014 -0.023750 -0.340308
vn 0.586903 -0.041373 -0.808599
vn 0.574811 -0.106712 -0.811298
vn 0.946869 -0.121198 -0.297910
vn 0.094174 -0.135642 -0.986272
vn 0.043756 -0.868124 -0.494415
vn 0.092662 -0.061260 -0.993811
vn 0.076434 -0.050239 -0.995808
vn 0.993432 -0.000423 0.114427
vn 0.929443 0.015237 -0.368651
vn 0.818907 -0.036712 0.572750
vn 0.513168 0.134425 -0.847696
vn 0.464014 0.140060 -0.874685
vn -0.024845 0.183301 -0.982743
vn 0.040716 0.217316 -0.975252
vn -0.848645 -0.138778 0.510434
vn -0.985048 0.005999 -0.172179
vn -0.838132 0.079450 -0.539651
vn -0.468697 0.180404 -0.864741
vn -0.468991 0.120424 -0.874954
vn -0.478412 0.080017 -0.874482
vn -0.843676 0.042771 -0.535146
vn -0.007752 0.088626 -0.996035
vn -0.030613 0.142074 -0.989383
vn 0.460911 0.151489 -0.874421
vn 0.858958 0.102654 -0.501651
vn -0.457448 0.237097 -0.857045
vn -0.425019 0.116581 -0.897646
vn 0.082218 0.111446 -0.990364
vn 0.578559 0.071994 -0.812457
vn 0.968835 -0.010829 -0.247468
vn 0.989469 -0.053177 0.134621
vn 0.991097 -0.033677 0.128813
vn 0.845629 -0.100922 0.524144
vn -0.039900 -0.743985 0.667004
vn 0.020031 -0.116975 0.992933
vn -0.875751 0.014001 0.482561
vn -0.883180 -0.034082 0.467795
vn -0.449944 -0.074566 0.889938
vn -0.497039 -0.059481 0.865687
vn 0.250610 -0.061267 0.966147
vn 0.103212 -0.109735 0.988588
vn 0.854912 -0.117482 0.505295
vn 0.499428 0.097692 -0.860830
vn 0.030498 0.062637 -0.997570
vn -0.994735 0.068157 -0.076533
vn -0.984785 0.030764 0.171034
vn -0.860050 -0.076110 0.504501
vn -0.870116 -0.022568 0.492331
vn -0.878340 0.096286 -0.468238
vn -0.405959 -0.174877 0.897004
vn -0.411037 -0.092502 0.906913
vn 0.355151 -0.105020 0.928891
vn 0.384000 -0.197497 0.901964
vn -0.981534 -0.004557 -0.191233
vn 0.311168 0.886941 -0.341335
vn 0.581299 0.368509 -0.725460
vn 0.964777 0.168901 0.201685
vn 0.572504 0.797800 0.189091
vn 0.841341 0.152521 0.518539
vn 0.490398 0.795264 0.356461
vn 0.556251 0.106203 0.824200
vn 0.345801 0.780064 0.521461
vn 0.002406 0.880372 -0.474278
vn -0.011267 0.315359 -0.948906
vn -0.086039 -0.619005 -0.780660
vn -0.026846 -0.998854 0.039620
vn -0.010106 -0.182068 -0.983234
vn 0.015815 -0.073874 0.997142
vn 0.002564 0.739676 0.672958
vn -0.034596 0.299203 -0.953562
vn -0.004598 0.226344 -0.974037
vn 0.000730 0.994810 0.101745
vn -0.020217 0.867643 -0.496776
vn -0.005338 -0.988395 0.151809
vn -0.025210 -0.114638 0.993087
vn 0.154116 -0.392065 0.906936
vn 0.682113 -0.396966 0.614118
vn 0.154993 -0.172964 0.972656
vn -0.140288 -0.058733 0.988367
vn -0.080618 -0.150780 0.985275
vn -0.879872 0.139652 0.454227
vn -0.487504 0.063898 0.870780
vn -0.457870 0.011649 0.888943
vn -0.885257 0.066448 0.460331
vn -0.981531 0.140848 -0.129453
vn -0.986802 0.113691 0.115312
vn -0.987564 0.135057 0.080477
vn -0.985869 0.108845 -0.127338
vn -0.985117 0.082061 -0.151034
vn -0.850890 -0.005244 -0.525318
vn -0.871224 0.107808 -0.478902
vn -0.991172 0.112601 0.069992
vn -0.996571 -0.020758 0.080102
vn -0.983304 -0.004682 -0.181908
vn -0.485521 0.851772 -0.196860
vn -0.576510 0.816488 -0.031381
vn -0.968261 0.203292 -0.145404
vn -0.849845 0.304826 -0.429935
vn 0.158273 -0.214890 -0.963728
vn -0.101552 -0.313458 -0.944156
vn -0.452437 -0.137216 -0.881177
vn -0.307497 -0.128002 -0.942900
vn 0.630832 -0.318374 -0.707594
vn 0.118027 -0.465143 -0.877332
vn -0.058230 -0.174423 -0.982948
vn -0.265990 -0.094549 -0.959328
vn 0.043221 -0.584713 -0.810088
vn -0.003236 -0.192045 -0.981381
vn 0.638574 -0.727387 -0.251262
vn 0.332175 -0.721181 -0.607913
vn 0.957178 -0.228470 -0.177797
vn -0.051033 0.253296 -0.966042
vn 0.011459 0.245197 -0.969406
vn -0.287692 0.265143 -0.920289
vn 0.447917 -0.779205 0.438417
vn 0.613068 -0.787405 0.064350
vn 0.931118 -0.352445 0.093821
vn -0.858689 0.134611 0.494502
vn -0.226898 0.767570 0.599461
vn -0.100972 0.750794 0.652773
vn -0.150420 -0.047194 0.987495
vn -0.333211 0.024981 0.942521
vn -0.400120 -0.074648 0.913418
vn -0.866262 -0.057043 0.496322
vn -0.558570 0.038123 -0.828581
vn -0.517973 0.062792 0.853089
vn -0.869464 0.236183 -0.433878
vn -0.602486 0.286527 -0.744925
vn -0.112797 -0.164214 0.979954
vn -0.247707 -0.079786 0.965544
vn -0.802285 -0.051276 -0.594735
vn -0.043379 0.885597 -0.462424
vn -0.157902 0.893564 -0.420250
vn -0.280047 0.398444 -0.873393
vn -0.060035 0.360919 -0.930663
vn -0.864161 0.044682 -0.501227
vn -0.860006 0.030016 -0.509400
vn -0.999646 -0.024964 -0.009182
vn -0.999936 -0.008224 0.007773
vn 0.789041 -0.085334 -0.608385
vn 0.827212 -0.060936 -0.558575
vn 0.984071 -0.090724 -0.152881
vn 0.986231 -0.079440 -0.145042
vn 0.355698 -0.065303 -0.932317
vn 0.460151 -0.006684 -0.887815
vn 0.997783 -0.065122 0.013729
vn 0.992107 -0.095095 0.081729
vn -0.144416 -0.021578 -0.989282
vn -0.036341 0.011632 -0.999272
vn -0.710798 0.001043 -0.703395
vn -0.591651 0.019395 -0.805961
vn -0.511713 0.027493 -0.858716
vn -0.956880 0.039351 -0.287806
vn -0.919001 0.010536 -0.394115
vn 0.514447 0.028946 -0.857034
vn 0.865343 -0.036371 -0.499858
vn 0.980220 -0.088223 -0.177160
vn 0.996741 -0.067658 -0.043939
vn 0.992378 -0.062387 0.106273
vn 0.990339 -0.058153 0.125881
vn 0.870839 -0.115099 0.477903
vn 0.883856 -0.108217 0.455068
vn -0.342859 -0.041264 0.938480
vn 0.340315 -0.072770 0.937491
vn 0.416479 -0.098605 0.903782
vn -0.307982 -0.031222 0.950880
vn 0.867295 -0.109640 0.485571
vn 0.412836 -0.185178 0.891782
vn -0.270239 -0.144091 0.951950
vn -0.796781 -0.055958 0.601671
vn -0.817250 -0.002405 0.576278
vn -0.509307 -0.860380 0.018804
vn -0.951155 -0.224177 -0.212245
vn -0.930694 -0.223552 0.289540
vn -0.495184 -0.819911 0.287297
vn -0.684889 -0.159013 0.711085
vn -0.382319 -0.772902 0.506414
vn -0.956859 -0.131330 0.259177
vn -0.983025 -0.073035 0.168307
vn -0.725931 -0.102736 0.680052
vn -0.681341 -0.109504 0.723729
vn 0.861433 -0.071765 -0.502775
vn 0.580602 -0.796905 -0.166863
vn 0.632247 -0.774703 0.009926
vn 0.977679 -0.046661 -0.204857
vn 0.507230 -0.100885 -0.855886
vn 0.378995 -0.837720 -0.393176
vn 0.851318 0.002112 -0.524645
vn 0.980645 0.034589 -0.192716
vn 0.990714 0.018297 -0.134727
vn 0.831197 0.013547 -0.555813
vn 0.360399 -0.007079 -0.932771
vn 0.410438 -0.021843 -0.911627
vn 0.879580 0.126121 -0.458728
vn 0.991693 0.059724 -0.113921
vn 0.990077 0.016451 -0.139556
vn 0.874732 0.099297 -0.474325
vn 0.997804 0.006647 -0.065895
vn 0.613509 -0.770705 0.172104
vn 0.513104 -0.751416 0.414847
vn 0.823008 -0.031859 0.567136
vn 0.991786 -0.046955 0.118978
vn 0.293301 -0.712850 0.637039
vn 0.399966 -0.003351 0.916524
vn 0.370978 -0.172758 0.912431
vn -0.263463 -0.201925 0.943299
vn 0.861963 -0.101072 0.496794
vn -0.803310 -0.119891 0.583369
vn -0.999136 -0.015075 0.038733
vn -0.993522 -0.012160 0.112988
vn -0.883724 0.042280 -0.466094
vn -0.836917 -0.123038 0.533321
vn -0.853095 -0.108914 0.510262
vn -0.999973 0.005695 -0.004634
vn -0.309188 -0.180524 0.933710
vn -0.337642 -0.158792 0.927784
vn 0.331641 -0.159407 0.929841
vn 0.327699 -0.142204 0.934019
vn 0.993274 -0.060412 0.098776
vn 0.996138 -0.045144 0.075302
vn 0.855798 -0.091766 0.509107
vn 0.980073 0.030589 -0.196268
vn 0.996711 -0.008320 -0.080614
vn 0.994833 -0.039339 -0.093595
vn 0.978726 -0.028725 -0.203152
vn -0.364899 -0.875975 -0.315463
vn -0.647665 -0.161557 -0.744600
vn -0.576583 -0.093545 -0.811666
vn -0.520804 -0.058096 -0.851697
vn -0.907138 -0.060818 -0.416415
vn -0.946871 -0.130751 -0.293837
vn -0.096126 -0.108084 -0.989484
vn 0.001852 -0.865383 -0.501108
vn -0.112538 -0.046539 -0.992557
vn -0.083260 -0.039075 -0.995762
vn -0.876573 0.057164 -0.477863
vn -0.997181 -0.025887 0.070430
vn -0.774798 -0.126657 0.619392
vn -0.478298 0.094769 -0.873069
vn -0.440181 0.073262 -0.894915
vn -0.047699 0.160972 -0.985806
vn 0.010810 0.113466 -0.993483
vn 0.997073 -0.006736 0.076156
vn 0.845156 -0.101508 0.524792
vn 0.873962 0.079276 -0.479485
vn 0.474579 0.146636 -0.867913
vn 0.526789 0.113873 -0.842334
vn 0.881965 0.000584 -0.471314
vn 0.538735 0.054980 -0.840679
vn 0.016952 0.085749 -0.996173
vn 0.029658 0.129340 -0.991157
vn -0.458403 0.148310 -0.876283
vn -0.862371 0.107901 -0.494645
vn -0.073376 0.115026 -0.990649
vn 0.392595 0.128706 -0.910661
vn 0.429601 0.191958 -0.882380
vn -0.512589 0.095149 -0.853346
vn -0.989553 0.022377 0.142424
vn -0.977934 -0.000092 -0.208916
vn -0.992929 -0.035609 0.113242
vn -0.843174 -0.055405 0.534778
vn -0.070853 -0.727430 0.682514
vn -0.157681 -0.043090 0.986549
vn 0.390083 -0.095300 0.915835
vn 0.850177 -0.022778 0.526005
vn 0.839582 0.022539 0.542766
vn 0.387824 -0.038400 0.920933
vn -0.239799 -0.125142 0.962723
vn -0.173491 -0.078632 0.981691
vn -0.826594 -0.109267 0.552089
vn -0.486876 0.085814 -0.869246
vn 0.003890 0.035338 -0.999368
vn 0.992606 0.016588 0.120241
vn 0.990049 0.073277 -0.120137
vn 0.987071 0.009817 0.159981
vn 0.834721 -0.105790 0.540417
vn 0.838501 -0.053428 0.542274
vn 0.852681 0.115234 -0.509566
vn 0.990101 0.013852 0.139675
vn 0.993495 0.049146 0.102729
vn 0.368929 -0.185466 0.910766
vn 0.385075 -0.128160 0.913943
vn -0.288579 -0.172460 0.941796
vn -0.320710 -0.185599 0.928815
vn -0.598310 0.386496 -0.701888
vn -0.329411 0.882558 -0.335528
vn -0.977821 0.144345 0.151760
vn -0.583586 0.796522 0.158052
vn -0.832632 0.133159 0.537580
vn -0.550696 0.101617 0.828497
vn -0.480664 0.791386 0.377717
vn -0.333766 0.781477 0.527156
vn -0.022854 0.871795 -0.489338
vn -0.032907 0.320401 -0.946710
vn 0.061053 -0.984527 0.164253
vn 0.900348 -0.343909 -0.266646
vn 0.966750 0.196111 -0.164119
vn -0.347190 0.560420 -0.751923
vn -0.371168 -0.100786 -0.923080
vn -0.586053 0.767244 0.260535
vn -0.896618 0.317261 0.308904
vn 0.274155 0.658129 0.701217
vn -0.346213 0.303123 -0.887836
vn 0.964565 0.141573 -0.222648
vn 0.967318 -0.099194 -0.233357
vn -0.370433 0.119622 -0.921124
vn -0.940113 -0.133773 0.313515
vn -0.926507 0.074782 0.368770
vn -0.466862 -0.372586 -0.802010
vn 0.871543 -0.455542 -0.181369
vn -0.741087 -0.635170 0.217598
vn 0.321231 0.078242 0.943763
vn 0.121359 -0.751008 0.649045
vn 0.264670 -0.277308 0.923607
vn 0.232501 -0.116254 0.965623
vn -0.937618 -0.247496 -0.244167
vn 0.466644 -0.081576 -0.880675
vn 0.246220 0.502279 -0.828910
vn -0.918419 0.317382 -0.236168
vn 0.528356 0.818008 0.227383
vn 0.854647 0.286992 0.432683
vn -0.361905 0.716034 0.596926
vn 0.370982 0.264719 -0.890110
vn 0.427970 0.131710 -0.894145
vn -0.950474 -0.118677 -0.287254
vn -0.956792 0.071138 -0.281939
vn 0.924849 -0.060047 0.375564
vn 0.881126 0.090524 0.464137
vn 0.469622 -0.392944 -0.790601
vn -0.855661 -0.465202 -0.226785
vn 0.762707 -0.592161 0.260044
vn -0.331837 0.140106 0.932874
vn -0.139882 -0.716300 0.683628
vn -0.301551 -0.121523 0.945674
vn -0.313988 -0.231668 0.920729
vn -0.242831 -0.476084 0.845208
vn -0.828186 -0.252186 -0.500510
vn -0.899030 0.317286 -0.301788
vn -0.372306 -0.017491 0.927945
vn 0.030160 0.909621 -0.414343
vn 0.305616 0.477960 -0.823501
vn 0.374701 0.768894 0.518074
vn -0.909917 0.174405 -0.376342
vn -0.909009 -0.016156 -0.416464
vn -0.315392 -0.155017 0.936215
vn -0.345314 0.034853 0.937840
vn 0.376340 -0.017593 -0.926315
vn 0.397736 0.183463 -0.898970
vn -0.687557 -0.397874 -0.607422
vn -0.041772 -0.576540 0.816000
vn 0.441522 -0.497921 -0.746414
vn 0.862913 0.277677 0.422229
vn 0.803771 -0.580364 0.130879
vn 0.939354 0.055070 0.338497
vn 0.920940 -0.153801 0.358072
vn 0.719476 -0.446498 0.531971
vn -0.702599 -0.458216 0.544420
vn -0.823318 0.206509 0.528679
vn 0.826196 0.263118 0.498167
vn -0.474457 0.808043 -0.349225
vn -0.715462 0.444323 -0.539157
vn 0.460237 0.810233 -0.362913
vn -0.704377 0.047842 0.708212
vn -0.715443 -0.224986 0.661455
vn 0.726161 -0.222621 0.650485
vn 0.720102 0.052115 0.691908
vn -0.714477 0.000547 -0.699658
vn -0.721869 0.229954 -0.652707
vn -0.711138 -0.523974 0.468758
vn 0.721940 -0.534797 0.439085
vn -0.509304 -0.536116 -0.673194
vn 0.698714 0.456058 -0.551189
vn 0.505738 -0.522775 -0.686248
vn 0.708409 0.232936 -0.666256
vn 0.699873 0.002825 -0.714262
vn 0.252809 -0.524822 0.812803
vn 0.319951 0.015241 0.947312
vn 0.862721 0.295134 -0.410619
vn 0.828212 -0.294759 -0.476636
vn -0.069829 0.876108 -0.477032
vn -0.279884 0.489922 -0.825616
vn -0.485601 0.765321 0.422463
vn 0.899230 0.096793 -0.426635
vn 0.401191 -0.071156 0.913226
vn 0.346632 -0.268246 0.898827
vn 0.889210 -0.077247 -0.450930
vn -0.425443 0.074037 -0.901952
vn -0.409438 0.238895 -0.880505
vn 0.665425 -0.435101 -0.606545
vn 0.150401 -0.678918 0.718644
vn -0.469416 -0.428874 -0.771826
vn -0.852021 0.263555 0.452326
vn -0.833518 -0.529037 0.159271
vn -0.914875 -0.089346 0.393726
vn -0.919557 0.062876 0.387894

usemtl PackedMaterial0
f 2388/3717/3182 2387/3718/3181 2386/3719/3180 2385/3720/3179
f 2390/3721/3184 2386/3719/3180 2387/3718/3181 2389/3722/3183
f 2394/3723/3188 2393/3724/3187 2392/3725/3186 2391/3726/3185
f 2397/3727/3191 2396/3728/3190 2395/3729/3189 2398/3730/3192
f 2401/3731/3195 2400/3732/3194 2398/3730/3192 2399/3733/3193
f 2404/3734/3198 2399/3733/3193 2403/3735/3197 2402/3736/3196
f 2407/3737/3201 2406/3738/3200 2405/3739/3199 2408/3740/3202
f 2412/3741/3206 2411/3742/3205 2410/3743/3204 2409/3744/3203
f 2414/3745/3208 2410/3743/3204 2411/3742/3205 2413/3746/3207
f 2410/3743/3204 2414/3745/3208 2416/3747/3210 2415/3748/3209
f 2418/3749/3212 2416/3747/3210 2414/3745/3208 2417/3750/3211
f 2421/3751/3215 2420/3752/3214 2419/3753/3213 2413/3746/3207
f 2417/3750/3211 2414/3745/3208 2413/3746/3207 2419/3753/3213
f 2420/3752/3214 2423/3754/3217 2422/3755/3216 2419/3753/3213
f 2416/3747/3210 2418/3749/3212 2425/3756/3219 2424/3757/3218
f 2415/3748/3209 2416/3747/3210 2424/3757/3218 2426/3758/3220
f 2429/3759/3223 2386/3719/3180 2428/3760/3222 2427/3761/3221
f 2430/3762/3224 2428/3760/3222 2386/3719/3180 2390/3721/3184
f 2429/3759/3223 2432/3763/3226 2431/3764/3225 2385/3720/3179
f 2433/3765/3227 2393/3724/3187 2395/3729/3189 2396/3728/3190
f 2437/3766/3231 2436/3767/3230 2435/3768/3229 2434/3769/3228
f 2387/3718/3181 2388/3717/3182 2438/3770/3232 2391/3726/3185
f 2391/3726/3185 2438/3770/3232 2439/3771/3233 2394/3723/3188
f 2401/3731/3195 2409/3744/3203 2440/3772/3234 2400/3732/3194
f 2409/3744/3203 2410/3743/3204 2415/3748/3209 2440/3772/3234
f 2421/3751/3215 2431/3773/3225 2432/3774/3226 2420/3752/3214
f 2385/3720/3179 2386/3719/3180 2429/3759/3223
f 2441/3775/3235 2392/3725/3186 2393/3724/3187 2433/3765/3227
f 2443/3776/3237 2442/3777/3236 2400/3732/3194 2440/3772/3234
f 2391/3726/3185 2392/3725/3186 2389/3722/3183 2387/3718/3181
f 2390/3721/3184 2445/3778/3239 2444/3779/3238 2430/3762/3224
f 2393/3724/3187 2394/3723/3188 2403/3735/3197 2395/3729/3189
f 2402/3736/3196 2403/3735/3197 2394/3723/3188 2439/3771/3233
f 2392/3725/3186 2441/3775/3235 2446/3780/3240 2389/3722/3183
f 2389/3722/3183 2446/3780/3240 2445/3778/3239 2390/3721/3184
f 2409/3744/3203 2401/3731/3195 2447/3781/3241 2412/3741/3206
f 2401/3731/3195 2399/3733/3193 2404/3734/3198 2447/3781/3241
f 2451/3782/3245 2450/3783/3244 2449/3784/3243 2448/3785/3242
f 2426/3758/3220 2443/3776/3237 2440/3772/3234 2415/3748/3209
f 2442/3777/3236 2397/3727/3191 2398/3730/3192 2400/3732/3194
f 2399/3733/3193 2398/3730/3192 2395/3729/3189 2403/3735/3197
f 2454/3786/3248 2453/3787/3247 2452/3788/3246 2455/3789/3249
f 2459/3790/3253 2458/3791/3252 2457/3792/3251 2456/3793/3250
f 2461/3794/3255 2457/3792/3251 2458/3791/3252 2460/3795/3254
f 2464/3796/3258 2463/3797/3257 2462/3798/3256
f 2411/3742/3205 2412/3741/3206 2465/3799/3259 2460/3795/3254
f 2460/3795/3254 2465/3799/3259 2466/3800/3260 2461/3794/3255
f 2468/3801/3262 2466/3800/3260 2465/3799/3259 2467/3802/3261
f 2471/3803/3265 2470/3804/3264 2468/3801/3262 2469/3805/3263
f 2457/3792/3251 2461/3794/3255 2473/3806/3267 2472/3807/3266
f 2456/3793/3250 2457/3792/3251 2472/3807/3266 2474/3808/3268
f 2476/3809/3270 2475/3810/3269 2463/3797/3257 2464/3796/3258
f 2463/3797/3257 2475/3810/3269 2477/3811/3271 2478/3812/3272
f 2482/3813/3276 2481/3814/3275 2480/3815/3274 2479/3816/3273
f 2479/3816/3273 2480/3815/3274 2483/3817/3277 2478/3812/3272
f 2485/3818/3279 2482/3813/3276 2479/3816/3273 2484/3819/3278
f 2482/3813/3276 2485/3818/3279 2487/3820/3281 2486/3821/3280
f 2478/3812/3272 2477/3811/3271 2484/3819/3278 2479/3816/3273
f 2491/3822/3285 2490/3823/3284 2489/3824/3283 2488/3825/3282
f 2490/3823/3284 2493/3826/3287 2492/3827/3286 2489/3824/3283
f 2496/3828/3290 2495/3829/3289 2494/3830/3288 2497/3831/3291
f 2501/3832/3295 2500/3833/3294 2499/3834/3293 2498/3835/3292
f 2498/3835/3292 2503/3836/3297 2502/3837/3296 2501/3832/3295
f 2506/3838/3300 2505/3839/3299 2504/3840/3298 2507/3841/3301
f 2508/3842/3302 2504/3843/3298 2505/3844/3299 2509/3845/3303
f 2500/3846/3294 2511/3847/3305 2510/3848/3304 2499/3849/3293
f 2507/3841/3301 2512/3850/3306 2513/3851/3307 2506/3838/3300
f 2517/3852/3311 2516/3853/3310 2515/3854/3309 2514/3855/3308
f 2519/3856/3313 2518/3857/3312 2515/3858/3309 2520/3859/3314
f 2522/3860/3316 2521/3861/3315 2510/3848/3304 2511/3847/3305
f 2521/3861/3315 2522/3860/3316 2524/3862/3318 2523/3863/3317
f 2526/3864/3320 2485/3818/3279 2484/3819/3278 2525/3865/3319
f 2525/3865/3319 2484/3819/3278 2477/3811/3271 2527/3866/3321
f 2485/3818/3279 2526/3864/3320 2528/3867/3322 2487/3820/3281
f 2530/3868/3324 2487/3820/3281 2528/3867/3322 2529/3869/3323
f 2471/3803/3265 2530/3868/3324 2529/3869/3323 2531/3870/3325
f 2534/3871/3328 2533/3872/3327 2532/3873/3326 2452/3788/3246
f 2533/3872/3327 2535/3874/3329 2536/3875/3330 2532/3873/3326
f 2538/3876/3332 2537/3877/3331 2536/3875/3330 2535/3874/3329
f 2526/3864/3320 2535/3874/3329 2533/3872/3327 2528/3867/3322
f 2525/3865/3319 2538/3876/3332 2535/3874/3329 2526/3864/3320
f 2539/3878/3333 2527/3866/3321 2477/3811/3271 2475/3810/3269
f 2527/3866/3321 2539/3878/3333 2540/3879/3334 2541/3880/3335
f 2543/3881/3337 2542/3882/3336 2540/3879/3334 2539/3878/3333
f 2544/3883/3338 2491/3822/3285 2488/3825/3282 2545/3884/3339
f 2548/3885/3342 2547/3886/3341 2546/3887/3340 2549/3888/3343
f 2549/3888/3343 2546/3887/3340 2495/3829/3289 2496/3828/3290
f 2545/3884/3339 2551/3889/3345 2550/3890/3344 2544/3883/3338
f 2547/3886/3341 2548/3885/3342 2552/3891/3346 2553/3892/3347
f 2546/3887/3340 2555/3893/3349 2554/3894/3348 2495/3829/3289
f 2495/3829/3289 2554/3894/3348 2556/3895/3350 2494/3830/3288
f 2453/3787/3247 2454/3786/3248 2557/3896/3351 2558/3897/3352
f 2560/3898/3354 2559/3899/3353 2558/3897/3352 2557/3896/3351
f 2513/3851/3307 2512/3850/3306 2553/3892/3347 2552/3891/3346
f 2540/3879/3334 2542/3882/3336 2518/3857/3312 2519/3856/3313
f 2540/3879/3334 2519/3856/3313 2561/3900/3355 2541/3880/3335
f 2563/3901/3357 2517/3852/3311 2514/3855/3308 2562/3902/3356
f 2517/3852/3311 2563/3901/3357 2565/3903/3359 2564/3904/3358
f 2566/3905/3360 2565/3903/3359 2563/3901/3357 2567/3906/3361
f 2565/3903/3359 2566/3905/3360 2568/3907/3362 2569/3908/3363
f 2559/3899/3353 2569/3908/3363 2570/3909/3364 2558/3897/3352
f 2453/3787/3247 2558/3897/3352 2570/3909/3364 2571/3910/3365
f 2560/3898/3354 2574/3911/3368 2573/3912/3367 2572/3913/3366
f 2557/3896/3351 2575/3914/3369 2574/3911/3368 2560/3898/3354
f 2541/3880/3335 2561/3900/3355 2537/3877/3331 2538/3876/3332
f 2577/3915/3371 2469/3805/3263 2576/3916/3370 2578/3917/3372
f 2577/3915/3371 2578/3917/3372 2579/3918/3373 2486/3821/3280
f 2530/3868/3324 2577/3915/3371 2486/3821/3280 2487/3820/3281
f 2523/3863/3317 2524/3862/3318 2580/3919/3374 2581/3920/3375
f 2580/3919/3374 2492/3827/3286 2493/3826/3287 2581/3920/3375
f 2585/3921/3379 2584/3922/3378 2583/3923/3377 2582/3924/3376
f 2584/3922/3378 2585/3921/3379 2587/3925/3381 2586/3926/3380
f 2452/3788/3246 2453/3787/3247 2571/3910/3365 2534/3871/3328
f 2452/3788/3246 2532/3873/3326 2588/3927/3382 2455/3789/3249
f 2531/3870/3325 2589/3928/3383 2470/3804/3264 2471/3803/3265
f 2568/3907/3362 2566/3905/3360 2473/3806/3267 2590/3929/3384
f 2566/3905/3360 2567/3906/3361 2472/3807/3266 2473/3806/3267
f 2520/3859/3314 2515/3858/3309 2591/3930/3385 2592/3931/3386
f 2594/3932/3388 2593/3933/3387 2520/3859/3314 2592/3931/3386
f 2592/3931/3386 2591/3930/3385 2504/3843/3298 2508/3842/3302
f 2583/3923/3377 2508/3842/3302 2509/3845/3303 2582/3924/3376
f 2534/3871/3328 2529/3869/3323 2528/3867/3322 2533/3872/3327
f 2538/3876/3332 2525/3865/3319 2527/3866/3321 2541/3880/3335
f 2547/3886/3341 2575/3914/3369 2555/3893/3349 2546/3887/3340
f 2575/3914/3369 2557/3896/3351 2454/3786/3248 2555/3893/3349
f 2553/3892/3347 2574/3911/3368 2575/3914/3369 2547/3886/3341
f 2570/3909/3364 2569/3908/3363 2568/3907/3362 2589/3928/3383
f 2569/3908/3363 2559/3899/3353 2564/3904/3358 2565/3903/3359
f 2512/3850/3306 2507/3841/3301 2595/3934/3389 2573/3912/3367
f 2559/3899/3353 2560/3898/3354 2572/3913/3366 2564/3904/3358
f 2593/3933/3387 2561/3900/3355 2519/3856/3313 2520/3859/3314
f 2596/3935/3390 2537/3877/3331 2561/3900/3355 2593/3933/3387
f 2597/3936/3391 2596/3935/3390 2593/3933/3387 2594/3932/3388
f 2469/3805/3263 2577/3915/3371 2530/3868/3324 2471/3803/3265
f 2402/3736/3196 2578/3917/3372 2576/3916/3370 2404/3734/3198
f 2597/3936/3391 2584/3922/3378 2586/3926/3380 2598/3937/3392
f 2494/3830/3288 2556/3895/3350 2598/3937/3392 2586/3926/3380
f 2596/3935/3390 2597/3936/3391 2598/3937/3392 2599/3938/3393
f 2598/3937/3392 2556/3895/3350 2588/3927/3382 2599/3938/3393
f 2571/3910/3365 2570/3909/3364 2589/3928/3383 2531/3870/3325
f 2534/3871/3328 2571/3910/3365 2531/3870/3325 2529/3869/3323
f 2532/3873/3326 2536/3875/3330 2599/3938/3393 2588/3927/3382
f 2589/3928/3383 2568/3907/3362 2590/3929/3384 2470/3804/3264
f 2388/3717/3182 2480/3815/3274 2481/3814/3275 2438/3770/3232
f 2431/3773/3225 2421/3751/3215 2459/3790/3253 2462/3939/3256
f 2470/3804/3264 2590/3929/3384 2466/3800/3260 2468/3801/3262
f 2438/3770/3232 2481/3814/3275 2579/3918/3373 2439/3771/3233
f 2586/3926/3380 2587/3925/3381 2497/3831/3291 2494/3830/3288
f 2590/3929/3384 2473/3806/3267 2461/3794/3255 2466/3800/3260
f 2543/3881/3337 2539/3878/3333 2475/3810/3269 2476/3809/3270
f 2463/3797/3257 2478/3812/3272 2483/3817/3277 2462/3798/3256
f 2550/3890/3344 2551/3889/3345 2502/3837/3296 2503/3836/3297
f 2567/3906/3361 2563/3901/3357 2562/3902/3356 2600/3940/3394
f 2512/3850/3306 2573/3912/3367 2574/3911/3368 2553/3892/3347
f 2564/3904/3358 2572/3913/3366 2516/3853/3310 2517/3852/3311
f 2588/3927/3382 2556/3895/3350 2554/3894/3348 2455/3789/3249
f 2599/3938/3393 2536/3875/3330 2537/3877/3331 2596/3935/3390
f 2567/3906/3361 2600/3940/3394 2474/3808/3268 2472/3807/3266
f 2578/3917/3372 2402/3736/3196 2439/3771/3233 2579/3918/3373
f 2431/3764/3225 2462/3798/3256 2483/3817/3277 2385/3720/3179
f 2480/3815/3274 2388/3717/3182 2385/3720/3179 2483/3817/3277
f 2486/3821/3280 2579/3918/3373 2481/3814/3275 2482/3813/3276
f 2467/3802/3261 2576/3916/3370 2469/3805/3263 2468/3801/3262
f 2555/3893/3349 2454/3786/3248 2455/3789/3249 2554/3894/3348
f 2572/3913/3366 2573/3912/3367 2595/3934/3389 2516/3853/3310
f 2592/3931/3386 2508/3842/3302 2583/3923/3377 2594/3932/3388
f 2584/3922/3378 2597/3936/3391 2594/3932/3388 2583/3923/3377
f 2412/3741/3206 2447/3781/3241 2467/3802/3261 2465/3799/3259
f 2447/3781/3241 2404/3734/3198 2576/3916/3370 2467/3802/3261
f 2601/3941/3395 2407/3737/3201 2408/3740/3202 2602/3942/3396
f 2458/3791/3252 2459/3790/3253 2421/3751/3215 2413/3746/3207
f 2413/3746/3207 2411/3742/3205 2460/3795/3254 2458/3791/3252
f 2496/3828/3290 2490/3823/3284 2491/3822/3285 2549/3888/3343
f 2497/3831/3291 2493/3826/3287 2490/3823/3284 2496/3828/3290
f 2498/3835/3292 2499/3834/3293 2505/3839/3299 2506/3838/3300
f 2513/3851/3307 2503/3836/3297 2498/3835/3292 2506/3838/3300
f 2509/3845/3303 2505/3844/3299 2499/3849/3293 2510/3848/3304
f 2582/3924/3376 2509/3845/3303 2510/3848/3304 2521/3861/3315
f 2523/3863/3317 2585/3921/3379 2582/3924/3376 2521/3861/3315
f 2549/3888/3343 2491/3822/3285 2544/3883/3338 2548/3885/3342
f 2548/3885/3342 2544/3883/3338 2550/3890/3344 2552/3891/3346
f 2585/3921/3379 2523/3863/3317 2581/3920/3375 2587/3925/3381
f 2587/3925/3381 2581/3920/3375 2493/3826/3287 2497/3831/3291
f 2552/3891/3346 2550/3890/3344 2503/3836/3297 2513/3851/3307
f 2603/3943/3397 2405/3739/3199 2406/3738/3200 2604/3944/3398
f 2603/3943/3397 2605/3945/3399 2433/3765/3227 2396/3728/3190
f 2448/3785/3242 2449/3784/3243 2601/3941/3395 2602/3942/3396
f 2607/3946/3401 2605/3945/3399 2606/3947/3400 2608/3948/3402
f 2441/3775/3235 2607/3946/3401 2437/3766/3231 2446/3780/3240
f 2610/3949/3404 2609/3950/3403 2450/3783/3244 2451/3782/3245
f 2611/3951/3405 2417/3750/3211 2419/3753/3213 2422/3755/3216
f 2427/3761/3221 2612/3952/3406 2432/3763/3226 2429/3759/3223
f 2417/3750/3211 2611/3951/3405 2613/3953/3407 2418/3749/3212
f 2615/3954/3409 2614/3955/3408 2434/3769/3228 2435/3768/3229
f 2425/3756/3219 2617/3956/3411 2616/3957/3410 2610/3949/3404
f 2418/3749/3212 2613/3953/3407 2617/3956/3411 2425/3756/3219
f 2420/3752/3214 2432/3774/3226 2612/3958/3406 2423/3754/3217
f 2618/3959/3412 2406/3960/3200 2407/3961/3201
f 2618/3959/3412 2435/3962/3229 2436/3963/3230
f 2618/3959/3412 2609/3964/3403 2619/3965/3413
f 2618/3959/3412 2449/3966/3243 2450/3967/3244
f 2618/3959/3412 2407/3961/3201 2601/3968/3395
f 2618/3959/3412 2604/3969/3398 2406/3960/3200
f 2618/3959/3412 2606/3970/3400 2604/3969/3398
f 2618/3959/3412 2601/3968/3395 2449/3966/3243
f 2618/3959/3412 2608/3971/3402 2606/3970/3400
f 2618/3959/3412 2436/3963/3230 2608/3971/3402
f 2618/3959/3412 2450/3967/3244 2609/3964/3403
f 2618/3959/3412 2615/3972/3409 2435/3962/3229
f 2620/3973/3414 2488/3974/3282 2489/3975/3283
f 2620/3973/3414 2489/3975/3283 2492/3976/3286
f 2620/3973/3414 2500/3977/3294 2501/3978/3295
f 2620/3973/3414 2501/3978/3295 2502/3979/3296
f 2620/3973/3414 2522/3980/3316 2511/3981/3305
f 2620/3973/3414 2524/3982/3318 2522/3980/3316
f 2620/3973/3414 2545/3983/3339 2488/3974/3282
f 2620/3973/3414 2551/3984/3345 2545/3983/3339
f 2620/3973/3414 2580/3985/3374 2524/3982/3318
f 2620/3973/3414 2492/3976/3286 2580/3985/3374
f 2620/3973/3414 2502/3979/3296 2551/3984/3345
f 2408/3740/3202 2405/3739/3199 2397/3727/3191 2442/3777/3236
f 2446/3780/3240 2437/3766/3231 2434/3769/3228 2445/3778/3239
f 2448/3785/3242 2426/3758/3220 2424/3757/3218 2451/3782/3245
f 2442/3777/3236 2443/3776/3237 2602/3942/3396 2408/3740/3202
f 2396/3728/3190 2397/3727/3191 2405/3739/3199 2603/3943/3397
f 2605/3945/3399 2603/3943/3397 2604/3944/3398 2606/3947/3400
f 2448/3785/3242 2602/3942/3396 2443/3776/3237 2426/3758/3220
f 2441/3775/3235 2433/3765/3227 2605/3945/3399 2607/3946/3401
f 2436/3767/3230 2437/3766/3231 2607/3946/3401 2608/3948/3402
f 2425/3756/3219 2610/3949/3404 2451/3782/3245 2424/3757/3218
f 2445/3778/3239 2434/3769/3228 2614/3955/3408 2444/3779/3238
f 2616/3957/3410 2619/3986/3413 2609/3950/3403 2610/3949/3404
f 2624/3987/3418 2623/3988/3417 2622/3989/3416 2621/3990/3415
f 2626/3991/3420 2625/3992/3419 2621/3990/3415 2622/3989/3416
f 2628/3993/3422 2627/3994/3421 2630/3995/3424 2629/3996/3423
f 2632/3997/3426 2631/3998/3425 2634/3999/3428 2633/4000/3427
f 2637/4001/3431 2636/4002/3430 2635/4003/3429 2634/3999/3428
f 2640/4004/3434 2639/4005/3433 2638/4006/3432 2635/4003/3429
f 2643/4007/3437 2642/4008/3436 2641/4009/3435 2644/4010/3438
f 2648/4011/3442 2647/4012/3441 2646/4013/3440 2645/4014/3439
f 2650/4015/3444 2649/4016/3443 2645/4014/3439 2646/4013/3440
f 2646/4013/3440 2652/4017/3446 2651/4018/3445 2650/4015/3444
f 2654/4019/3448 2653/4020/3447 2650/4015/3444 2651/4018/3445
f 2657/4021/3451 2649/4016/3443 2656/4022/3450 2655/4023/3449
f 2653/4020/3447 2656/4022/3450 2649/4016/3443 2650/4015/3444
f 2656/4022/3450 2422/4024/3216 2423/4025/3217 2655/4023/3449
f 2659/4026/3453 2654/4019/3448 2651/4018/3445 2658/4027/3452
f 2658/4027/3452 2651/4018/3445 2652/4017/3446 2660/4028/3454
f 2427/4029/3221 2428/4030/3222 2622/3989/3416 2661/4031/3455
f 2430/4032/3224 2626/3991/3420 2622/3989/3416 2428/4030/3222
f 2661/4031/3455 2623/3988/3417 2663/4033/3457 2662/4034/3456
f 2664/4035/3458 2632/3997/3426 2633/4000/3427 2627/3994/3421
f 2668/4036/3462 2667/4037/3461 2666/4038/3460 2665/4039/3459
f 2621/3990/3415 2629/3996/3423 2669/4040/3463 2624/3987/3418
f 2629/3996/3423 2630/3995/3424 2670/4041/3464 2669/4040/3463
f 2636/4002/3430 2637/4001/3431 2671/4042/3465 2647/4012/3441
f 2647/4012/3441 2671/4042/3465 2652/4017/3446 2646/4013/3440
f 2655/4023/3449 2662/4043/3456 2663/4044/3457 2657/4021/3451
f 2622/3989/3416 2623/3988/3417 2661/4031/3455
f 2672/4045/3466 2664/4035/3458 2627/3994/3421 2628/3993/3422
f 2674/4046/3468 2671/4042/3465 2637/4001/3431 2673/4047/3467
f 2629/3996/3423 2621/3990/3415 2625/3992/3419 2628/3993/3422
f 2626/3991/3420 2430/4032/3224 2444/4048/3238 2675/4049/3469
f 2638/4006/3432 2630/3995/3424 2627/3994/3421 2633/4000/3427
f 2639/4005/3433 2670/4041/3464 2630/3995/3424 2638/4006/3432
f 2628/3993/3422 2625/3992/3419 2676/4050/3470 2672/4045/3466
f 2625/3992/3419 2626/3991/3420 2675/4049/3469 2676/4050/3470
f 2647/4012/3441 2648/4011/3442 2677/4051/3471 2636/4002/3430
f 2640/4004/3434 2635/4003/3429 2636/4002/3430 2677/4051/3471
f 2681/4052/3475 2680/4053/3474 2679/4054/3473 2678/4055/3472
f 2671/4042/3465 2674/4046/3468 2660/4028/3454 2652/4017/3446
f 2634/3999/3428 2631/3998/3425 2673/4047/3467 2637/4001/3431
f 2638/4006/3432 2633/4000/3427 2634/3999/3428 2635/4003/3429
f 2684/4056/3478 2683/4057/3477 2682/4058/3476 2685/4059/3479
f 2689/4060/3483 2688/4061/3482 2687/4062/3481 2686/4063/3480
f 2691/4064/3485 2690/4065/3484 2686/4063/3480 2687/4062/3481
f 2692/4066/3486 2688/4061/3482 2689/4060/3483 2693/4067/3487
f 2645/4014/3439 2690/4065/3484 2694/4068/3488 2648/4011/3442
f 2690/4065/3484 2691/4064/3485 2695/4069/3489 2694/4068/3488
f 2697/4070/3491 2696/4071/3490 2694/4068/3488 2695/4069/3489
f 2700/4072/3494 2699/4073/3493 2697/4070/3491 2698/4074/3492
f 2687/4062/3481 2702/4075/3496 2701/4076/3495 2691/4064/3485
f 2688/4061/3482 2703/4077/3497 2702/4075/3496 2687/4062/3481
f 2703/4077/3497 2688/4061/3482 2692/4066/3486 2704/4078/3498
f 2708/4079/3502 2707/4080/3501 2706/4081/3500 2705/4082/3499
f 2712/4083/3506 2711/4084/3505 2710/4085/3504 2709/4086/3503
f 2713/4087/3507 2710/4085/3504 2711/4084/3505 2708/4079/3502
f 2715/4088/3509 2714/4089/3508 2711/4084/3505 2712/4083/3506
f 2712/4083/3506 2717/4090/3511 2716/4091/3510 2715/4088/3509
f 2711/4084/3505 2714/4089/3508 2707/4080/3501 2708/4079/3502
f 2721/4092/3515 2720/4093/3514 2719/4094/3513 2718/4095/3512
f 2720/4093/3514 2721/4092/3515 2723/4096/3517 2722/4097/3516
f 2726/4098/3520 2725/4099/3519 2724/4100/3518 2727/4101/3521
f 2731/4102/3525 2730/4103/3524 2729/4104/3523 2728/4105/3522
f 2729/4104/3523 2733/4106/3527 2732/4107/3526 2728/4105/3522
f 2736/4108/3530 2735/4109/3529 2734/4110/3528 2737/4111/3531
f 2737/4111/3531 2734/4110/3528 2739/4112/3533 2738/4113/3532
f 2741/4114/3535 2740/4115/3534 2743/4116/3537 2742/4117/3536
f 2741/4114/3535 2742/4117/3536 2744/4118/3538
f 2746/4119/3540 2745/4120/3539 2748/4121/3542 2747/4122/3541
f 2747/4122/3541 2750/4123/3544 2749/4124/3543 2746/4119/3540
f 2752/4125/3546 2751/4126/3545 2714/4089/3508 2715/4088/3509
f 2751/4126/3545 2753/4127/3547 2707/4080/3501 2714/4089/3508
f 2716/4091/3510 2754/4128/3548 2752/4125/3546 2715/4088/3509
f 2756/4129/3550 2755/4130/3549 2754/4128/3548 2716/4091/3510
f 2755/4130/3549 2756/4129/3550 2700/4072/3494 2757/4131/3551
f 2760/4132/3554 2684/4056/3478 2759/4133/3553 2758/4134/3552
f 2762/4135/3556 2761/4136/3555 2758/4134/3552 2759/4133/3553
f 2764/4137/3558 2761/4136/3555 2762/4135/3556 2763/4138/3557
f 2761/4136/3555 2752/4125/3546 2754/4128/3548 2758/4134/3552
f 2751/4126/3545 2752/4125/3546 2761/4136/3555 2764/4137/3558
f 2765/4139/3559 2706/4081/3500 2707/4080/3501 2753/4127/3547
f 2753/4127/3547 2767/4140/3561 2766/4141/3560 2765/4139/3559
f 2771/4142/3565 2770/4143/3564 2769/4144/3563 2768/4145/3562
f 2718/4095/3512 2719/4094/3513 2773/4146/3567 2772/4147/3566
f 2776/4148/3570 2775/4149/3569 2774/4150/3568 2777/4151/3571
f 2725/4099/3519 2776/4148/3570 2777/4151/3571 2724/4100/3518
f 2772/4147/3566 2773/4146/3567 2778/4152/3572 2779/4153/3573
f 2780/4154/3574 2774/4150/3568 2775/4149/3569 2781/4155/3575
f 2783/4156/3577 2782/4157/3576 2776/4148/3570 2725/4099/3519
f 2784/4158/3578 2783/4156/3577 2725/4099/3519 2726/4098/3520
f 2785/4159/3579 2682/4058/3476 2683/4057/3477 2786/4160/3580
f 2786/4160/3580 2788/4161/3582 2787/4162/3581 2785/4159/3579
f 2781/4155/3575 2738/4113/3532 2739/4112/3533 2780/4154/3574
f 2769/4144/3563 2744/4118/3538 2742/4117/3536 2768/4145/3562
f 2789/4163/3583 2766/4141/3560 2767/4140/3561 2790/4164/3584
f 2791/4165/3585 2768/4145/3562 2742/4117/3536 2743/4116/3537
f 2793/4166/3587 2791/4165/3585 2743/4116/3537 2792/4167/3586
f 2795/4168/3589 2794/4169/3588 2791/4165/3585 2793/4166/3587
f 2793/4166/3587 2797/4170/3591 2796/4171/3590 2795/4168/3589
f 2798/4172/3592 2797/4170/3591 2788/4161/3582 2786/4160/3580
f 2683/4057/3477 2799/4173/3593 2798/4172/3592 2786/4160/3580
f 2800/4174/3594 2787/4162/3581 2802/4175/3596 2801/4176/3595
f 2800/4174/3594 2803/4177/3597 2785/4159/3579 2787/4162/3581
f 2767/4140/3561 2764/4137/3558 2763/4138/3557 2790/4164/3584
f 2805/4178/3599 2699/4073/3493 2804/4179/3598 2806/4180/3600
f 2804/4179/3598 2717/4090/3511 2807/4181/3601 2806/4180/3600
f 2756/4129/3550 2716/4091/3510 2717/4090/3511 2804/4179/3598
f 2750/4123/3544 2809/4182/3603 2808/4183/3602 2749/4124/3543
f 2808/4183/3602 2809/4182/3603 2722/4097/3516 2723/4096/3517
f 2813/4184/3607 2812/4185/3606 2811/4186/3605 2810/4187/3604
f 2810/4187/3604 2814/4188/3608 2815/4189/3609 2813/4184/3607
f 2684/4056/3478 2760/4132/3554 2799/4173/3593 2683/4057/3477
f 2684/4056/3478 2685/4059/3479 2816/4190/3610 2759/4133/3553
f 2757/4131/3551 2700/4072/3494 2698/4074/3492 2817/4191/3611
f 2818/4192/3612 2701/4076/3495 2795/4168/3589 2796/4171/3590
f 2794/4169/3588 2795/4168/3589 2701/4076/3495 2702/4075/3496
f 2820/4193/3614 2741/4194/3535 2819/4195/3613 2821/4196/3615
f 2823/4197/3617 2821/4196/3615 2819/4195/3613 2822/4198/3616
f 2737/4111/3531 2824/4199/3618 2820/4200/3614 2736/4108/3530
f 2825/4201/3619 2811/4186/3605 2812/4185/3606 2826/4202/3620
f 2755/4130/3549 2760/4132/3554 2758/4134/3552 2754/4128/3548
f 2751/4126/3545 2764/4137/3558 2767/4140/3561 2753/4127/3547
f 2782/4157/3576 2803/4177/3597 2775/4149/3569 2776/4148/3570
f 2682/4058/3476 2785/4159/3579 2803/4177/3597 2782/4157/3576
f 2803/4177/3597 2800/4174/3594 2781/4155/3575 2775/4149/3569
f 2817/4191/3611 2796/4171/3590 2797/4170/3591 2798/4172/3592
f 2797/4170/3591 2793/4166/3587 2792/4167/3586 2788/4161/3582
f 2824/4199/3618 2737/4111/3531 2738/4113/3532 2801/4176/3595
f 2802/4175/3596 2787/4162/3581 2788/4161/3582 2792/4167/3586
f 2822/4198/3616 2819/4195/3613 2789/4163/3583 2790/4164/3584
f 2827/4203/3621 2822/4198/3616 2790/4164/3584 2763/4138/3557
f 2822/4198/3616 2827/4203/3621 2828/4204/3622 2823/4197/3617
f 2699/4073/3493 2700/4072/3494 2756/4129/3550 2804/4179/3598
f 2806/4180/3600 2639/4005/3433 2640/4004/3434 2805/4178/3599
f 2828/4204/3622 2829/4205/3623 2814/4188/3608 2810/4187/3604
f 2829/4205/3623 2784/4158/3578 2726/4098/3520 2814/4188/3608
f 2829/4205/3623 2828/4204/3622 2827/4203/3621 2830/4206/3624
f 2829/4205/3623 2830/4206/3624 2816/4190/3610 2784/4158/3578
f 2799/4173/3593 2757/4131/3551 2817/4191/3611 2798/4172/3592
f 2760/4132/3554 2755/4130/3549 2757/4131/3551 2799/4173/3593
f 2759/4133/3553 2816/4190/3610 2830/4206/3624 2762/4135/3556
f 2817/4191/3611 2698/4074/3492 2818/4192/3612 2796/4171/3590
f 2624/3987/3418 2669/4040/3463 2709/4086/3503 2710/4085/3504
f 2663/4044/3457 2693/4067/3487 2689/4060/3483 2657/4021/3451
f 2698/4074/3492 2697/4070/3491 2695/4069/3489 2818/4192/3612
f 2669/4040/3463 2670/4041/3464 2807/4181/3601 2709/4086/3503
f 2815/4189/3609 2814/4188/3608 2726/4098/3520 2727/4101/3521
f 2818/4192/3612 2695/4069/3489 2691/4064/3485 2701/4076/3495
f 2771/4142/3565 2703/4077/3497 2704/4078/3498 2770/4143/3564
f 2713/4087/3507 2708/4079/3502 2705/4082/3499 2693/4207/3487
f 2820/4200/3614 2824/4199/3618 2740/4115/3534 2741/4114/3535
f 2778/4152/3572 2732/4107/3526 2733/4106/3527 2779/4153/3573
f 2768/4145/3562 2791/4165/3585 2794/4169/3588 2771/4142/3565
f 2800/4174/3594 2801/4176/3595 2738/4113/3532 2781/4155/3575
f 2792/4167/3586 2743/4116/3537 2740/4115/3534 2802/4175/3596
f 2784/4158/3578 2816/4190/3610 2685/4059/3479 2783/4156/3577
f 2763/4138/3557 2762/4135/3556 2830/4206/3624 2827/4203/3621
f 2702/4075/3496 2703/4077/3497 2771/4142/3565 2794/4169/3588
f 2670/4041/3464 2639/4005/3433 2806/4180/3600 2807/4181/3601
f 2663/4033/3457 2623/3988/3417 2713/4087/3507 2693/4207/3487
f 2710/4085/3504 2713/4087/3507 2623/3988/3417 2624/3987/3418
f 2717/4090/3511 2712/4083/3506 2709/4086/3503 2807/4181/3601
f 2696/4071/3490 2697/4070/3491 2699/4073/3493 2805/4178/3599
f 2685/4059/3479 2682/4058/3476 2782/4157/3576 2783/4156/3577
f 2802/4175/3596 2740/4115/3534 2824/4199/3618 2801/4176/3595
f 2821/4196/3615 2823/4197/3617 2811/4186/3605 2825/4201/3619
f 2810/4187/3604 2811/4186/3605 2823/4197/3617 2828/4204/3622
f 2648/4011/3442 2694/4068/3488 2696/4071/3490 2677/4051/3471
f 2677/4051/3471 2696/4071/3490 2805/4178/3599 2640/4004/3434
f 2641/4009/3435 2832/4208/3626 2831/4209/3625 2644/4010/3438
f 2686/4063/3480 2649/4016/3443 2657/4021/3451 2689/4060/3483
f 2649/4016/3443 2686/4063/3480 2690/4065/3484 2645/4014/3439
f 2719/4094/3513 2720/4093/3514 2724/4100/3518 2777/4151/3571
f 2720/4093/3514 2722/4097/3516 2727/4101/3521 2724/4100/3518
f 2735/4109/3529 2731/4102/3525 2728/4105/3522 2734/4110/3528
f 2728/4105/3522 2732/4107/3526 2739/4112/3533 2734/4110/3528
f 2748/4121/3542 2826/4202/3620 2812/4185/3606 2747/4122/3541
f 2747/4122/3541 2812/4185/3606 2813/4184/3607 2750/4123/3544
f 2719/4094/3513 2777/4151/3571 2774/4150/3568 2773/4146/3567
f 2778/4152/3572 2773/4146/3567 2774/4150/3568 2780/4154/3574
f 2813/4184/3607 2815/4189/3609 2809/4182/3603 2750/4123/3544
f 2815/4189/3609 2727/4101/3521 2722/4097/3516 2809/4182/3603
f 2732/4107/3526 2778/4152/3572 2780/4154/3574 2739/4112/3533
f 2642/4008/3436 2643/4007/3437 2833/4210/3627 2834/4211/3628
f 2835/4212/3629 2833/4210/3627 2632/3997/3426 2664/4035/3458
f 2680/4053/3474 2831/4209/3625 2832/4208/3626 2679/4054/3473
f 2838/4213/3632 2837/4214/3631 2835/4212/3629 2836/4215/3630
f 2672/4045/3466 2676/4050/3470 2668/4036/3462 2836/4215/3630
f 2840/4216/3634 2681/4052/3475 2678/4055/3472 2839/4217/3633
f 2422/4024/3216 2656/4022/3450 2653/4020/3447 2611/4218/3405
f 2612/4219/3406 2427/4029/3221 2661/4031/3455 2662/4034/3456
f 2653/4020/3447 2654/4019/3448 2613/4220/3407 2611/4218/3405
f 2615/4221/3409 2666/4038/3460 2667/4037/3461 2614/4222/3408
f 2616/4223/3410 2617/4224/3411 2659/4026/3453 2840/4216/3634
f 2617/4224/3411 2613/4220/3407 2654/4019/3448 2659/4026/3453
f 2655/4023/3449 2423/4025/3217 2612/4225/3406 2662/4043/3456
f 2642/4226/3436 2618/3959/3412 2641/4227/3435
f 2666/4228/3460 2618/3959/3412 2665/4229/3459
f 2839/4230/3633 2618/3959/3412 2619/3965/3413
f 2679/4231/3473 2618/3959/3412 2678/4232/3472
f 2641/4227/3435 2618/3959/3412 2832/4233/3626
f 2834/4234/3628 2618/3959/3412 2642/4226/3436
f 2837/4235/3631 2618/3959/3412 2834/4234/3628
f 2832/4233/3626 2618/3959/3412 2679/4231/3473
f 2838/4236/3632 2618/3959/3412 2837/4235/3631
f 2665/4229/3459 2618/3959/3412 2838/4236/3632
f 2678/4232/3472 2618/3959/3412 2839/4230/3633
f 2615/3972/3409 2618/3959/3412 2666/4228/3460
f 2718/4237/3512 2841/4238/3635 2721/4239/3515
f 2721/4239/3515 2841/4238/3635 2723/4240/3517
f 2730/4241/3524 2841/4238/3635 2729/4242/3523
f 2729/4242/3523 2841/4238/3635 2733/4243/3527
f 2745/4244/3539 2841/4238/3635 2730/4241/3524
f 2746/4245/3540 2841/4238/3635 2745/4244/3539
f 2749/4246/3543 2841/4238/3635 2746/4245/3540
f 2772/4247/3566 2841/4238/3635 2718/4237/3512
f 2779/4248/3573 2841/4238/3635 2772/4247/3566
f 2808/4249/3602 2841/4238/3635 2749/4246/3543
f 2723/4240/3517 2841/4238/3635 2808/4249/3602
f 2733/4243/3527 2841/4238/3635 2779/4248/3573
f 2631/3998/3425 2643/4007/3437 2644/4010/3438 2673/4047/3467
f 2676/4050/3470 2675/4049/3469 2667/4037/3461 2668/4036/3462
f 2660/4028/3454 2680/4053/3474 2681/4052/3475 2658/4027/3452
f 2831/4209/3625 2674/4046/3468 2673/4047/3467 2644/4010/3438
f 2643/4007/3437 2631/3998/3425 2632/3997/3426 2833/4210/3627
f 2834/4211/3628 2833/4210/3627 2835/4212/3629 2837/4214/3631
f 2674/4046/3468 2831/4209/3625 2680/4053/3474 2660/4028/3454
f 2835/4212/3629 2664/4035/3458 2672/4045/3466 2836/4215/3630
f 2665/4039/3459 2838/4213/3632 2836/4215/3630 2668/4036/3462
f 2659/4026/3453 2658/4027/3452 2681/4052/3475 2840/4216/3634
f 2675/4049/3469 2444/4048/3238 2614/4222/3408 2667/4037/3461
f 2619/4250/3413 2616/4223/3410 2840/4216/3634 2839/4217/3633
f 2459/3790/3253 2456/3793/3250 2464/4251/3258 2462/3939/3256
f 2464/4251/3258 2456/3793/3250 2474/3808/3268 2476/4252/3270
f 2600/3940/3394 2543/4253/3337 2476/4252/3270 2474/3808/3268
f 2600/3940/3394 2562/3902/3356 2542/4254/3336 2543/4253/3337
f 2562/3902/3356 2514/3855/3308 2518/4255/3312 2542/4254/3336
f 2518/4255/3312 2514/3855/3308 2515/3854/3309
f 2516/3853/3310 2595/3934/3389 2591/4256/3385 2515/3854/3309
f 2507/3841/3301 2504/3840/3298 2591/4256/3385 2595/3934/3389
f 2620/3973/3414 2511/3981/3305 2500/3977/3294
f 2693/4207/3487 2705/4082/3499 2692/4257/3486
f 2705/4082/3499 2706/4081/3500 2704/4258/3498 2692/4257/3486
f 2706/4081/3500 2765/4139/3559 2770/4259/3564 2704/4258/3498
f 2766/4141/3560 2769/4260/3563 2770/4259/3564 2765/4139/3559
f 2766/4141/3560 2789/4163/3583 2744/4261/3538 2769/4260/3563
f 2789/4163/3583 2819/4195/3613 2741/4194/3535 2744/4261/3538
f 2821/4196/3615 2825/4201/3619 2736/4262/3530 2820/4193/3614
f 2825/4201/3619 2826/4202/3620 2735/4263/3529 2736/4262/3530
f 2826/4202/3620 2748/4121/3542 2731/4264/3525 2735/4263/3529
f 2748/4121/3542 2745/4120/3539 2730/4265/3524 2731/4264/3525
f 2843/4266/3637 2842/4267/3636 2845/4268/3639 2844/4269/3638
f 2846/4270/3640 2844/4271/3638 2845/4272/3639 2847/4273/3641
f 2846/4270/3640 2848/4274/3642 2843/4275/3637 2844/4276/3638
f 2850/4277/3644 2849/4278/3643 2852/4279/3646 2851/4280/3645
f 2853/4281/3647 2854/4282/3648 2852/4283/3646 2849/4284/3643
f 2852/4279/3646 2845/4268/3639 2842/4267/3636 2851/4280/3645
f 2847/4273/3641 2845/4272/3639 2852/4283/3646 2854/4282/3648
f 2855/4285/3649 2849/4278/3643 2850/4277/3644 2856/4286/3650
f 2857/4287/3651 2853/4281/3647 2849/4284/3643 2855/4288/3649
f 2848/4274/3642 2858/4289/3652 2842/4267/3636 2843/4266/3637
f 2855/4290/3649 2856/4291/3650 2859/4292/3653 2857/4287/3651
f 2851/4280/3645 2861/4293/3655 2860/4294/3654 2850/4277/3644
f 2858/4289/3652 2861/4293/3655 2851/4280/3645 2842/4267/3636
f 2850/4277/3644 2860/4294/3654 2859/4292/3653 2856/4286/3650
f 2847/4273/3641 2858/4289/3652 2848/4274/3642 2846/4270/3640
f 2857/4287/3651 2859/4292/3653 2860/4294/3654 2853/4281/3647
f 2854/4282/3648 2853/4281/3647 2860/4294/3654 2861/4293/3655
f 2858/4289/3652 2847/4273/3641 2854/4282/3648 2861/4293/3655
f 2863/4295/3657 2862/4296/3656 2865/4297/3659 2864/4298/3658
f 2866/4299/3660 2867/4300/3661 2863/4301/3657 2864/4302/3658
f 2868/4303/3662 2866/4299/3660 2864/4304/3658 2865/4305/3659
f 2869/4306/3663 2872/4307/3666 2871/4308/3665 2870/4309/3664
f 2874/4310/3668 2873/4311/3667 2869/4312/3663 2870/4313/3664
f 2863/4295/3657 2870/4309/3664 2871/4308/3665 2862/4296/3656
f 2867/4300/3661 2874/4310/3668 2870/4313/3664 2863/4301/3657
f 2875/4314/3669 2876/4315/3670 2872/4307/3666 2869/4306/3663
f 2877/4316/3671 2875/4317/3669 2869/4312/3663 2873/4311/3667
f 2868/4303/3662 2865/4297/3659 2862/4296/3656 2878/4318/3672
f 2875/4319/3669 2877/4316/3671 2879/4320/3673 2876/4321/3670
f 2880/4322/3674 2871/4308/3665 2872/4307/3666 2881/4323/3675
f 2878/4318/3672 2862/4296/3656 2871/4308/3665 2880/4322/3674
f 2872/4307/3666 2876/4315/3670 2879/4320/3673 2881/4323/3675
f 2868/4303/3662 2878/4318/3672 2867/4300/3661 2866/4299/3660
f 2877/4316/3671 2873/4311/3667 2881/4323/3675 2879/4320/3673
f 2873/4311/3667 2874/4310/3668 2880/4322/3674 2881/4323/3675
f 2867/4300/3661 2878/4318/3672 2880/4322/3674 2874/4310/3668
f 2883/4324/3677 2882/4325/3676 2885/4326/3679 2884/4327/3678
f 2886/4328/3680 2887/4329/3681 2883/4330/3677 2884/4331/3678
f 2885/4332/3679 2888/4333/3682 2886/4328/3680 2884/4334/3678
f 2889/4335/3683 2892/4336/3686 2891/4337/3685 2890/4338/3684
f 2893/4339/3687 2889/4340/3683 2890/4341/3684 2894/4342/3688
f 2890/4338/3684 2891/4337/3685 2882/4325/3676 2883/4324/3677
f 2887/4329/3681 2894/4342/3688 2890/4341/3684 2883/4330/3677
f 2895/4343/3689 2896/4344/3690 2892/4336/3686 2889/4335/3683
f 2897/4345/3691 2895/4346/3689 2889/4340/3683 2893/4339/3687
f 2888/4333/3682 2885/4326/3679 2882/4325/3676 2898/4347/3692
f 2895/4348/3689 2897/4345/3691 2899/4349/3693 2896/4350/3690
f 2891/4337/3685 2892/4336/3686 2901/4351/3695 2900/4352/3694
f 2898/4347/3692 2882/4325/3676 2891/4337/3685 2900/4352/3694
f 2892/4336/3686 2896/4344/3690 2899/4349/3693 2901/4351/3695
f 2898/4347/3692 2887/4329/3681 2886/4328/3680 2888/4333/3682
f 2897/4345/3691 2893/4339/3687 2901/4351/3695 2899/4349/3693
f 2893/4339/3687 2894/4342/3688 2900/4352/3694 2901/4351/3695
f 2898/4347/3692 2900/4352/3694 2894/4342/3688 2887/4329/3681
f 2902/4353/3696 2905/4354/3699 2904/4355/3698 2903/4356/3697
f 2906/4357/3700 2907/4358/3701 2903/4359/3697 2904/4360/3698
f 2908/4361/3702 2906/4357/3700 2904/4362/3698 2905/4363/3699
f 2909/4364/3703 2912/4365/3706 2911/4366/3705 2910/4367/3704
f 2914/4368/3708 2913/4369/3707 2909/4370/3703 2910/4371/3704
f 2910/4367/3704 2911/4366/3705 2902/4353/3696 2903/4356/3697
f 2907/4358/3701 2914/4368/3708 2910/4371/3704 2903/4359/3697
f 2915/4372/3709 2916/4373/3710 2912/4365/3706 2909/4364/3703
f 2917/4374/3711 2915/4375/3709 2909/4370/3703 2913/4369/3707
f 2908/4361/3702 2905/4354/3699 2902/4353/3696 2918/4376/3712
f 2915/4377/3709 2917/4374/3711 2919/4378/3713 2916/4379/3710
f 2920/4380/3714 2911/4366/3705 2912/4365/3706 2921/4381/3715
f 2918/4376/3712 2902/4353/3696 2911/4366/3705 2920/4380/3714
f 2912/4365/3706 2916/4373/3710 2919/4378/3713 2921/4381/3715
f 2918/4376/3712 2907/4358/3701 2906/4357/3700 2908/4361/3702
f 2917/4374/3711 2913/4369/3707 2921/4381/3715 2919/4378/3713
f 2913/4369/3707 2914/4368/3708 2920/4380/3714 2921/4381/3715
f 2918/4376/3712 2920/4380/3714 2914/4368/3708 2907/4358/3701
f 2922/4382/3716 2925/4383/3719 2924/4384/3718 2923/4385/3717
f 2926/4386/3720 2924/4387/3718 2925/4388/3719 2927/4389/3721
f 2926/4386/3720 2928/4390/3722 2923/4391/3717 2924/4392/3718
f 2929/4393/3723 2932/4394/3726 2931/4395/3725 2930/4396/3724
f 2929/4397/3723 2933/4398/3727 2934/4399/3728 2932/4400/3726
f 2931/4395/3725 2932/4394/3726 2925/4383/3719 2922/4382/3716
f 2927/4389/3721 2925/4388/3719 2932/4400/3726 2934/4399/3728
f 2935/4401/3729 2929/4393/3723 2930/4396/3724 2936/4402/3730
f 2937/4403/3731 2933/4398/3727 2929/4397/3723 2935/4404/3729
f 2928/4390/3722 2938/4405/3732 2922/4382/3716 2923/4385/3717
f 2935/4406/3729 2936/4407/3730 2939/4408/3733 2937/4403/3731
f 2930/4396/3724 2931/4395/3725 2941/4409/3735 2940/4410/3734
f 2938/4405/3732 2941/4409/3735 2931/4395/3725 2922/4382/3716
f 2930/4396/3724 2940/4410/3734 2939/4408/3733 2936/4402/3730
f 2938/4405/3732 2928/4390/3722 2926/4386/3720 2927/4389/3721
f 2937/4403/3731 2939/4408/3733 2940/4410/3734 2933/4398/3727
f 2933/4398/3727 2940/4410/3734 2941/4409/3735 2934/4399/3728
f 2941/4409/3735 2938/4405/3732 2927/4389/3721 2934/4399/3728

g Eyewear

v 1.047050 164.346924 10.797804
v 5.299452 164.447311 9.258076
v 0.896978 165.538605 11.283608
v 5.426628 165.616760 9.732577
v 1.685722 165.876923 11.258831
v 1.786477 163.998932 10.386991
v 4.757077 166.017715 10.091835
v 4.568161 164.140137 9.342324
v 1.187687 164.149536 10.647065
v 1.013812 165.709381 11.341133
v 0.966483 165.019516 11.066183
v 5.389745 165.022202 9.508817
v 3.467676 166.196899 10.670520
v 3.165207 163.959320 9.796581
v 1.735381 164.950943 10.893332
v 5.314968 165.841248 9.851005
v 5.151598 164.252792 9.208553
v 4.651361 165.053162 9.771791
v 1.124971 164.972672 11.045820
v 3.269029 165.039566 10.298220
v 5.238550 165.033386 9.566757
v 1.081651 164.234222 10.740953
v 1.414298 164.068909 10.535268
v 0.917186 165.627594 11.317623
v 1.237244 165.767151 11.325512
v 1.019560 164.617126 10.912950
v 0.917179 165.334442 11.195569
v 5.339620 164.684082 9.365155
v 5.420577 165.370834 9.643825
v 0.866472 165.631607 11.315864
v 5.450116 165.723480 9.760621
v 1.035137 164.220749 10.776176
v 5.304572 164.345993 9.200727
v 2.521571 166.091293 11.048263
v 4.207781 166.138824 10.333760
v 1.703179 166.136612 11.348508
v 2.365087 163.960724 10.151055
v 3.965682 164.049438 9.513501
v 1.795285 163.733704 10.222034
v 1.774220 164.435303 10.640890
v 1.696680 165.453842 11.100402
v 5.113317 165.928680 9.944329
v 5.405448 165.732605 9.782553
v 4.788579 166.287872 10.157109
v 4.940136 164.203217 9.250867
v 5.257899 164.339920 9.217674
v 4.550685 163.906219 9.208351
v 4.603934 164.544754 9.548571
v 4.703731 165.572952 9.961959
v 1.175347 164.518066 10.853509
v 1.337433 164.945450 11.003570
v 1.058414 165.377502 11.213482
v 1.014486 165.000275 11.061433
v 0.995818 165.915512 11.410181
v 1.193934 163.910828 10.509343
v 5.416041 165.018585 9.492971
v 0.936289 165.033096 11.064162
v 3.542501 166.499161 10.730057
v 3.141987 163.709244 9.635397
v 2.414973 165.001251 10.649868
v 3.211257 164.418076 10.030766
v 4.053335 165.050217 9.984344
v 3.360206 165.673996 10.522834
v 5.332740 166.070847 9.914531
v 5.131967 164.038269 9.089663
v 5.021481 165.049225 9.644795
v 5.187984 164.610947 9.383269
v 5.343065 165.024429 9.526602
v 5.286333 165.466461 9.729363
v 1.394746 164.473495 10.774143
v 1.275113 165.396942 11.189384
v 0.959720 165.348358 11.203984
v 1.067326 164.578522 10.900942
v 1.230586 166.002014 11.404450
v 0.892982 165.805710 11.379865
v 1.431363 163.822937 10.357877
v 1.097029 164.025925 10.673287
v 5.446352 165.396301 9.639414
v 5.360059 164.657715 9.339169
v 0.994672 164.587616 10.898418
v 0.885895 165.364197 11.202293
v 4.258518 166.432724 10.394135
v 2.583867 166.380356 11.130603
v 3.939153 163.806122 9.366646
v 2.341620 163.698776 9.993542
v 2.398333 164.415344 10.387329
v 4.008302 164.480942 9.736452
v 4.127802 165.643127 10.197820
v 2.453479 165.601135 10.878867
v 5.423666 165.934982 9.839966
v 5.133654 166.178970 10.010396
v 5.245217 164.153595 9.116115
v 4.921407 163.973755 9.123692
v 4.973560 164.578720 9.440219
v 5.296915 164.655334 9.369241
v 5.383946 165.404984 9.672448
v 5.070467 165.521271 9.816799
v 1.391170 164.145187 10.425571
v 1.769186 164.057175 10.278871
v 1.748214 164.492752 10.542592
v 1.372079 164.548538 10.674719
v 1.698228 164.998993 10.799121
v 1.314476 164.998779 10.903879
v 1.101207 165.030853 10.945437
v 1.147851 164.615417 10.758355
v 1.164359 164.223053 10.547086
v 1.669566 165.497910 10.997163
v 1.655583 165.913773 11.157108
v 1.204890 165.794006 11.217273
v 1.244503 165.426788 11.083686
v 0.985289 165.733490 11.227776
v 1.035914 165.406479 11.104986
v 0.886548 165.561905 11.170077
v 0.899560 165.653610 11.207823
v 0.910860 165.361084 11.088333
v 0.943035 165.379028 11.098949
v 0.958124 165.077850 10.965322
v 0.998223 165.058670 10.960392
v 1.029692 164.429428 10.727993
v 1.003730 164.708572 10.808297
v 1.069474 164.317368 10.679389
v 1.041269 164.673447 10.791363
v 1.674629 166.168213 11.247115
v 1.197960 166.022400 11.293700
v 0.966826 165.932541 11.293082
v 0.858855 165.654922 11.203374
v 0.873804 165.830841 11.266273
v 1.768582 163.779327 10.105264
v 1.410921 163.882965 10.234013
v 1.191323 163.963623 10.447425
v 1.035044 164.313690 10.713362
v 1.085770 164.077042 10.577810
v 5.397082 165.646927 9.627848
v 5.419328 165.753387 9.656157
v 5.389242 165.396973 9.539641
v 5.408320 165.422119 9.536888
v 5.360906 165.045013 9.402971
v 5.379197 165.043930 9.391537
v 5.280779 164.455261 9.145952
v 5.317052 164.699265 9.255413
v 5.282293 164.353302 9.088834
v 5.331304 164.670502 9.232517
v 0.982705 164.679489 10.800019
v 0.934273 165.094208 10.965132
v 0.882678 165.387482 11.094477
v 4.199852 166.180130 10.217602
v 4.746543 166.053787 9.980168
v 4.777075 166.325562 10.041031
v 4.251262 166.475250 10.274451
v 3.549064 166.550827 10.612391
v 3.466944 166.252014 10.558433
v 2.511668 166.129089 10.941498
v 2.580718 166.416702 11.026894
v 4.553048 163.919983 9.084968
v 4.575646 164.156296 9.220031
v 3.959160 164.064804 9.391404
v 3.937635 163.816620 9.242814
v 3.140762 163.977905 9.680620
v 3.125673 163.731400 9.517323
v 2.338367 163.997330 10.045082
v 2.311191 163.735748 9.883896
v 2.360831 164.454941 10.288398
v 3.176100 164.440002 9.924824
v 3.233761 165.067688 10.189352
v 2.369674 165.040146 10.551396
v 4.602395 164.559296 9.423042
v 3.994478 164.500824 9.615609
v 4.643722 165.072342 9.653068
v 4.041277 165.072159 9.866858
v 4.697316 165.602051 9.848153
v 4.114096 165.676193 10.082245
v 3.333194 165.721527 10.416207
v 2.427698 165.640503 10.772616
v 5.385365 165.762909 9.675322
v 5.402510 165.969009 9.733837
v 5.316754 166.107208 9.803856
v 5.298630 165.872284 9.739694
v 5.097181 165.960022 9.834100
v 5.116106 166.211777 9.897513
v 5.248214 164.346878 9.101891
v 5.235382 164.161407 9.000502
v 5.151400 164.266113 9.090543
v 5.136714 164.054337 8.972475
v 4.949216 164.211182 9.128193
v 4.925094 163.986893 9.001380
v 4.973341 164.593185 9.319764
v 5.183885 164.618652 9.266009
v 5.228789 165.055695 9.453500
v 5.013019 165.063660 9.527867
v 5.282694 164.667175 9.253815
v 5.329247 165.046555 9.416842
v 5.363101 165.429504 9.563028
v 5.269066 165.494614 9.618221
v 5.059848 165.540329 9.703394
v 0.866751 165.627853 11.317092
v 5.448713 165.698959 9.753636
v 1.706246 166.135742 11.349996
v 4.788737 166.286865 10.159709
v 0.996265 165.913681 11.412078
v 5.432853 164.909271 9.442307
v 0.920491 165.021042 11.064052
v 3.547807 166.497223 10.729608
v 5.331648 166.068253 9.916908
v 1.231432 166.001160 11.407069
v 0.894057 165.804916 11.382397
v 5.452262 165.337280 9.616209
v 0.881870 165.356445 11.201307
v 4.257669 166.431442 10.397036
v 2.588905 166.380234 11.130924
v 5.423627 165.926117 9.839675
v 5.133411 166.178253 10.012899
v 1.676537 166.170135 11.244558
v 1.197027 166.022308 11.291139
v 0.965998 165.933472 11.290788
v 0.857710 165.651199 11.199147
v 0.873335 165.830261 11.263615
v 5.418324 165.728836 9.644773
v 5.415715 165.363220 9.509175
v 5.397075 164.931168 9.332955
v 0.915011 165.083481 10.951548
v 0.876303 165.380371 11.088294
v 4.776440 166.325912 10.038364
v 4.251961 166.476852 10.272005
v 3.554799 166.550720 10.606859
v 2.586800 166.418823 11.022612
v 5.400997 165.961319 9.728707
v 5.314722 166.105331 9.800296
v 5.115658 166.212265 9.895044
v 1.217454 166.052582 11.427144
v 1.703565 166.192719 11.371253
v 1.183540 166.073013 11.310172
v 1.674618 166.225540 11.266283
v 0.960262 165.954742 11.428539
v 0.930755 165.973785 11.305876
v 0.837527 165.826279 11.389143
v 0.807162 165.638962 11.316392
v 0.796678 165.663681 11.196399
v 0.819751 165.851120 11.269453
v 5.511822 165.332001 9.581526
v 5.509754 165.697098 9.723490
v 5.478373 165.728409 9.614974
v 5.478025 165.355743 9.473453
v 5.494135 164.906570 9.404415
v 5.460245 164.925430 9.296078
v 0.819638 165.375870 11.196645
v 0.816804 165.400055 11.083152
v 0.857073 165.060516 11.053610
v 0.852337 165.114563 10.937655
v 4.273246 166.491348 10.405978
v 4.802094 166.343475 10.169076
v 4.268507 166.537155 10.280344
v 4.789881 166.384750 10.047761
v 3.562380 166.560562 10.741629
v 3.571230 166.609741 10.615241
v 2.596206 166.438721 11.148529
v 2.594617 166.477631 11.040603
v 5.478314 165.939499 9.822492
v 5.456407 165.976837 9.710647
v 5.369111 166.108673 9.914803
v 5.351807 166.143265 9.797691
v 5.150409 166.233337 10.022527
v 5.134164 166.268585 9.904146
v 6.055974 165.402740 9.090178
v 6.057773 165.784393 9.242562
v 5.936881 165.810471 9.266524
v 5.938748 165.419739 9.117056
v 6.701162 167.192154 -1.985816
v 6.519239 167.441605 -1.988021
v 6.450777 167.407364 -2.049232
v 6.645280 167.106750 -2.074038
v 0.225548 165.562653 11.482333
v 0.224972 165.659164 11.515841
v 0.241848 165.592728 11.347454
v 0.237050 165.705536 11.399408
v -0.004857 165.573914 11.504440
v -0.003015 165.664291 11.525440
v -0.005215 165.592804 11.391989
v -0.004338 165.718338 11.418667
v 0.542690 165.506851 11.342449
v 0.534591 165.655182 11.409424
v 0.532337 165.693695 11.286752
v 0.543452 165.546585 11.224464
v 5.887905 165.747742 9.505936
v 5.883271 165.360672 9.356348
v 5.809274 165.381897 9.313912
v 5.806950 165.774231 9.459352
v 6.917911 167.655701 -0.895887
v 6.801682 167.742477 -0.945671
v 7.184428 167.189301 -0.981426
v 7.341864 167.071579 -0.955939
v -1.396109 164.131699 10.412612
v -1.372548 164.539001 10.663699
v -1.736971 164.497818 10.534731
v -1.764684 164.060287 10.273005
v -1.307299 164.997208 10.898161
v -1.677482 165.011017 10.791951
v -1.153373 164.599503 10.747477
v -1.100611 165.019928 10.935507
v -1.174142 164.203003 10.531342
v -1.647815 165.516876 10.991684
v -1.233069 165.434998 11.081398
v -1.194204 165.803146 11.214659
v -1.640367 165.932617 11.153749
v -1.030892 165.406906 11.100957
v -0.978382 165.737076 11.223600
v -0.894117 165.655212 11.201461
v -0.940265 165.376846 11.092017
v -0.908616 165.356415 11.079504
v -0.882619 165.560257 11.163412
v -1.000335 165.049347 10.951997
v -0.961208 165.066864 10.956844
v -1.012029 164.689835 10.798156
v -1.049337 164.656387 10.780414
v -1.078428 164.297897 10.665685
v -1.038974 164.409592 10.715780
v -1.189896 166.033249 11.292913
v -1.663949 166.182343 11.244311
v -0.959953 165.938705 11.289468
v -0.854399 165.655060 11.196939
v -0.868154 165.833374 11.261728
v -1.764375 163.794662 10.108424
v -1.408639 163.885223 10.233670
v -1.204503 163.942871 10.427800
v -1.096188 164.057022 10.561991
v -1.044849 164.294754 10.699541
v -5.349218 165.773438 9.674168
v -5.343510 165.441223 9.556458
v -5.320599 165.416962 9.557869
v -5.330250 165.667831 9.646696
v -5.313173 165.060974 9.407954
v -5.294518 165.062485 9.419388
v -5.254669 164.710968 9.269398
v -5.270956 164.684067 9.246501
v -5.231273 164.360840 9.097268
v -5.228134 164.465561 9.156290
v -0.991522 164.660614 10.789871
v -0.937677 165.082260 10.956617
v -0.881496 165.382599 11.085282
v -4.139200 166.212036 10.217287
v -4.208358 166.500732 10.269413
v -4.717563 166.346954 10.047153
v -4.677778 166.080444 9.989798
v -3.524036 166.577530 10.597217
v -3.423410 166.283508 10.545034
v -2.567162 166.438690 11.019859
v -2.488015 166.156784 10.932910
v -4.525589 163.928391 9.085855
v -3.918608 163.823624 9.239860
v -3.924358 164.074417 9.394292
v -4.534404 164.168655 9.226174
v -3.117311 163.742065 9.511653
v -3.118246 163.993805 9.679708
v -2.326429 164.009918 10.039114
v -2.309230 163.746597 9.876176
v -2.329072 164.478394 10.286948
v -3.124127 164.468094 9.932305
v -2.320614 165.074661 10.547747
v -3.153277 165.107758 10.197125
v -3.933528 164.524780 9.630107
v -4.539819 164.579712 9.438555
v -3.955923 165.108856 9.884425
v -4.566349 165.099823 9.672874
v -4.618654 165.631927 9.864338
v -4.031362 165.715118 10.091115
v -3.260717 165.763443 10.410497
v -2.385994 165.677444 10.765450
v -5.317370 165.784439 9.693485
v -5.334076 165.984756 9.749906
v -5.250620 166.124115 9.817949
v -5.229978 165.893799 9.757477
v -5.051951 166.230850 9.908101
v -5.028330 165.982254 9.847292
v -5.193233 164.167648 9.005234
v -5.198987 164.356903 9.111222
v -5.098879 164.057846 8.975808
v -5.104202 164.275497 9.098711
v -4.904055 164.220383 9.135012
v -4.890501 163.994141 9.003664
v -4.914182 164.613251 9.335595
v -5.122130 164.631546 9.278828
v -4.941736 165.088470 9.547783
v -5.157964 165.077072 9.471589
v -5.222929 164.682587 9.268811
v -5.259615 165.065964 9.434375
v -5.290745 165.450882 9.582367
v -5.197289 165.517273 9.637303
v -4.986908 165.569763 9.722198
v -1.418240 164.058914 10.521667
v -1.780389 164.005859 10.383699
v -1.760818 164.439865 10.631084
v -1.393733 164.466766 10.763553
v -1.714433 164.960297 10.883735
v -1.329822 164.944336 10.994854
v -1.122688 164.965714 11.036818
v -1.179163 164.502823 10.841138
v -1.195838 164.131897 10.630619
v -1.675383 165.470932 11.093773
v -1.670509 165.890137 11.252677
v -1.225287 165.775238 11.321853
v -1.263155 165.402832 11.185257
v -1.005623 165.712402 11.335818
v -1.052423 165.377365 11.206673
v -0.911353 165.629303 11.311143
v -0.892446 165.537552 11.276722
v -0.915351 165.330109 11.187714
v -0.956058 165.344620 11.197780
v -0.968611 165.010742 11.056012
v -1.015939 164.992233 11.052322
v -1.026432 164.599228 10.901835
v -1.055900 164.328003 10.784125
v -1.089743 164.215698 10.726169
v -1.072888 164.560303 10.888760
v -1.692152 166.147537 11.342596
v -1.220660 166.010208 11.401657
v -0.987709 165.919479 11.405929
v -0.861709 165.632645 11.309775
v -0.886102 165.808640 11.375204
v -1.788037 163.748016 10.223995
v -1.431781 163.821335 10.350936
v -1.205610 163.892181 10.489449
v -1.044050 164.201584 10.761563
v -1.106336 164.008514 10.655807
v -5.380686 165.740891 9.775454
v -5.358040 165.636108 9.748961
v -5.347801 165.386780 9.659587
v -5.372365 165.411606 9.654522
v -5.323228 165.038071 9.524139
v -5.348760 165.035873 9.508636
v -5.277764 164.697372 9.377045
v -5.245597 164.456924 9.267043
v -5.253595 164.355560 9.208171
v -5.300943 164.671082 9.351321
v -1.003042 164.570709 10.886215
v -0.939125 165.025375 11.055754
v -0.884414 165.361542 11.195247
v -4.146817 166.168015 10.332432
v -4.689863 166.042725 10.100419
v -4.727017 166.310471 10.161123
v -4.210929 166.457886 10.389328
v -3.511270 166.523834 10.716608
v -3.423755 166.226379 10.659016
v -2.493309 166.116318 11.040125
v -2.564345 166.399887 11.122002
v -4.520276 163.917618 9.209558
v -4.526346 164.153610 9.347720
v -3.930271 164.063599 9.516304
v -3.917023 163.819489 9.364989
v -3.141474 163.974640 9.794625
v -3.131653 163.722229 9.628040
v -2.351552 163.975418 10.146208
v -2.337433 163.711960 9.986330
v -2.367091 164.437714 10.386759
v -3.160562 164.445908 10.038093
v -3.194798 165.079559 10.303914
v -2.367787 165.032639 10.646431
v -4.543093 164.565903 9.561522
v -3.947340 164.505646 9.748507
v -4.576340 165.081467 9.788522
v -3.973478 165.086517 9.997841
v -4.627849 165.602539 9.975546
v -4.049998 165.676559 10.202999
v -3.291748 165.713470 10.519468
v -2.411076 165.635269 10.872694
v -5.337948 165.752808 9.798604
v -5.356051 165.951447 9.855668
v -5.266466 166.090836 9.928034
v -5.247610 165.859406 9.864448
v -5.046721 165.951721 9.958834
v -5.070129 166.198776 10.020951
v -5.207834 164.349915 9.225001
v -5.201734 164.158508 9.120076
v -5.104846 164.260681 9.214880
v -5.093545 164.044952 9.092261
v -4.895449 164.210358 9.255842
v -4.886734 163.978561 9.124099
v -4.913048 164.595276 9.453400
v -5.127148 164.624512 9.394458
v -5.167732 165.053024 9.582164
v -4.950830 165.072647 9.659476
v -5.236428 164.668121 9.380330
v -5.278165 165.043991 9.543068
v -5.310081 165.423477 9.688827
v -5.215905 165.488037 9.745848
v -4.999639 165.546204 9.833607
v -1.693561 166.203674 11.365841
v -1.665819 166.239319 11.264957
v -1.176662 166.082657 11.308509
v -1.207790 166.061920 11.424915
v -0.924670 165.977478 11.301810
v -0.952345 165.959335 11.425067
v -0.830840 165.828140 11.384343
v -0.814941 165.854187 11.264862
v -0.794456 165.665726 11.190628
v -0.802959 165.638412 11.309087
v -6.581512 167.174301 -2.073301
v -6.560830 167.045609 -2.155880
v -6.344193 167.397629 -2.141489
v -6.373576 167.470032 -2.087454
v -5.428857 164.921875 9.418749
v -5.396243 164.944000 9.313843
v -5.409730 165.376541 9.494296
v -5.440794 165.349686 9.598299
v -0.819396 165.369827 11.185493
v -0.816665 165.395462 11.075458
v -0.858488 165.102509 10.929194
v -0.861466 165.050125 11.045735
v -4.742293 166.366150 10.172902
v -4.733576 166.405945 10.053166
v -4.225142 166.560150 10.273112
v -4.228268 166.514908 10.400329
v -3.546928 166.635315 10.599846
v -3.534174 166.583176 10.726981
v -2.580253 166.456741 11.139203
v -2.583686 166.498688 11.032528
v -5.440156 165.714432 9.739361
v -5.409373 165.746765 9.633756
v -5.387991 165.991531 9.725924
v -5.410440 165.956024 9.837647
v -5.285413 166.158340 9.810332
v -5.305652 166.126038 9.928752
v -5.088676 166.249420 10.031385
v -5.071639 166.286240 9.914047
v -1.695234 166.147659 11.344152
v -1.221141 166.010040 11.404439
v -1.189285 166.032944 11.290061
v -1.666053 166.183502 11.241501
v -0.988207 165.919540 11.409106
v -0.959511 165.938965 11.286639
v -0.886653 165.807053 11.377248
v -0.861945 165.628021 11.310810
v -0.853401 165.652130 11.192887
v -0.867356 165.832672 11.258442
v -5.379109 165.352951 9.632990
v -5.379886 165.714706 9.768973
v -5.348266 165.748581 9.663066
v -5.348505 165.380341 9.528669
v -5.368045 164.923584 9.455933
v -5.330932 164.946945 9.349862
v -0.880169 165.352188 11.193947
v -0.875842 165.377274 11.081205
v -0.923539 165.011292 11.053717
v -0.919335 165.071350 10.943665
v -4.726046 166.309769 10.164176
v -4.210972 166.456009 10.391847
v -4.207660 166.501450 10.266348
v -4.717172 166.349487 10.044452
v -3.515784 166.522858 10.717254
v -3.529714 166.577682 10.591673
v -2.570290 166.400375 11.122220
v -2.573457 166.441986 11.015095
v -5.356149 165.943466 9.855600
v -5.333377 165.979706 9.745059
v -5.266568 166.086014 9.929716
v -5.250369 166.120239 9.813491
v -5.069708 166.196747 10.023381
v -5.051542 166.231430 9.905355
v -5.817776 165.370789 9.371611
v -5.818094 165.757782 9.520288
v -5.739379 165.784973 9.475664
v -5.740820 165.391998 9.330234
v -5.989491 165.405823 9.105306
v -7.396846 167.037827 -0.976166
v -7.007052 167.662628 -0.855304
v -5.990296 165.791367 9.258977
v -6.865080 167.744812 -0.907752
v -5.870491 165.819366 9.283753
v -7.234731 167.167694 -1.005506
v -5.872096 165.429550 9.136278
v -0.536820 165.652786 11.401180
v -0.548521 165.501602 11.330030
v -0.549924 165.539459 11.212586
v -0.536780 165.690735 11.277243
v -0.231001 165.657196 11.510208
v -0.235337 165.561279 11.475731
v -0.255545 165.586670 11.335484
v -0.245329 165.703827 11.393323
v -0.851279 165.058762 10.844785
v -0.990996 165.244293 10.490394
v -0.681733 165.381348 10.909760
v -0.787277 165.435455 10.644202
v -0.996897 164.729202 10.685929
v -1.185426 164.953979 10.363675
v -1.015778 165.161423 10.738491
v -0.665239 165.537277 10.818895
v -0.896152 165.124847 10.662356
v -1.176031 164.718460 10.418272
v -0.898921 165.269653 10.942881
v -0.899589 165.222366 10.949434
v -0.834323 165.315628 11.063024
v -0.841571 165.272293 11.069209
v -0.882723 165.288177 11.084225
v -0.889953 165.241791 11.089061
v -0.949358 165.244736 10.955202
v -0.951337 165.189194 10.960370
v -1.004913 165.139023 10.717338
v -0.999553 165.180695 10.726675
v -0.953661 165.193680 10.734358
v -0.960096 165.153458 10.728316
v 0.843401 165.074112 10.851796
v 0.990274 165.247696 10.491632
v 0.677050 165.387955 10.915133
v 0.784560 165.439850 10.647128
v 0.986583 164.749817 10.694376
v 1.179842 164.960907 10.367863
v 1.013993 165.169815 10.743505
v 0.661667 165.541138 10.822592
v 0.889445 165.136322 10.667310
v 1.167460 164.735077 10.425516
v 0.897618 165.277985 10.950521
v 0.897700 165.231674 10.956601
v 0.832688 165.322464 11.071536
v 0.839940 165.279648 11.077310
v 0.882372 165.293701 11.091796
v 0.889085 165.248444 11.098122
v 0.949182 165.250732 10.962268
v 0.949901 165.195419 10.966623
v 1.001857 165.148468 10.722685
v 0.998136 165.188110 10.730472
v 0.950452 165.202576 10.739082
v 0.956008 165.163834 10.733495
vt 0.522560 0.772025
vt 0.521831 0.789006
vt 0.534341 0.788566
vt 0.535253 0.770886
vt 0.520141 0.809272
vt 0.532806 0.809821
vt 0.514350 0.789993
vt 0.512740 0.809070
vt 0.515323 0.774040
vt 0.531998 0.831173
vt 0.518623 0.829639
vt 0.517678 0.846664
vt 0.531032 0.849093
vt 0.511220 0.828158
vt 0.510268 0.844121
vt 0.507030 0.840069
vt 0.507795 0.825902
vt 0.506599 0.824528
vt 0.506307 0.835288
vt 0.509082 0.808994
vt 0.507693 0.808983
vt 0.509262 0.793422
vt 0.510642 0.792072
vt 0.511748 0.777885
vt 0.510504 0.782660
vt 0.517334 0.856984
vt 0.530821 0.859946
vt 0.509848 0.853791
vt 0.505562 0.839809
vt 0.506493 0.848649
vt 0.535842 0.760301
vt 0.523004 0.761900
vt 0.515604 0.764478
vt 0.511980 0.769378
vt 0.510311 0.778146
vt 0.643239 0.842651
vt 0.643284 0.829602
vt 0.642604 0.828511
vt 0.642702 0.838392
vt 0.642507 0.814568
vt 0.641881 0.814529
vt 0.640767 0.800519
vt 0.641309 0.799487
vt 0.640117 0.786250
vt 0.639890 0.790539
vt 0.508579 0.792277
vt 0.506872 0.809004
vt 0.505710 0.825705
vt 0.601669 0.853011
vt 0.601669 0.864445
vt 0.620150 0.861299
vt 0.620087 0.850662
vt 0.578282 0.865785
vt 0.578184 0.854092
vt 0.552627 0.863807
vt 0.552638 0.852337
vt 0.618198 0.766806
vt 0.601224 0.762501
vt 0.601034 0.773776
vt 0.618159 0.777485
vt 0.579603 0.759022
vt 0.579054 0.770452
vt 0.555368 0.769862
vt 0.556054 0.758699
vt 0.554424 0.788509
vt 0.578390 0.789351
vt 0.553280 0.810877
vt 0.577925 0.811824
vt 0.600873 0.792017
vt 0.618348 0.794531
vt 0.601052 0.813232
vt 0.618955 0.814146
vt 0.619689 0.833699
vt 0.601456 0.834518
vt 0.578031 0.834675
vt 0.552929 0.833367
vt 0.642084 0.842845
vt 0.642385 0.851032
vt 0.639248 0.855905
vt 0.639073 0.846582
vt 0.632249 0.858792
vt 0.632146 0.848797
vt 0.638960 0.777693
vt 0.638990 0.785995
vt 0.635918 0.772726
vt 0.635931 0.782200
vt 0.629351 0.779881
vt 0.629349 0.769721
vt 0.629737 0.796030
vt 0.636458 0.797280
vt 0.630628 0.814479
vt 0.637497 0.814523
vt 0.639719 0.799271
vt 0.640809 0.814510
vt 0.641670 0.829730
vt 0.638524 0.831713
vt 0.631620 0.832868
vt 0.522565 0.770970
vt 0.535290 0.769823
vt 0.534605 0.787516
vt 0.521838 0.787957
vt 0.533245 0.808818
vt 0.520133 0.808281
vt 0.512680 0.808096
vt 0.514285 0.788989
vt 0.515257 0.772995
vt 0.531991 0.830235
vt 0.531032 0.848202
vt 0.517657 0.845777
vt 0.518609 0.828698
vt 0.510191 0.843230
vt 0.511171 0.827222
vt 0.506763 0.839173
vt 0.505815 0.834376
vt 0.506054 0.823592
vt 0.507580 0.824965
vt 0.507147 0.808020
vt 0.508847 0.808027
vt 0.508765 0.792433
vt 0.510049 0.781648
vt 0.511497 0.776859
vt 0.510441 0.791079
vt 0.530816 0.859080
vt 0.517307 0.856122
vt 0.509759 0.852930
vt 0.505014 0.838919
vt 0.506199 0.847777
vt 0.535873 0.759250
vt 0.523004 0.760852
vt 0.515526 0.763435
vt 0.509797 0.777121
vt 0.511705 0.768338
vt 0.643873 0.841765
vt 0.643254 0.837483
vt 0.643175 0.827578
vt 0.644065 0.828691
vt 0.642450 0.813579
vt 0.643322 0.813626
vt 0.641322 0.799547
vt 0.640419 0.789549
vt 0.640722 0.785245
vt 0.642068 0.798512
vt 0.507913 0.791282
vt 0.506122 0.808046
vt 0.505011 0.824789
vt 0.601688 0.852118
vt 0.620097 0.849764
vt 0.620162 0.860435
vt 0.601676 0.863577
vt 0.578294 0.864915
vt 0.578238 0.853198
vt 0.552647 0.851443
vt 0.552636 0.862939
vt 0.618208 0.765754
vt 0.618165 0.776457
vt 0.601099 0.772748
vt 0.601247 0.761445
vt 0.579240 0.769441
vt 0.579672 0.757978
vt 0.555493 0.768824
vt 0.556104 0.757663
vt 0.554964 0.787499
vt 0.578928 0.788391
vt 0.578528 0.810872
vt 0.553967 0.809922
vt 0.618353 0.793535
vt 0.601035 0.791024
vt 0.618961 0.813172
vt 0.601215 0.812254
vt 0.619695 0.832753
vt 0.601538 0.833570
vt 0.578341 0.833734
vt 0.553172 0.832435
vt 0.642392 0.841945
vt 0.642721 0.850160
vt 0.639340 0.855039
vt 0.639153 0.845688
vt 0.632167 0.847900
vt 0.632274 0.857931
vt 0.639282 0.784988
vt 0.639279 0.776666
vt 0.636004 0.781187
vt 0.636001 0.771689
vt 0.629368 0.778863
vt 0.629372 0.768674
vt 0.629748 0.795046
vt 0.636506 0.796304
vt 0.637541 0.813566
vt 0.630638 0.813516
vt 0.639926 0.798295
vt 0.641006 0.813554
vt 0.641890 0.828786
vt 0.638575 0.830773
vt 0.631634 0.831925
vt 0.577557 0.973821
vt 0.580886 0.973819
vt 0.581284 0.985233
vt 0.577955 0.985255
vt 0.581797 0.992002
vt 0.578469 0.992076
vt 0.612548 0.908750
vt 0.609232 0.909262
vt 0.607878 0.903839
vt 0.611167 0.903320
vt 0.582694 0.995351
vt 0.579379 0.995594
vt 0.685055 0.881835
vt 0.682428 0.878912
vt 0.697673 0.880638
vt 0.694950 0.883842
vt 0.615471 0.890207
vt 0.618707 0.890741
vt 0.616481 0.900396
vt 0.613231 0.899879
vt 0.614004 0.889229
vt 0.610736 0.889762
vt 0.608508 0.880094
vt 0.611764 0.879542
vt 0.577380 0.899559
vt 0.580709 0.899569
vt 0.580297 0.914946
vt 0.576969 0.914941
vt 0.580122 0.934269
vt 0.576794 0.934270
vt 0.577052 0.955622
vt 0.580382 0.955622
vt 0.603917 0.903320
vt 0.607194 0.903826
vt 0.605826 0.909253
vt 0.602515 0.908746
vt 0.579133 0.879541
vt 0.582444 0.879819
vt 0.581545 0.883004
vt 0.578216 0.882928
vt 0.577722 0.889356
vt 0.581052 0.889377
vt 0.588346 0.972023
vt 0.587962 0.983250
vt 0.584633 0.983228
vt 0.585016 0.972015
vt 0.587540 0.989492
vt 0.584211 0.989418
vt 0.599168 0.902362
vt 0.600348 0.897317
vt 0.603638 0.897836
vt 0.602482 0.902875
vt 0.586842 0.992436
vt 0.583528 0.992193
vt 0.595273 0.889186
vt 0.597130 0.897304
vt 0.593853 0.897812
vt 0.592024 0.889702
vt 0.593063 0.879542
vt 0.589827 0.880076
vt 0.602206 0.889195
vt 0.605474 0.889728
vt 0.604418 0.879542
vt 0.607674 0.880095
vt 0.588523 0.898196
vt 0.588930 0.913483
vt 0.585601 0.913488
vt 0.585194 0.898206
vt 0.589103 0.932695
vt 0.585774 0.932694
vt 0.588847 0.953919
vt 0.585518 0.953913
vt 0.598316 0.902371
vt 0.595005 0.902878
vt 0.587116 0.879541
vt 0.587801 0.882337
vt 0.584472 0.882414
vt 0.583806 0.879819
vt 0.588193 0.888180
vt 0.584864 0.888201
vt 0.536892 0.975059
vt 0.538242 0.975276
vt 0.536543 0.986710
vt 0.535229 0.986287
vt 0.548569 0.985626
vt 0.547255 0.986050
vt 0.545555 0.974636
vt 0.546905 0.974413
vt 0.534493 0.993531
vt 0.533435 0.992528
vt 0.550363 0.991817
vt 0.549306 0.992819
vt 0.530519 0.995473
vt 0.531046 0.997050
vt 0.525616 0.998214
vt 0.525474 0.996464
vt 0.558315 0.995381
vt 0.558172 0.997130
vt 0.552749 0.996167
vt 0.553276 0.994591
vt 0.518521 0.881279
vt 0.518589 0.879542
vt 0.526794 0.879861
vt 0.526640 0.881604
vt 0.557160 0.881485
vt 0.557007 0.879742
vt 0.565201 0.879541
vt 0.565270 0.881279
vt 0.508877 0.881533
vt 0.508918 0.879800
vt 0.574855 0.879827
vt 0.574897 0.881561
vt 0.599432 0.903744
vt 0.601166 0.903319
vt 0.601831 0.906556
vt 0.600098 0.906980
vt 0.517383 0.998356
vt 0.517352 0.996608
vt 0.566423 0.995426
vt 0.566392 0.997173
vt 0.507695 0.997775
vt 0.507698 0.996032
vt 0.598182 0.906949
vt 0.596439 0.906579
vt 0.597005 0.903323
vt 0.598748 0.903692
vt 0.576056 0.994827
vt 0.576060 0.996570
vt 0.537660 0.901232
vt 0.539014 0.901015
vt 0.540784 0.916396
vt 0.539423 0.916520
vt 0.544372 0.915887
vt 0.543011 0.915763
vt 0.544784 0.900386
vt 0.546137 0.900604
vt 0.541539 0.935725
vt 0.540172 0.935731
vt 0.543622 0.935093
vt 0.542255 0.935086
vt 0.539061 0.956955
vt 0.540420 0.957078
vt 0.543375 0.956439
vt 0.544734 0.956311
vt 0.532220 0.880996
vt 0.531706 0.882578
vt 0.552094 0.882217
vt 0.551580 0.880636
vt 0.535616 0.884383
vt 0.534566 0.885374
vt 0.549235 0.884812
vt 0.548184 0.883821
vt 0.536232 0.891217
vt 0.537552 0.890811
vt 0.546247 0.890194
vt 0.547567 0.890599
vt 0.728412 0.945907
vt 0.739338 0.945485
vt 0.740049 0.954123
vt 0.729015 0.954191
vt 0.739423 0.956573
vt 0.729473 0.957490
vt 0.729329 0.934511
vt 0.739043 0.933789
vt 0.738541 0.942966
vt 0.728624 0.942650
vt 0.739132 0.919153
vt 0.740012 0.756965
vt 0.745319 0.756580
vt 0.744191 0.919517
vt 0.747234 0.756349
vt 0.746087 0.919621
vt 0.730848 0.921450
vt 0.730682 0.756919
vt 0.735964 0.757328
vt 0.736140 0.921191
vt 0.737240 0.919306
vt 0.738068 0.757179
vt 0.628360 0.887356
vt 0.643656 0.888223
vt 0.643766 0.897877
vt 0.628618 0.902410
vt 0.629354 0.912340
vt 0.644502 0.907637
vt 0.643508 0.913599
vt 0.628360 0.918313
vt 0.628438 0.932579
vt 0.643587 0.937240
vt 0.643654 0.946872
vt 0.628360 0.947608
vt 0.628360 0.918836
vt 0.643655 0.921957
vt 0.644471 0.927959
vt 0.629174 0.924850
vt 0.659198 0.889167
vt 0.669798 0.889276
vt 0.669798 0.896560
vt 0.659375 0.896452
vt 0.660111 0.903302
vt 0.670534 0.902832
vt 0.670534 0.908781
vt 0.659189 0.909251
vt 0.659268 0.938711
vt 0.670612 0.938603
vt 0.670612 0.945869
vt 0.659311 0.945978
vt 0.659311 0.925614
vt 0.670613 0.926084
vt 0.670613 0.932071
vt 0.660012 0.931601
vt 0.747319 0.944961
vt 0.747908 0.954014
vt 0.744987 0.942512
vt 0.745107 0.933626
vt 0.745930 0.956789
vt 0.697207 0.957931
vt 0.700957 0.959146
vt 0.705793 0.883502
vt 0.715780 0.879197
vt 0.715971 0.954249
vt 0.705965 0.958516
vt 0.687040 0.954089
vt 0.683253 0.952819
vt 0.522560 0.772025
vt 0.535253 0.770886
vt 0.534341 0.788566
vt 0.521831 0.789006
vt 0.532806 0.809821
vt 0.520141 0.809272
vt 0.512740 0.809070
vt 0.514350 0.789993
vt 0.515323 0.774040
vt 0.531998 0.831173
vt 0.531032 0.849093
vt 0.517678 0.846664
vt 0.518623 0.829639
vt 0.510268 0.844121
vt 0.511220 0.828158
vt 0.507030 0.840069
vt 0.506307 0.835288
vt 0.506599 0.824528
vt 0.507795 0.825902
vt 0.507693 0.808983
vt 0.509082 0.808994
vt 0.509262 0.793422
vt 0.510504 0.782660
vt 0.511748 0.777885
vt 0.510642 0.792072
vt 0.530821 0.859946
vt 0.517334 0.856984
vt 0.509848 0.853791
vt 0.505562 0.839809
vt 0.506493 0.848649
vt 0.535842 0.760301
vt 0.523004 0.761900
vt 0.515604 0.764478
vt 0.510311 0.778146
vt 0.511980 0.769378
vt 0.643239 0.842651
vt 0.642702 0.838392
vt 0.642604 0.828511
vt 0.643284 0.829602
vt 0.641881 0.814529
vt 0.642507 0.814568
vt 0.640767 0.800519
vt 0.639890 0.790539
vt 0.640117 0.786250
vt 0.641309 0.799487
vt 0.508579 0.792277
vt 0.506872 0.809004
vt 0.505710 0.825705
vt 0.601669 0.853011
vt 0.620087 0.850662
vt 0.620150 0.861299
vt 0.601669 0.864445
vt 0.578282 0.865785
vt 0.578184 0.854092
vt 0.552638 0.852337
vt 0.552627 0.863807
vt 0.618198 0.766806
vt 0.618159 0.777485
vt 0.601034 0.773776
vt 0.601224 0.762501
vt 0.579054 0.770452
vt 0.579603 0.759022
vt 0.555368 0.769862
vt 0.556054 0.758699
vt 0.554424 0.788509
vt 0.578390 0.789351
vt 0.577925 0.811824
vt 0.553280 0.810877
vt 0.618348 0.794531
vt 0.600873 0.792017
vt 0.618955 0.814146
vt 0.601052 0.813232
vt 0.619689 0.833699
vt 0.601456 0.834518
vt 0.578031 0.834675
vt 0.552929 0.833367
vt 0.642084 0.842845
vt 0.642385 0.851032
vt 0.639248 0.855905
vt 0.639073 0.846582
vt 0.632146 0.848797
vt 0.632249 0.858792
vt 0.638990 0.785995
vt 0.638960 0.777693
vt 0.635931 0.782200
vt 0.635918 0.772726
vt 0.629351 0.779881
vt 0.629349 0.769721
vt 0.629737 0.796030
vt 0.636458 0.797280
vt 0.637497 0.814523
vt 0.630628 0.814479
vt 0.639719 0.799271
vt 0.640809 0.814510
vt 0.641670 0.829730
vt 0.638524 0.831713
vt 0.631620 0.832868
vt 0.522565 0.770970
vt 0.521838 0.787957
vt 0.534605 0.787516
vt 0.535290 0.769823
vt 0.520133 0.808281
vt 0.533245 0.808818
vt 0.514285 0.788989
vt 0.512680 0.808096
vt 0.515257 0.772995
vt 0.531991 0.830235
vt 0.518609 0.828698
vt 0.517657 0.845777
vt 0.531032 0.848202
vt 0.511171 0.827222
vt 0.510191 0.843230
vt 0.506763 0.839173
vt 0.507580 0.824965
vt 0.506054 0.823592
vt 0.505815 0.834376
vt 0.508847 0.808027
vt 0.507147 0.808020
vt 0.508765 0.792433
vt 0.510441 0.791079
vt 0.511497 0.776859
vt 0.510049 0.781648
vt 0.517307 0.856122
vt 0.530816 0.859080
vt 0.509759 0.852930
vt 0.505014 0.838919
vt 0.506199 0.847777
vt 0.535873 0.759250
vt 0.523004 0.760852
vt 0.515526 0.763435
vt 0.511705 0.768338
vt 0.509797 0.777121
vt 0.643873 0.841765
vt 0.644065 0.828691
vt 0.643175 0.827578
vt 0.643254 0.837483
vt 0.643322 0.813626
vt 0.642450 0.813579
vt 0.641322 0.799547
vt 0.642068 0.798512
vt 0.640722 0.785245
vt 0.640419 0.789549
vt 0.507913 0.791282
vt 0.506122 0.808046
vt 0.505011 0.824789
vt 0.601688 0.852118
vt 0.601676 0.863577
vt 0.620162 0.860435
vt 0.620097 0.849764
vt 0.578294 0.864915
vt 0.578238 0.853198
vt 0.552636 0.862939
vt 0.552647 0.851443
vt 0.618208 0.765754
vt 0.601247 0.761445
vt 0.601099 0.772748
vt 0.618165 0.776457
vt 0.579672 0.757978
vt 0.579240 0.769441
vt 0.555493 0.768824
vt 0.556104 0.757663
vt 0.554964 0.787499
vt 0.578928 0.788391
vt 0.553967 0.809922
vt 0.578528 0.810872
vt 0.601035 0.791024
vt 0.618353 0.793535
vt 0.601215 0.812254
vt 0.618961 0.813172
vt 0.619695 0.832753
vt 0.601538 0.833570
vt 0.578341 0.833734
vt 0.553172 0.832435
vt 0.642392 0.841945
vt 0.642721 0.850160
vt 0.639340 0.855039
vt 0.639153 0.845688
vt 0.632274 0.857931
vt 0.632167 0.847900
vt 0.639279 0.776666
vt 0.639282 0.784988
vt 0.636001 0.771689
vt 0.636004 0.781187
vt 0.629368 0.778863
vt 0.629372 0.768674
vt 0.629748 0.795046
vt 0.636506 0.796304
vt 0.630638 0.813516
vt 0.637541 0.813566
vt 0.639926 0.798295
vt 0.641006 0.813554
vt 0.641890 0.828786
vt 0.638575 0.830773
vt 0.631634 0.831925
vt 0.577557 0.973821
vt 0.577955 0.985255
vt 0.581284 0.985233
vt 0.580886 0.973819
vt 0.578469 0.992076
vt 0.581797 0.992002
vt 0.612548 0.908750
vt 0.611167 0.903320
vt 0.607878 0.903839
vt 0.609232 0.909262
vt 0.579379 0.995594
vt 0.582694 0.995351
vt 0.685055 0.881835
vt 0.694950 0.883842
vt 0.697673 0.880638
vt 0.682428 0.878912
vt 0.615471 0.890207
vt 0.613231 0.899879
vt 0.616481 0.900396
vt 0.618707 0.890741
vt 0.614004 0.889229
vt 0.611764 0.879542
vt 0.608508 0.880094
vt 0.610736 0.889762
vt 0.577380 0.899559
vt 0.576969 0.914941
vt 0.580297 0.914946
vt 0.580709 0.899569
vt 0.576794 0.934270
vt 0.580122 0.934269
vt 0.577052 0.955622
vt 0.580382 0.955622
vt 0.603917 0.903320
vt 0.602515 0.908746
vt 0.605826 0.909253
vt 0.607194 0.903826
vt 0.579133 0.879541
vt 0.578216 0.882928
vt 0.581545 0.883004
vt 0.582444 0.879819
vt 0.577722 0.889356
vt 0.581052 0.889377
vt 0.588346 0.972023
vt 0.585016 0.972015
vt 0.584633 0.983228
vt 0.587962 0.983250
vt 0.584211 0.989418
vt 0.587540 0.989492
vt 0.599168 0.902362
vt 0.602482 0.902875
vt 0.603638 0.897836
vt 0.600348 0.897317
vt 0.583528 0.992193
vt 0.586842 0.992436
vt 0.595273 0.889186
vt 0.592024 0.889702
vt 0.593853 0.897812
vt 0.597130 0.897304
vt 0.593063 0.879542
vt 0.589827 0.880076
vt 0.605474 0.889728
vt 0.602206 0.889195
vt 0.607674 0.880095
vt 0.604418 0.879542
vt 0.588523 0.898196
vt 0.585194 0.898206
vt 0.585601 0.913488
vt 0.588930 0.913483
vt 0.585774 0.932694
vt 0.589103 0.932695
vt 0.588847 0.953919
vt 0.585518 0.953913
vt 0.595005 0.902878
vt 0.598316 0.902371
vt 0.587116 0.879541
vt 0.583806 0.879819
vt 0.584472 0.882414
vt 0.587801 0.882337
vt 0.588193 0.888180
vt 0.584864 0.888201
vt 0.536892 0.975059
vt 0.535229 0.986287
vt 0.536543 0.986710
vt 0.538242 0.975276
vt 0.548569 0.985626
vt 0.546905 0.974413
vt 0.545555 0.974636
vt 0.547255 0.986050
vt 0.533435 0.992528
vt 0.534493 0.993531
vt 0.550363 0.991817
vt 0.549306 0.992819
vt 0.530519 0.995473
vt 0.525474 0.996464
vt 0.525616 0.998214
vt 0.531046 0.997050
vt 0.558315 0.995381
vt 0.553276 0.994591
vt 0.552749 0.996167
vt 0.558172 0.997130
vt 0.518521 0.881279
vt 0.526640 0.881604
vt 0.526794 0.879861
vt 0.518589 0.879542
vt 0.557160 0.881485
vt 0.565270 0.881279
vt 0.565201 0.879541
vt 0.557007 0.879742
vt 0.508877 0.881533
vt 0.508918 0.879800
vt 0.574897 0.881561
vt 0.574855 0.879827
vt 0.599432 0.903744
vt 0.600098 0.906980
vt 0.601831 0.906556
vt 0.601166 0.903319
vt 0.517352 0.996608
vt 0.517383 0.998356
vt 0.566423 0.995426
vt 0.566392 0.997173
vt 0.507698 0.996032
vt 0.507695 0.997775
vt 0.598182 0.906949
vt 0.598748 0.903692
vt 0.597005 0.903323
vt 0.596439 0.906579
vt 0.576056 0.994827
vt 0.576060 0.996570
vt 0.537660 0.901232
vt 0.539423 0.916520
vt 0.540784 0.916396
vt 0.539014 0.901015
vt 0.544372 0.915887
vt 0.546137 0.900604
vt 0.544784 0.900386
vt 0.543011 0.915763
vt 0.540172 0.935731
vt 0.541539 0.935725
vt 0.543622 0.935093
vt 0.542255 0.935086
vt 0.539061 0.956955
vt 0.540420 0.957078
vt 0.544734 0.956311
vt 0.543375 0.956439
vt 0.531706 0.882578
vt 0.532220 0.880996
vt 0.552094 0.882217
vt 0.551580 0.880636
vt 0.534566 0.885374
vt 0.535616 0.884383
vt 0.549235 0.884812
vt 0.548184 0.883821
vt 0.536232 0.891217
vt 0.537552 0.890811
vt 0.547567 0.890599
vt 0.546247 0.890194
vt 0.728412 0.945907
vt 0.729015 0.954191
vt 0.740049 0.954123
vt 0.739338 0.945485
vt 0.729473 0.957490
vt 0.739423 0.956573
vt 0.729329 0.934511
vt 0.728624 0.942650
vt 0.738541 0.942966
vt 0.739043 0.933789
vt 0.739132 0.919153
vt 0.744191 0.919517
vt 0.745319 0.756580
vt 0.740012 0.756965
vt 0.746087 0.919621
vt 0.747234 0.756349
vt 0.730848 0.921450
vt 0.736140 0.921191
vt 0.735964 0.757328
vt 0.730682 0.756919
vt 0.737240 0.919306
vt 0.738068 0.757179
vt 0.628360 0.887356
vt 0.628618 0.902410
vt 0.643766 0.897877
vt 0.643656 0.888223
vt 0.629354 0.912340
vt 0.628360 0.918313
vt 0.643508 0.913599
vt 0.644502 0.907637
vt 0.628438 0.932579
vt 0.628360 0.947608
vt 0.643654 0.946872
vt 0.643587 0.937240
vt 0.628360 0.918836
vt 0.629174 0.924850
vt 0.644471 0.927959
vt 0.643655 0.921957
vt 0.659198 0.889167
vt 0.659375 0.896452
vt 0.669798 0.896560
vt 0.669798 0.889276
vt 0.660111 0.903302
vt 0.659189 0.909251
vt 0.670534 0.908781
vt 0.670534 0.902832
vt 0.659268 0.938711
vt 0.659311 0.945978
vt 0.670612 0.945869
vt 0.670612 0.938603
vt 0.659311 0.925614
vt 0.660012 0.931601
vt 0.670613 0.932071
vt 0.670613 0.926084
vt 0.747908 0.954014
vt 0.747319 0.944961
vt 0.744987 0.942512
vt 0.745107 0.933626
vt 0.745930 0.956789
vt 0.697207 0.957931
vt 0.700957 0.959146
vt 0.705793 0.883502
vt 0.705965 0.958516
vt 0.715971 0.954249
vt 0.715780 0.879197
vt 0.687040 0.954089
vt 0.683253 0.952819
vt 0.513441 0.764631
vt 0.512160 0.756796
vt 0.507688 0.763705
vt 0.508612 0.752941
vt 0.504596 0.754538
vt 0.508559 0.773206
vt 0.512121 0.771633
vt 0.502459 0.762405
vt 0.503916 0.770080
vt 0.519189 0.763818
vt 0.523399 0.762932
vt 0.521939 0.755418
vt 0.522897 0.770943
vt 0.519081 0.753257
vt 0.516572 0.756774
vt 0.517529 0.772299
vt 0.520388 0.774460
vt 0.516069 0.764785
vt 0.551928 0.907077
vt 0.561366 0.906748
vt 0.561531 0.903933
vt 0.552123 0.903802
vt 0.562562 0.898737
vt 0.552680 0.898452
vt 0.552376 0.901091
vt 0.562187 0.901305
vt 0.552876 0.895146
vt 0.561955 0.895523
vt 0.537636 0.906589
vt 0.537415 0.903499
vt 0.537680 0.898587
vt 0.537744 0.901164
vt 0.537472 0.896026
vt 0.513441 0.764631
vt 0.507688 0.763705
vt 0.512160 0.756796
vt 0.504596 0.754538
vt 0.508612 0.752941
vt 0.512121 0.771633
vt 0.508559 0.773206
vt 0.503916 0.770080
vt 0.502459 0.762405
vt 0.519189 0.763818
vt 0.521939 0.755418
vt 0.523399 0.762932
vt 0.522897 0.770943
vt 0.516572 0.756774
vt 0.519081 0.753257
vt 0.517529 0.772299
vt 0.520388 0.774460
vt 0.516069 0.764785
vt 0.551928 0.907077
vt 0.552123 0.903802
vt 0.561531 0.903933
vt 0.561366 0.906748
vt 0.562562 0.898737
vt 0.562187 0.901305
vt 0.552376 0.901091
vt 0.552680 0.898452
vt 0.552876 0.895146
vt 0.561955 0.895523
vt 0.537636 0.906589
vt 0.537415 0.903499
vt 0.537744 0.901164
vt 0.537680 0.898587
vt 0.537472 0.896026
vn -0.034221 -0.255447 0.966217
vn 0.259328 -0.252010 0.932331
vn -0.031745 -0.214063 0.976304
vn 0.258851 -0.209521 0.942920
vn 0.100916 -0.204554 0.973639
vn 0.101273 -0.246216 0.963910
vn 0.105656 -0.203927 0.973268
vn 0.105682 -0.246157 0.963451
vn 0.083713 -0.248625 0.964976
vn 0.084141 -0.204165 0.975314
vn -0.040844 -0.240196 0.969865
vn 0.267303 -0.237446 0.933899
vn 0.103221 -0.205733 0.973149
vn 0.103641 -0.244811 0.964016
vn 0.102863 -0.225245 0.968857
vn 0.123912 -0.202491 0.971413
vn 0.123690 -0.248411 0.960725
vn 0.103052 -0.225232 0.968840
vn 0.092518 -0.226424 0.969625
vn 0.102965 -0.225246 0.968846
vn 0.114380 -0.226198 0.967342
vn 0.030497 -0.251826 0.967292
vn 0.098309 -0.247250 0.963952
vn 0.033720 -0.208251 0.977494
vn 0.098255 -0.203760 0.974078
vn -0.038350 -0.249619 0.967584
vn -0.037644 -0.226647 0.973249
vn 0.264200 -0.246790 0.932359
vn 0.264366 -0.223093 0.938264
vn -0.733976 -0.071501 0.675402
vn 0.870851 -0.057588 0.488161
vn -0.713764 -0.315941 0.625077
vn 0.851737 -0.270921 0.448494
vn 0.101818 -0.205423 0.973363
vn 0.104676 -0.205173 0.973112
vn -0.014554 0.568082 0.822843
vn 0.102191 -0.245272 0.964053
vn 0.105067 -0.245171 0.963770
vn 0.007363 -0.843645 0.536850
vn 0.102599 -0.232325 0.967212
vn 0.102480 -0.218230 0.970502
vn 0.108542 -0.202723 0.973202
vn 0.183394 -0.205264 0.961371
vn 0.182222 0.569137 0.801797
vn 0.108160 -0.247263 0.962893
vn 0.185510 -0.250279 0.950235
vn 0.179903 -0.835332 0.519476
vn 0.103578 -0.232656 0.967028
vn 0.103535 -0.217783 0.970490
vn 0.090803 -0.234085 0.967966
vn 0.101360 -0.225413 0.968976
vn 0.091088 -0.218694 0.971533
vn 0.054648 -0.230726 0.971483
vn -0.299780 0.461995 0.834681
vn -0.273366 -0.763969 0.584484
vn 0.889923 -0.197964 0.410910
vn -0.763987 -0.225133 0.604682
vn 0.081462 0.573455 0.815177
vn 0.098778 -0.843393 0.528140
vn 0.102905 -0.225244 0.968853
vn 0.103148 -0.231969 0.967239
vn 0.103021 -0.225240 0.968841
vn 0.102997 -0.218583 0.970367
vn 0.467026 0.464242 0.752573
vn 0.439563 -0.737168 0.513194
vn 0.104666 -0.225357 0.968638
vn 0.116142 -0.234279 0.965207
vn 0.158841 -0.229986 0.960144
vn 0.116091 -0.217794 0.969066
vn 0.100807 -0.232791 0.967288
vn 0.100814 -0.218052 0.970716
vn 0.051793 -0.221788 0.973718
vn 0.049468 -0.239095 0.969735
vn -0.075405 0.557810 0.826536
vn -0.602661 0.177682 0.777964
vn -0.056216 -0.836792 0.544627
vn -0.571242 -0.525489 0.630511
vn 0.890238 -0.145033 0.431789
vn 0.879217 -0.228267 0.418177
vn -0.749701 -0.262117 0.607654
vn -0.761991 -0.167977 0.625423
vn 0.144513 0.571779 0.807580
vn 0.021547 0.571062 0.820624
vn 0.156228 -0.838554 0.521939
vn 0.040846 -0.844446 0.534081
vn 0.102811 -0.232036 0.967259
vn 0.103476 -0.232217 0.967144
vn 0.103305 -0.218292 0.970400
vn 0.102681 -0.218521 0.970415
vn 0.759886 0.181249 0.624277
vn 0.241155 0.559661 0.792858
vn 0.728634 -0.476600 0.491880
vn 0.225880 -0.826158 0.516180
vn 0.105298 -0.233181 0.966715
vn 0.164499 -0.238511 0.957106
vn 0.162669 -0.220254 0.961783
vn 0.105398 -0.217426 0.970370
vn -0.098359 0.247177 -0.963965
vn -0.101276 0.246164 -0.963922
vn -0.102599 0.232322 -0.967212
vn -0.100829 0.232777 -0.967289
vn -0.102865 0.225243 -0.968857
vn -0.101365 0.225412 -0.968976
vn -0.092697 0.226407 -0.969612
vn -0.091191 0.233972 -0.967957
vn -0.084441 0.248384 -0.964974
vn -0.102481 0.218225 -0.970503
vn -0.100914 0.204549 -0.973641
vn -0.098279 0.203763 -0.974075
vn -0.100826 0.218054 -0.970714
vn -0.084767 0.204264 -0.975239
vn -0.091408 0.218734 -0.971494
vn 0.032229 0.214701 -0.976148
vn -0.034135 0.208620 -0.977401
vn 0.037702 0.226973 -0.973171
vn -0.053373 0.221795 -0.973631
vn 0.041683 0.240079 -0.969858
vn -0.056853 0.230443 -0.971423
vn 0.034668 0.255014 -0.966316
vn 0.038895 0.249261 -0.967655
vn -0.031367 0.251392 -0.967377
vn -0.051521 0.238701 -0.969725
vn -0.151808 0.812956 -0.562189
vn -0.205454 0.801959 -0.560937
vn -0.397573 0.714016 -0.576296
vn -0.667801 0.230437 -0.707771
vn -0.617067 0.459510 -0.638810
vn -0.139385 -0.533698 -0.834109
vn -0.202468 -0.523505 -0.827616
vn -0.407883 -0.429941 -0.805470
vn -0.667424 0.044434 -0.743351
vn -0.623726 -0.167958 -0.763384
vn -0.260466 0.209789 -0.942415
vn 0.482420 0.237395 -0.843157
vn -0.266442 0.223065 -0.937684
vn 0.447027 0.172342 -0.877761
vn -0.270595 0.237511 -0.932934
vn 0.434102 0.142758 -0.889481
vn -0.260543 0.251695 -0.932077
vn -0.265964 0.246853 -0.931841
vn 0.482936 0.085223 -0.871498
vn 0.448263 0.125170 -0.885095
vn -0.644891 0.096163 -0.758201
vn -0.635138 0.120756 -0.762901
vn -0.645183 0.155837 -0.747967
vn -0.104675 0.205163 -0.973114
vn -0.105654 0.203909 -0.973272
vn 0.026020 0.813238 -0.581349
vn -0.008054 0.817267 -0.576202
vn -0.065108 0.819488 -0.569386
vn -0.103220 0.205726 -0.973151
vn -0.101815 0.205416 -0.973364
vn -0.119252 0.816974 -0.564210
vn 0.036098 -0.523398 -0.851323
vn -0.105668 0.246155 -0.963453
vn -0.105062 0.245165 -0.963772
vn 0.011958 -0.527627 -0.849392
vn -0.103634 0.244800 -0.964019
vn -0.046441 -0.534246 -0.844052
vn -0.102178 0.245244 -0.964062
vn -0.105394 -0.536054 -0.837578
vn -0.102803 0.232035 -0.967260
vn -0.103142 0.231963 -0.967241
vn -0.102963 0.225246 -0.968846
vn -0.102903 0.225243 -0.968853
vn -0.103571 0.232652 -0.967030
vn -0.103473 0.232208 -0.967147
vn -0.103048 0.225235 -0.968840
vn -0.103022 0.225241 -0.968841
vn -0.103531 0.217781 -0.970491
vn -0.103305 0.218292 -0.970400
vn -0.102995 0.218582 -0.970368
vn -0.102679 0.218516 -0.970416
vn -0.182068 0.205614 -0.961548
vn 0.459691 0.458214 -0.760740
vn 0.264551 0.713656 -0.648619
vn -0.122875 0.202650 -0.971512
vn -0.108506 0.202716 -0.973207
vn 0.077365 0.802804 -0.591202
vn -0.184492 0.249847 -0.950547
vn 0.466378 -0.119828 -0.876432
vn -0.122615 0.248186 -0.960921
vn 0.275294 -0.399464 -0.874438
vn -0.108101 0.247247 -0.962903
vn 0.081015 -0.511588 -0.855403
vn -0.105267 0.233171 -0.966721
vn -0.115519 0.234161 -0.965310
vn -0.113982 0.226164 -0.967398
vn -0.104655 0.225360 -0.968638
vn -0.161313 0.238219 -0.957721
vn -0.154809 0.229639 -0.960885
vn -0.159105 0.220081 -0.962419
vn -0.115497 0.217833 -0.969128
vn -0.105380 0.217429 -0.970371
vn 0.673799 -0.238159 0.699482
vn -0.491737 -0.243545 0.835991
vn 0.151173 -0.813829 0.561097
vn -0.026529 -0.814166 0.580026
vn 0.390702 -0.712085 0.583341
vn -0.376025 -0.702911 0.603756
vn 0.528553 -0.686876 0.498832
vn 0.064968 -0.820336 0.568180
vn -0.260034 -0.707270 0.657383
vn 0.203654 -0.801503 0.562244
vn 0.613860 -0.458932 0.642306
vn -0.462028 -0.189523 0.866378
vn 0.657481 -0.170691 0.733882
vn 0.008039 -0.818226 0.574841
vn 0.118969 -0.817848 0.563001
vn -0.458830 -0.450883 0.765624
vn -0.078036 -0.801583 0.592770
vn 0.014342 -0.566942 -0.823633
vn 0.077079 -0.558683 -0.825792
vn 0.309463 -0.464369 -0.829816
vn 0.728012 0.069503 -0.682032
vn 0.607450 -0.177090 -0.774367
vn -0.866842 0.059411 -0.495031
vn -0.886400 0.122979 -0.446286
vn -0.766619 -0.455115 -0.452952
vn 0.650830 -0.431148 -0.624925
vn 0.753036 0.149585 -0.640750
vn -0.183420 -0.567588 -0.802621
vn -0.144740 -0.570416 -0.808502
vn -0.081610 -0.572240 -0.816015
vn -0.021692 -0.569827 -0.821478
vn -0.768546 -0.172512 -0.616098
vn -0.484696 -0.462124 -0.742638
vn -0.246602 -0.559814 -0.791072
vn -0.081779 0.557424 0.826191
vn -0.014493 0.566866 0.823682
vn -0.208214 0.800404 -0.562139
vn -0.151328 0.813870 -0.560995
vn -0.311972 0.464070 0.829043
vn -0.393075 0.711541 -0.582410
vn -0.604001 0.185586 0.775075
vn -0.235644 0.170611 0.956747
vn -0.346574 0.531729 -0.772755
vn -0.609977 0.466883 -0.640271
vn 0.598907 -0.468945 0.649154
vn 0.525279 0.157951 0.836142
vn -0.010460 0.549338 -0.835535
vn 0.028253 -0.091319 -0.995421
vn 0.698336 -0.667482 0.258446
vn 0.355036 -0.447101 -0.821006
vn -0.366495 -0.486169 0.793298
vn -0.436748 -0.078381 -0.896163
vn -0.596618 -0.689552 0.410567
vn -0.526461 -0.462713 -0.713257
vn 0.144708 0.570415 0.808509
vn 0.183650 0.567582 0.802573
vn -0.008066 0.818242 -0.574818
vn 0.026749 0.814141 -0.580050
vn 0.081608 0.572221 0.816029
vn -0.064969 0.820350 -0.568159
vn 0.021700 0.569804 0.821494
vn -0.118963 0.817889 -0.562944
vn 0.764535 0.182431 0.618227
vn 0.454542 0.460373 -0.762528
vn 0.486456 0.462519 0.741240
vn 0.262266 0.707429 -0.656323
vn 0.252287 0.558331 0.790328
vn 0.083477 0.800254 -0.593822
vn 0.638484 -0.761529 0.111406
vn 0.638456 0.642919 0.423117
vn -0.641993 0.758192 -0.113976
vn -0.640088 -0.640920 -0.423685
vn 0.673993 -0.519315 -0.525400
vn 0.530869 0.512195 -0.675155
vn -0.482493 0.591724 -0.645804
vn -0.662608 -0.632716 -0.400775
vn 0.044873 -0.831939 0.553050
vn 0.088349 0.570311 0.816664
vn -0.146921 -0.563276 -0.813102
vn -0.105000 0.824924 -0.555405
vn 0.000000 -0.824713 0.565551
vn 0.000000 0.568525 0.822666
vn 0.000000 -0.569259 -0.822158
vn -0.000000 0.821840 -0.569718
vn 0.024232 -0.837967 0.545182
vn 0.207575 0.564759 0.798724
vn -0.211820 0.821982 -0.528657
vn -0.383331 -0.511894 -0.768780
vn 0.383534 0.581066 0.717819
vn 0.450899 -0.815732 0.362315
vn -0.374587 -0.582510 -0.721364
vn -0.445341 0.815519 -0.369595
vn 0.719581 0.693611 -0.033271
vn -0.706513 0.706333 -0.043979
vn -0.719689 -0.693555 0.032079
vn 0.706964 -0.705955 0.042775
vn 0.098359 0.247177 -0.963965
vn 0.100829 0.232777 -0.967289
vn 0.102599 0.232322 -0.967212
vn 0.101276 0.246164 -0.963922
vn 0.101365 0.225412 -0.968976
vn 0.102865 0.225243 -0.968857
vn 0.091191 0.233972 -0.967957
vn 0.092697 0.226407 -0.969612
vn 0.084441 0.248384 -0.964974
vn 0.102481 0.218225 -0.970503
vn 0.100826 0.218054 -0.970714
vn 0.098279 0.203763 -0.974075
vn 0.100914 0.204549 -0.973641
vn 0.091408 0.218734 -0.971494
vn 0.084767 0.204264 -0.975239
vn 0.034135 0.208620 -0.977401
vn 0.053373 0.221795 -0.973631
vn -0.037702 0.226973 -0.973171
vn -0.032229 0.214701 -0.976148
vn 0.056853 0.230443 -0.971423
vn -0.041683 0.240079 -0.969858
vn -0.038895 0.249261 -0.967655
vn 0.051521 0.238701 -0.969725
vn 0.031367 0.251392 -0.967377
vn -0.034668 0.255014 -0.966316
vn 0.205454 0.801959 -0.560936
vn 0.151808 0.812956 -0.562189
vn 0.397573 0.714016 -0.576296
vn 0.667801 0.230437 -0.707771
vn 0.617067 0.459510 -0.638810
vn 0.139385 -0.533698 -0.834109
vn 0.202468 -0.523505 -0.827616
vn 0.407883 -0.429941 -0.805470
vn 0.623726 -0.167958 -0.763384
vn 0.667424 0.044434 -0.743351
vn -0.482420 0.237396 -0.843157
vn -0.447027 0.172342 -0.877762
vn 0.266442 0.223065 -0.937684
vn 0.260466 0.209789 -0.942415
vn -0.434102 0.142758 -0.889481
vn 0.270595 0.237511 -0.932934
vn 0.265964 0.246853 -0.931841
vn -0.448263 0.125170 -0.885095
vn -0.482936 0.085223 -0.871498
vn 0.260543 0.251695 -0.932077
vn 0.644891 0.096163 -0.758201
vn 0.635138 0.120756 -0.762901
vn 0.645183 0.155837 -0.747967
vn 0.104675 0.205163 -0.973114
vn 0.008054 0.817267 -0.576202
vn -0.026020 0.813238 -0.581349
vn 0.105654 0.203909 -0.973272
vn 0.065108 0.819488 -0.569386
vn 0.103220 0.205726 -0.973151
vn 0.119252 0.816974 -0.564210
vn 0.101815 0.205416 -0.973364
vn -0.036098 -0.523398 -0.851323
vn -0.011958 -0.527627 -0.849392
vn 0.105062 0.245165 -0.963772
vn 0.105668 0.246155 -0.963453
vn 0.046441 -0.534246 -0.844052
vn 0.103634 0.244800 -0.964019
vn 0.102178 0.245244 -0.964062
vn 0.105394 -0.536054 -0.837578
vn 0.102803 0.232035 -0.967260
vn 0.103142 0.231963 -0.967241
vn 0.102903 0.225243 -0.968853
vn 0.102963 0.225246 -0.968846
vn 0.103473 0.232208 -0.967147
vn 0.103571 0.232652 -0.967030
vn 0.103022 0.225241 -0.968841
vn 0.103048 0.225235 -0.968840
vn 0.103531 0.217781 -0.970491
vn 0.103305 0.218292 -0.970400
vn 0.102995 0.218582 -0.970368
vn 0.102679 0.218516 -0.970416
vn 0.182068 0.205614 -0.961548
vn -0.459691 0.458213 -0.760740
vn -0.264551 0.713656 -0.648619
vn 0.122875 0.202650 -0.971511
vn -0.077365 0.802804 -0.591202
vn 0.108506 0.202716 -0.973207
vn -0.466378 -0.119828 -0.876432
vn 0.184492 0.249847 -0.950547
vn -0.275294 -0.399464 -0.874438
vn 0.122615 0.248186 -0.960921
vn 0.108101 0.247247 -0.962903
vn -0.081015 -0.511588 -0.855403
vn 0.105267 0.233171 -0.966721
vn 0.115519 0.234161 -0.965310
vn 0.104655 0.225360 -0.968638
vn 0.113982 0.226164 -0.967398
vn 0.161313 0.238219 -0.957721
vn 0.154809 0.229639 -0.960885
vn 0.159105 0.220081 -0.962419
vn 0.115497 0.217833 -0.969128
vn 0.105380 0.217429 -0.970371
vn -0.098309 -0.247250 0.963952
vn -0.101273 -0.246216 0.963910
vn -0.102599 -0.232325 0.967212
vn -0.100807 -0.232791 0.967288
vn -0.102863 -0.225245 0.968857
vn -0.101360 -0.225413 0.968976
vn -0.092518 -0.226424 0.969625
vn -0.090803 -0.234085 0.967966
vn -0.083713 -0.248625 0.964976
vn -0.102480 -0.218230 0.970502
vn -0.100916 -0.204554 0.973639
vn -0.098255 -0.203760 0.974078
vn -0.100814 -0.218052 0.970716
vn -0.084141 -0.204165 0.975314
vn -0.091088 -0.218694 0.971533
vn -0.033720 -0.208251 0.977494
vn 0.031745 -0.214063 0.976304
vn 0.037644 -0.226647 0.973249
vn -0.051793 -0.221788 0.973718
vn 0.040844 -0.240196 0.969865
vn -0.054648 -0.230726 0.971483
vn 0.038350 -0.249619 0.967584
vn 0.034221 -0.255447 0.966217
vn -0.030497 -0.251826 0.967292
vn -0.049468 -0.239095 0.969735
vn 0.014554 0.568082 0.822843
vn 0.075405 0.557810 0.826536
vn 0.299780 0.461995 0.834681
vn 0.733976 -0.071501 0.675402
vn 0.602661 0.177682 0.777964
vn -0.007363 -0.843645 0.536850
vn 0.056216 -0.836792 0.544627
vn 0.273366 -0.763969 0.584484
vn 0.713764 -0.315941 0.625077
vn 0.571242 -0.525489 0.630511
vn -0.870851 -0.057588 0.488161
vn -0.258851 -0.209521 0.942920
vn -0.264366 -0.223093 0.938264
vn -0.890238 -0.145033 0.431790
vn -0.267303 -0.237446 0.933899
vn -0.889923 -0.197964 0.410910
vn -0.264200 -0.246790 0.932359
vn -0.259328 -0.252010 0.932330
vn -0.851737 -0.270921 0.448494
vn -0.879217 -0.228267 0.418177
vn 0.749701 -0.262117 0.607654
vn 0.763987 -0.225133 0.604682
vn 0.761991 -0.167977 0.625423
vn -0.104676 -0.205173 0.973112
vn -0.105656 -0.203927 0.973268
vn -0.182222 0.569137 0.801797
vn -0.144513 0.571779 0.807580
vn -0.081462 0.573455 0.815177
vn -0.103221 -0.205733 0.973149
vn -0.101818 -0.205423 0.973363
vn -0.021547 0.571062 0.820624
vn -0.179903 -0.835332 0.519476
vn -0.105682 -0.246157 0.963451
vn -0.105067 -0.245171 0.963770
vn -0.156228 -0.838554 0.521939
vn -0.103641 -0.244811 0.964016
vn -0.098778 -0.843393 0.528140
vn -0.102191 -0.245272 0.964053
vn -0.040846 -0.844446 0.534081
vn -0.102811 -0.232036 0.967259
vn -0.103148 -0.231969 0.967239
vn -0.102965 -0.225246 0.968846
vn -0.102905 -0.225244 0.968853
vn -0.103578 -0.232656 0.967028
vn -0.103476 -0.232217 0.967144
vn -0.103052 -0.225232 0.968840
vn -0.103021 -0.225240 0.968841
vn -0.103535 -0.217783 0.970490
vn -0.103305 -0.218292 0.970400
vn -0.102997 -0.218583 0.970367
vn -0.102681 -0.218521 0.970415
vn -0.183394 -0.205264 0.961371
vn -0.759886 0.181249 0.624277
vn -0.467026 0.464242 0.752573
vn -0.123912 -0.202491 0.971413
vn -0.108542 -0.202723 0.973202
vn -0.241155 0.559661 0.792858
vn -0.185510 -0.250279 0.950235
vn -0.728634 -0.476600 0.491880
vn -0.123690 -0.248411 0.960725
vn -0.439563 -0.737168 0.513194
vn -0.108160 -0.247263 0.962893
vn -0.225880 -0.826158 0.516180
vn -0.105298 -0.233181 0.966715
vn -0.116142 -0.234279 0.965207
vn -0.114380 -0.226198 0.967343
vn -0.104666 -0.225357 0.968638
vn -0.164499 -0.238511 0.957106
vn -0.158841 -0.229986 0.960144
vn -0.162669 -0.220254 0.961783
vn -0.116091 -0.217794 0.969066
vn -0.105398 -0.217426 0.970370
vn 0.014493 0.566866 0.823682
vn 0.151328 0.813870 -0.560995
vn 0.208214 0.800404 -0.562139
vn 0.081779 0.557424 0.826191
vn 0.393075 0.711541 -0.582410
vn 0.311972 0.464070 0.829043
vn 0.604001 0.185586 0.775075
vn 0.609977 0.466883 -0.640271
vn 0.346574 0.531729 -0.772755
vn 0.235644 0.170611 0.956747
vn -0.673993 -0.519315 -0.525400
vn 0.662608 -0.632716 -0.400775
vn 0.482493 0.591724 -0.645804
vn -0.530869 0.512195 -0.675155
vn -0.698336 -0.667482 0.258446
vn -0.355036 -0.447101 -0.821006
vn -0.028253 -0.091319 -0.995421
vn -0.598907 -0.468945 0.649154
vn 0.366495 -0.486169 0.793297
vn 0.436748 -0.078381 -0.896163
vn 0.526461 -0.462713 -0.713257
vn 0.596618 -0.689552 0.410567
vn -0.183650 0.567582 0.802573
vn -0.026749 0.814141 -0.580050
vn 0.008066 0.818242 -0.574818
vn -0.144708 0.570415 0.808509
vn 0.064969 0.820350 -0.568159
vn -0.081608 0.572221 0.816029
vn -0.021700 0.569804 0.821494
vn 0.118963 0.817889 -0.562944
vn -0.525279 0.157951 0.836142
vn 0.010460 0.549338 -0.835535
vn -0.454542 0.460373 -0.762528
vn -0.764535 0.182431 0.618227
vn -0.262267 0.707429 -0.656323
vn -0.486456 0.462519 0.741240
vn -0.252287 0.558331 0.790328
vn -0.083477 0.800254 -0.593822
vn -0.151173 -0.813829 0.561097
vn -0.203654 -0.801503 0.562244
vn -0.077079 -0.558683 -0.825792
vn -0.014342 -0.566942 -0.823633
vn -0.390702 -0.712085 0.583341
vn -0.309463 -0.464369 -0.829816
vn -0.613860 -0.458932 0.642306
vn -0.673799 -0.238159 0.699482
vn -0.728012 0.069503 -0.682032
vn -0.607450 -0.177090 -0.774367
vn 0.462028 -0.189523 0.866378
vn 0.491737 -0.243545 0.835991
vn 0.866842 0.059411 -0.495031
vn 0.886400 0.122979 -0.446286
vn 0.376025 -0.702911 0.603756
vn 0.766619 -0.455115 -0.452952
vn -0.657481 -0.170691 0.733882
vn -0.753036 0.149585 -0.640750
vn -0.528553 -0.686876 0.498832
vn -0.650830 -0.431148 -0.624925
vn 0.026529 -0.814166 0.580026
vn -0.008039 -0.818226 0.574841
vn 0.144740 -0.570416 -0.808502
vn 0.183420 -0.567588 -0.802621
vn -0.064968 -0.820336 0.568180
vn 0.081610 -0.572240 -0.816015
vn -0.118969 -0.817848 0.563001
vn 0.021692 -0.569827 -0.821478
vn 0.458830 -0.450883 0.765624
vn 0.768546 -0.172512 -0.616098
vn 0.260034 -0.707270 0.657383
vn 0.484696 -0.462124 -0.742638
vn 0.078036 -0.801583 0.592770
vn 0.246602 -0.559814 -0.791072
vn -0.450898 -0.815732 0.362315
vn -0.383534 0.581066 0.717819
vn 0.445341 0.815519 -0.369595
vn 0.374587 -0.582510 -0.721364
vn -0.638484 -0.761529 0.111406
vn -0.706964 -0.705955 0.042775
vn -0.719581 0.693611 -0.033271
vn -0.638456 0.642919 0.423117
vn 0.706513 0.706333 -0.043979
vn 0.641993 0.758192 -0.113976
vn 0.719689 -0.693555 0.032079
vn 0.640088 -0.640920 -0.423685
vn -0.207575 0.564759 0.798724
vn -0.024232 -0.837967 0.545182
vn 0.383331 -0.511894 -0.768780
vn 0.211820 0.821982 -0.528657
vn -0.088349 0.570311 0.816664
vn -0.044873 -0.831939 0.553050
vn 0.146921 -0.563276 -0.813102
vn 0.105000 0.824924 -0.555405
vn 0.535414 -0.450680 0.714296
vn -0.260268 0.367481 -0.892871
vn 0.685544 -0.008842 0.727978
vn -0.000295 0.725359 -0.688370
vn 0.311438 -0.809735 0.497328
vn -0.448277 -0.082596 -0.890071
vn -0.781347 0.277405 0.559055
vn 0.572502 0.807786 0.140441
vn 0.783156 -0.273673 -0.558364
vn -0.303616 -0.891382 -0.336535
vn 0.543253 0.701420 -0.461396
vn 0.742944 -0.659413 -0.114930
vn 0.525448 0.704829 -0.476571
vn 0.725443 -0.669475 -0.159797
vn -0.704524 0.675650 0.217124
vn -0.502859 -0.674526 0.540507
vn -0.744990 0.657735 0.111247
vn -0.545599 -0.702610 0.456794
vn -0.582236 -0.723495 0.370886
vn -0.776505 0.630111 0.000262
vn 0.559936 0.697807 -0.446697
vn 0.758915 -0.647528 -0.068959
vn -0.535414 -0.450680 0.714296
vn 0.260268 0.367481 -0.892871
vn -0.685544 -0.008842 0.727978
vn 0.000295 0.725359 -0.688370
vn -0.311438 -0.809735 0.497328
vn 0.448277 -0.082596 -0.890071
vn 0.781347 0.277405 0.559055
vn -0.572502 0.807786 0.140441
vn -0.783156 -0.273673 -0.558364
vn 0.303616 -0.891382 -0.336535
vn -0.543253 0.701420 -0.461396
vn -0.742944 -0.659413 -0.114930
vn -0.525448 0.704829 -0.476571
vn -0.725443 -0.669475 -0.159797
vn 0.704524 0.675650 0.217124
vn 0.502859 -0.674526 0.540507
vn 0.744990 0.657735 0.111247
vn 0.545599 -0.702610 0.456794
vn 0.582236 -0.723495 0.370886
vn 0.776505 0.630111 0.000262
vn -0.559936 0.697807 -0.446697
vn -0.758915 -0.647528 -0.068959

usemtl PackedMaterial0
f 3039/4411/3833 3042/4412/3836 3041/4413/3835 3040/4414/3834
f 3041/4413/3835 3042/4412/3836 3044/4415/3838 3043/4416/3837
f 3044/4415/3838 3042/4412/3836 3046/4417/3840 3045/4418/3839
f 3046/4417/3840 3042/4412/3836 3039/4411/3833 3047/4419/3841
f 3048/4420/3842 3051/4421/3845 3050/4422/3844 3049/4423/3843
f 3050/4422/3844 3051/4421/3845 3053/4424/3847 3052/4425/3846
f 3053/4424/3847 3051/4421/3845 3044/4415/3838 3045/4418/3839
f 3044/4415/3838 3051/4421/3845 3048/4420/3842 3043/4416/3837
f 3055/4426/3849 3057/4427/3851 3056/4428/3850 3054/4429/3848
f 3056/4428/3850 3057/4427/3851 3059/4430/3853 3058/4431/3852
f 3059/4430/3853 3057/4427/3851 3053/4424/3847 3045/4418/3839
f 3053/4424/3847 3057/4427/3851 3055/4426/3849 3052/4425/3846
f 3061/4432/3855 3063/4433/3857 3062/4434/3856 3060/4435/3854
f 3062/4434/3856 3063/4433/3857 3046/4417/3840 3047/4419/3841
f 3046/4417/3840 3063/4433/3857 3059/4430/3853 3045/4418/3839
f 3059/4430/3853 3063/4433/3857 3061/4432/3855 3058/4431/3852
f 3050/4422/3844 3065/4436/3859 3064/4437/3858 3049/4423/3843
f 3066/4438/3860 3065/4436/3859 3050/4422/3844 3052/4425/3846
f 3067/4439/3861 3068/4440/3862 3055/4426/3849 3054/4429/3848
f 3055/4426/3849 3068/4440/3862 3066/4438/3860 3052/4425/3846
f 3069/4441/3863 3070/4442/3864 3039/4411/3833 3040/4414/3834
f 3039/4411/3833 3070/4442/3864 3071/4443/3865 3047/4419/3841
f 3062/4434/3856 3073/4444/3867 3072/4445/3866 3060/4435/3854
f 3071/4443/3865 3073/4444/3867 3062/4434/3856 3047/4419/3841
f 3075/4446/3869 3077/4447/3871 3076/4448/3870 3074/4449/3868
f 3076/4448/3870 3077/4447/3871 3079/4450/3873 3078/4451/3872
f 3081/4452/3875 3083/4453/3877 3082/4454/3876 3080/4455/3874
f 3079/4450/3873 3083/4453/3877 3081/4452/3875 3078/4451/3872
f 3072/4445/3866 3084/4456/3878 3061/4432/3855 3060/4435/3854
f 3061/4432/3855 3084/4456/3878 3085/4457/3879 3058/4431/3852
f 3056/4428/3850 3086/4458/3880 3067/4439/3861 3054/4429/3848
f 3085/4457/3879 3086/4458/3880 3056/4428/3850 3058/4431/3852
f 3087/4459/3881 3090/4460/3884 3089/4461/3883 3088/4462/3882
f 3091/4463/3885 3090/4460/3884 3087/4459/3881 3092/4464/3886
f 3064/4437/3858 3094/4465/3888 3093/4466/3887 3049/4423/3843
f 3093/4466/3887 3094/4465/3888 3091/4463/3885 3092/4464/3886
f 3095/4467/3889 3098/4468/3892 3097/4469/3891 3096/4470/3890
f 3097/4469/3891 3098/4468/3892 3100/4471/3894 3099/4472/3893
f 3101/4473/3895 3102/4474/3896 3069/4441/3863 3040/4414/3834
f 3100/4471/3894 3102/4474/3896 3101/4473/3895 3099/4472/3893
f 3041/4413/3835 3103/4475/3897 3101/4473/3895 3040/4414/3834
f 3101/4473/3895 3103/4475/3897 3104/4476/3898 3099/4472/3893
f 3104/4476/3898 3103/4475/3897 3106/4477/3900 3105/4478/3899
f 3106/4477/3900 3103/4475/3897 3041/4413/3835 3043/4416/3837
f 3097/4469/3891 3108/4479/3902 3107/4480/3901 3096/4470/3890
f 3107/4480/3901 3108/4479/3902 3110/4481/3904 3109/4482/3903
f 3110/4481/3904 3108/4479/3902 3104/4476/3898 3105/4478/3899
f 3104/4476/3898 3108/4479/3902 3097/4469/3891 3099/4472/3893
f 3111/4483/3905 3112/4484/3906 3087/4459/3881 3088/4462/3882
f 3087/4459/3881 3112/4484/3906 3113/4485/3907 3092/4464/3886
f 3113/4485/3907 3112/4484/3906 3110/4481/3904 3105/4478/3899
f 3110/4481/3904 3112/4484/3906 3111/4483/3905 3109/4482/3903
f 3093/4466/3887 3114/4486/3908 3048/4420/3842 3049/4423/3843
f 3048/4420/3842 3114/4486/3908 3106/4477/3900 3043/4416/3837
f 3106/4477/3900 3114/4486/3908 3113/4485/3907 3105/4478/3899
f 3113/4485/3907 3114/4486/3908 3093/4466/3887 3092/4464/3886
f 3115/4487/3909 3116/4488/3910 3075/4446/3869 3074/4449/3868
f 3117/4489/3911 3116/4488/3910 3115/4487/3909 3118/4490/3912
f 3089/4461/3883 3120/4491/3914 3119/4492/3913 3088/4462/3882
f 3119/4492/3913 3120/4491/3914 3117/4489/3911 3118/4490/3912
f 3082/4454/3876 3122/4493/3916 3121/4494/3915 3080/4455/3874
f 3121/4494/3915 3122/4493/3916 3124/4495/3918 3123/4496/3917
f 3125/4497/3919 3126/4498/3920 3095/4467/3889 3096/4470/3890
f 3124/4495/3918 3126/4498/3920 3125/4497/3919 3123/4496/3917
f 3107/4480/3901 3127/4499/3921 3125/4497/3919 3096/4470/3890
f 3125/4497/3919 3127/4499/3921 3128/4500/3922 3123/4496/3917
f 3128/4500/3922 3127/4499/3921 3130/4501/3924 3129/4502/3923
f 3130/4501/3924 3127/4499/3921 3107/4480/3901 3109/4482/3903
f 3121/4494/3915 3131/4503/3925 3081/4452/3875 3080/4455/3874
f 3081/4452/3875 3131/4503/3925 3132/4504/3926 3078/4451/3872
f 3132/4504/3926 3131/4503/3925 3128/4500/3922 3129/4502/3923
f 3128/4500/3922 3131/4503/3925 3121/4494/3915 3123/4496/3917
f 3076/4448/3870 3133/4505/3927 3115/4487/3909 3074/4449/3868
f 3115/4487/3909 3133/4505/3927 3134/4506/3928 3118/4490/3912
f 3134/4506/3928 3133/4505/3927 3132/4504/3926 3129/4502/3923
f 3132/4504/3926 3133/4505/3927 3076/4448/3870 3078/4451/3872
f 3119/4492/3913 3135/4507/3929 3111/4483/3905 3088/4462/3882
f 3111/4483/3905 3135/4507/3929 3130/4501/3924 3109/4482/3903
f 3130/4501/3924 3135/4507/3929 3134/4506/3928 3129/4502/3923
f 3134/4506/3928 3135/4507/3929 3119/4492/3913 3118/4490/3912
f 2964/4508/3758 2947/4509/3741 2981/4510/3775 3011/4511/3805
f 2981/4510/3775 2956/4512/3750 2992/4513/3786 3011/4511/3805
f 2992/4513/3786 2960/4514/3754 2991/4515/3785 3011/4511/3805
f 2991/4515/3785 2950/4516/3744 2964/4508/3758 3011/4511/3805
f 2982/4517/3776 2946/4518/3740 2966/4519/3760 3012/4520/3806
f 2966/4519/3760 2951/4521/3745 2993/4522/3787 3012/4520/3806
f 2993/4522/3787 2960/4514/3754 2992/4513/3786 3012/4520/3806
f 2992/4513/3786 2956/4512/3750 2982/4517/3776 3012/4520/3806
f 2965/4523/3759 2944/4524/3738 2968/4525/3762 3013/4526/3807
f 2968/4525/3762 2952/4527/3746 2994/4528/3788 3013/4526/3807
f 2994/4528/3788 2960/4514/3754 2993/4522/3787 3013/4526/3807
f 2993/4522/3787 2951/4521/3745 2965/4523/3759 3013/4526/3807
f 2967/4529/3761 2942/4530/3736 2963/4531/3757 3014/4532/3808
f 2963/4531/3757 2950/4516/3744 2991/4515/3785 3014/4532/3808
f 2991/4515/3785 2960/4514/3754 2994/4528/3788 3014/4532/3808
f 2994/4528/3788 2952/4527/3746 2967/4529/3761 3014/4532/3808
f 2966/4519/3760 2946/4518/3740 2977/4533/3771 3015/4534/3809
f 2995/4535/3789 2951/4521/3745 2966/4519/3760 3015/4534/3809
f 2971/4536/3765 2944/4524/3738 2965/4523/3759 3016/4537/3810
f 2965/4523/3759 2951/4521/3745 2995/4535/3789 3016/4537/3810
f 2980/4538/3774 2947/4509/3741 2964/4508/3758 3017/4539/3811
f 2964/4508/3758 2950/4516/3744 2996/4540/3790 3017/4539/3811
f 2963/4531/3757 2942/4530/3736 2973/4541/3767 3018/4542/3812
f 2996/4540/3790 2950/4516/3744 2963/4531/3757 3018/4542/3812
f 2972/4543/3766 2945/4544/3739 2970/4545/3764 3019/4546/3813
f 2970/4545/3764 2953/4547/3747 2997/4548/3791 3019/4546/3813
f 2969/4549/3763 2943/4550/3737 2974/4551/3768 3020/4552/3814
f 2997/4548/3791 2953/4547/3747 2969/4549/3763 3020/4552/3814
f 2973/4541/3767 2942/4530/3736 2967/4529/3761 3021/4553/3815
f 2967/4529/3761 2952/4527/3746 2998/4554/3792 3021/4553/3815
f 2968/4525/3762 2944/4524/3738 2971/4536/3765 3022/4555/3816
f 2998/4554/3792 2952/4527/3746 2968/4525/3762 3022/4555/3816
f 2976/4556/3770 2948/4557/3742 2985/4558/3779 3023/4559/3817
f 2999/4560/3793 2954/4561/3748 2976/4556/3770 3023/4559/3817
f 2977/4533/3771 2946/4518/3740 2975/4562/3769 3024/4563/3818
f 2975/4562/3769 2954/4561/3748 2999/4560/3793 3024/4563/3818
f 2988/4564/3782 2949/4565/3743 2979/4566/3773 3025/4567/3819
f 2979/4566/3773 2955/4568/3749 3000/4569/3794 3025/4567/3819
f 2978/4570/3772 2947/4509/3741 2980/4538/3774 3026/4571/3820
f 3000/4569/3794 2955/4568/3749 2978/4570/3772 3026/4571/3820
f 2981/4510/3775 2947/4509/3741 2978/4570/3772 3027/4572/3821
f 2978/4570/3772 2955/4568/3749 3002/4573/3796 3027/4572/3821
f 3002/4573/3796 2961/4574/3755 3001/4575/3795 3027/4572/3821
f 3001/4575/3795 2956/4512/3750 2981/4510/3775 3027/4572/3821
f 2979/4566/3773 2949/4565/3743 2989/4576/3783 3028/4577/3822
f 2989/4576/3783 2959/4578/3753 3003/4579/3797 3028/4577/3822
f 3003/4579/3797 2961/4574/3755 3002/4573/3796 3028/4577/3822
f 3002/4573/3796 2955/4568/3749 2979/4566/3773 3028/4577/3822
f 2990/4580/3784 2948/4557/3742 2976/4556/3770 3029/4581/3823
f 2976/4556/3770 2954/4561/3748 3004/4582/3798 3029/4581/3823
f 3004/4582/3798 2961/4574/3755 3003/4579/3797 3029/4581/3823
f 3003/4579/3797 2959/4578/3753 2990/4580/3784 3029/4581/3823
f 2975/4562/3769 2946/4518/3740 2982/4517/3776 3030/4583/3824
f 2982/4517/3776 2956/4512/3750 3001/4575/3795 3030/4583/3824
f 3001/4575/3795 2961/4574/3755 3004/4582/3798 3030/4583/3824
f 3004/4582/3798 2954/4561/3748 2975/4562/3769 3030/4583/3824
f 2984/4584/3778 2945/4544/3739 2972/4543/3766 3031/4585/3825
f 3005/4586/3799 2957/4587/3751 2984/4584/3778 3031/4585/3825
f 2985/4558/3779 2948/4557/3742 2983/4588/3777 3032/4589/3826
f 2983/4588/3777 2957/4587/3751 3005/4586/3799 3032/4589/3826
f 2974/4551/3768 2943/4550/3737 2987/4590/3781 3033/4591/3827
f 2987/4590/3781 2958/4592/3752 3006/4593/3800 3033/4591/3827
f 2986/4594/3780 2949/4565/3743 2988/4564/3782 3034/4595/3828
f 3006/4593/3800 2958/4592/3752 2986/4594/3780 3034/4595/3828
f 2989/4576/3783 2949/4565/3743 2986/4594/3780 3035/4596/3829
f 2986/4594/3780 2958/4592/3752 3008/4597/3802 3035/4596/3829
f 3008/4597/3802 2962/4598/3756 3007/4599/3801 3035/4596/3829
f 3007/4599/3801 2959/4578/3753 2989/4576/3783 3035/4596/3829
f 2987/4590/3781 2943/4550/3737 2969/4549/3763 3036/4600/3830
f 2969/4549/3763 2953/4547/3747 3009/4601/3803 3036/4600/3830
f 3009/4601/3803 2962/4598/3756 3008/4597/3802 3036/4600/3830
f 3008/4597/3802 2958/4592/3752 2987/4590/3781 3036/4600/3830
f 2970/4545/3764 2945/4544/3739 2984/4584/3778 3037/4602/3831
f 2984/4584/3778 2957/4587/3751 3010/4603/3804 3037/4602/3831
f 3010/4603/3804 2962/4598/3756 3009/4601/3803 3037/4602/3831
f 3009/4601/3803 2953/4547/3747 2970/4545/3764 3037/4602/3831
f 2983/4588/3777 2948/4557/3742 2990/4580/3784 3038/4604/3832
f 2990/4580/3784 2959/4578/3753 3007/4599/3801 3038/4604/3832
f 3007/4599/3801 2962/4598/3756 3010/4603/3804 3038/4604/3832
f 3010/4603/3804 2957/4587/3751 2983/4588/3777 3038/4604/3832
f 2977/4533/3771 3064/4437/3858 3065/4436/3859 3015/4534/3809
f 3015/4534/3809 3065/4436/3859 3066/4438/3860 2995/4535/3789
f 3016/4537/3810 3068/4440/3862 3067/4439/3861 2971/4536/3765
f 2995/4535/3789 3066/4438/3860 3068/4440/3862 3016/4537/3810
f 3017/4539/3811 3070/4442/3864 3069/4441/3863 2980/4538/3774
f 2996/4540/3790 3071/4443/3865 3070/4442/3864 3017/4539/3811
f 2973/4541/3767 3072/4445/3866 3073/4444/3867 3018/4542/3812
f 3018/4542/3812 3073/4444/3867 3071/4443/3865 2996/4540/3790
f 3019/4546/3813 3077/4447/3871 3075/4446/3869 2972/4543/3766
f 2997/4548/3791 3079/4450/3873 3077/4447/3871 3019/4546/3813
f 2974/4551/3768 3082/4454/3876 3083/4453/3877 3020/4552/3814
f 3020/4552/3814 3083/4453/3877 3079/4450/3873 2997/4548/3791
f 3021/4553/3815 3084/4456/3878 3072/4445/3866 2973/4541/3767
f 2998/4554/3792 3085/4457/3879 3084/4456/3878 3021/4553/3815
f 2971/4536/3765 3067/4439/3861 3086/4458/3880 3022/4555/3816
f 3022/4555/3816 3086/4458/3880 3085/4457/3879 2998/4554/3792
f 2985/4558/3779 3089/4461/3883 3090/4460/3884 3023/4559/3817
f 3023/4559/3817 3090/4460/3884 3091/4463/3885 2999/4560/3793
f 3024/4563/3818 3094/4465/3888 3064/4437/3858 2977/4533/3771
f 2999/4560/3793 3091/4463/3885 3094/4465/3888 3024/4563/3818
f 3025/4567/3819 3098/4468/3892 3095/4467/3889 2988/4564/3782
f 3000/4569/3794 3100/4471/3894 3098/4468/3892 3025/4567/3819
f 2980/4538/3774 3069/4441/3863 3102/4474/3896 3026/4571/3820
f 3026/4571/3820 3102/4474/3896 3100/4471/3894 3000/4569/3794
f 2972/4543/3766 3075/4446/3869 3116/4488/3910 3031/4585/3825
f 3031/4585/3825 3116/4488/3910 3117/4489/3911 3005/4586/3799
f 3032/4589/3826 3120/4491/3914 3089/4461/3883 2985/4558/3779
f 3005/4586/3799 3117/4489/3911 3120/4491/3914 3032/4589/3826
f 3033/4591/3827 3122/4493/3916 3082/4454/3876 2974/4551/3768
f 3006/4593/3800 3124/4495/3918 3122/4493/3916 3033/4591/3827
f 2988/4564/3782 3095/4467/3889 3126/4498/3920 3034/4595/3828
f 3034/4595/3828 3126/4498/3920 3124/4495/3918 3006/4593/3800
f 3171/4605/3965 3173/4606/3967 3172/4607/3966 3170/4608/3964
f 3170/4608/3964 3172/4607/3966 3175/4609/3969 3174/4610/3968
f 3176/4611/3970 3179/4612/3973 3178/4613/3972 3177/4614/3971
f 3174/4610/3968 3175/4609/3969 3179/4615/3973 3176/4616/3970
f 3208/4617/4002 3211/4618/4005 3210/4619/4004 3209/4620/4003
f 3184/4621/3978 3185/4622/3979 3183/4623/3977 3180/4624/3974
f 3186/4625/3980 3187/4626/3981 3189/4627/3983 3188/4628/3982
f 3191/4629/3985 3193/4630/3987 3192/4631/3986 3190/4632/3984
f 3190/4632/3984 3192/4631/3986 3195/4633/3989 3194/4634/3988
f 3196/4635/3990 3197/4636/3991 3173/4606/3967 3171/4605/3965
f 3194/4634/3988 3195/4633/3989 3197/4636/3991 3196/4635/3990
f 3181/4637/3975 3182/4638/3976 3199/4639/3993 3198/4640/3992
f 3198/4641/3992 3199/4642/3993 3201/4643/3995 3200/4644/3994
f 3202/4645/3996 3203/4646/3997 3193/4630/3987 3191/4629/3985
f 3200/4644/3994 3201/4643/3995 3203/4646/3997 3202/4645/3996
f 3138/4647/3932 3145/4648/3939 3154/4649/3948 3153/4650/3947
f 3145/4648/3939 3140/4651/3934 3155/4652/3949 3154/4649/3948
f 3146/4653/3940 3136/4654/3930 3156/4655/3950 3157/4656/3951
f 3140/4651/3934 3146/4657/3940 3157/4658/3951 3155/4652/3949
f 3147/4659/3941 3137/4660/3931 3158/4661/3952 3159/4662/3953
f 3141/4663/3935 3147/4659/3941 3159/4662/3953 3160/4664/3954
f 3136/4654/3930 3148/4665/3942 3162/4666/3956 3156/4655/3950
f 3148/4665/3942 3142/4667/3936 3161/4668/3955 3162/4666/3956
f 3139/4669/3933 3149/4670/3943 3164/4671/3958 3163/4672/3957
f 3149/4670/3943 3143/4673/3937 3165/4674/3959 3164/4671/3958
f 3150/4675/3944 3138/4647/3932 3153/4650/3947 3166/4676/3960
f 3143/4673/3937 3150/4675/3944 3166/4676/3960 3165/4674/3959
f 3137/4660/3931 3151/4677/3945 3167/4678/3961 3158/4661/3952
f 3151/4679/3945 3144/4680/3938 3168/4681/3962 3167/4682/3961
f 3152/4683/3946 3139/4669/3933 3163/4672/3957 3169/4684/3963
f 3144/4680/3938 3152/4683/3946 3169/4684/3963 3168/4681/3962
f 3138/4685/3932 3171/4686/3965 3170/4687/3964 3145/4688/3939
f 3154/4689/3948 3172/4690/3966 3173/4691/3967 3153/4692/3947
f 3145/4688/3939 3170/4687/3964 3174/4693/3968 3140/4694/3934
f 3155/4695/3949 3175/4696/3969 3172/4690/3966 3154/4689/3948
f 3146/4697/3940 3176/4698/3970 3177/4699/3971 3136/4700/3930
f 3156/4701/3950 3178/4702/3972 3179/4703/3973 3157/4704/3951
f 3140/4694/3934 3174/4693/3968 3176/4698/3970 3146/4697/3940
f 3157/4704/3951 3179/4703/3973 3175/4696/3969 3155/4695/3949
f 3147/4705/3941 3180/4706/3974 3181/4707/3975 3137/4708/3931
f 3158/4709/3952 3182/4710/3976 3183/4711/3977 3159/4712/3953
f 3141/4713/3935 3184/4714/3978 3180/4706/3974 3147/4705/3941
f 3159/4712/3953 3183/4711/3977 3185/4715/3979 3160/4716/3954
f 3160/4717/3954 3185/4718/3979 3184/4719/3978 3141/4720/3935
f 3136/4700/3930 3177/4699/3971 3186/4721/3980 3148/4722/3942
f 3162/4723/3956 3187/4724/3981 3178/4702/3972 3156/4701/3950
f 3148/4722/3942 3186/4721/3980 3188/4725/3982 3142/4726/3936
f 3142/4727/3936 3188/4728/3982 3189/4729/3983 3161/4730/3955
f 3161/4731/3955 3189/4732/3983 3187/4724/3981 3162/4723/3956
f 3139/4733/3933 3191/4734/3985 3190/4735/3984 3149/4736/3943
f 3164/4737/3958 3192/4738/3986 3193/4739/3987 3163/4740/3957
f 3149/4736/3943 3190/4735/3984 3194/4741/3988 3143/4742/3937
f 3165/4743/3959 3195/4744/3989 3192/4738/3986 3164/4737/3958
f 3150/4745/3944 3196/4746/3990 3171/4686/3965 3138/4685/3932
f 3153/4692/3947 3173/4691/3967 3197/4747/3991 3166/4748/3960
f 3143/4742/3937 3194/4741/3988 3196/4746/3990 3150/4745/3944
f 3166/4748/3960 3197/4747/3991 3195/4744/3989 3165/4743/3959
f 3137/4708/3931 3181/4707/3975 3198/4749/3992 3151/4750/3945
f 3167/4751/3961 3199/4752/3993 3182/4710/3976 3158/4709/3952
f 3151/4750/3945 3198/4749/3992 3200/4753/3994 3144/4754/3938
f 3168/4755/3962 3201/4756/3995 3199/4752/3993 3167/4751/3961
f 3152/4757/3946 3202/4758/3996 3191/4734/3985 3139/4733/3933
f 3163/4740/3957 3193/4739/3987 3203/4759/3997 3169/4760/3963
f 3144/4754/3938 3200/4753/3994 3202/4758/3996 3152/4757/3946
f 3169/4760/3963 3203/4759/3997 3201/4756/3995 3168/4755/3962
f 3180/4761/3974 3225/4762/4019 3224/4763/4018 3181/4764/3975
f 3181/4764/3975 3224/4763/4018 3227/4765/4021 3182/4766/3976
f 3182/4767/3976 3227/4768/4021 3226/4769/4020 3183/4770/3977
f 3183/4770/3977 3226/4769/4020 3225/4762/4019 3180/4761/3974
f 3204/4771/3998 3231/4772/4025 3228/4773/4022 3205/4774/3999
f 3205/4774/3999 3228/4773/4022 3229/4775/4023 3206/4776/4000
f 3206/4777/4000 3229/4778/4023 3230/4779/4024 3207/4780/4001
f 3207/4781/4001 3230/4782/4024 3231/4772/4025 3204/4771/3998
f 3177/4783/3971 3221/4784/4015 3220/4785/4014 3186/4786/3980
f 3186/4787/3980 3220/4788/4014 3223/4789/4017 3187/4790/3981
f 3187/4791/3981 3223/4792/4017 3222/4793/4016 3178/4794/3972
f 3178/4795/3972 3222/4796/4016 3221/4797/4015 3177/4798/3971
f 3213/4799/4007 3217/4800/4011 3216/4801/4010 3212/4802/4006
f 3212/4803/4006 3216/4804/4010 3218/4805/4012 3214/4806/4008
f 3214/4807/4008 3218/4808/4012 3219/4809/4013 3215/4810/4009
f 3215/4811/4009 3219/4812/4013 3217/4813/4011 3213/4814/4007
f 3221/4784/4015 3213/4799/4007 3212/4802/4006 3220/4785/4014
f 3222/4796/4016 3215/4811/4009 3213/4814/4007 3221/4797/4015
f 3223/4792/4017 3214/4807/4008 3215/4810/4009 3222/4793/4016
f 3220/4788/4014 3212/4803/4006 3214/4806/4008 3223/4789/4017
f 3225/4762/4019 3204/4815/3998 3205/4816/3999 3224/4763/4018
f 3226/4769/4020 3207/4817/4001 3204/4815/3998 3225/4762/4019
f 3227/4768/4021 3206/4818/4000 3207/4817/4001 3226/4769/4020
f 3224/4763/4018 3205/4816/3999 3206/4819/4000 3227/4765/4021
f 3228/4820/4022 3209/4620/4003 3210/4619/4004 3229/4821/4023
f 3230/4822/4024 3229/4823/4023 3210/4824/4004 3211/4825/4005
f 3231/4826/4025 3230/4827/4024 3211/4618/4005 3208/4617/4002
f 3228/4820/4022 3231/4826/4025 3208/4617/4002 3209/4620/4003
f 3232/4828/4026 3235/4829/4029 3234/4830/4028 3233/4831/4027
f 3234/4830/4028 3237/4832/4031 3236/4833/4030 3233/4831/4027
f 3236/4833/4030 3239/4834/4033 3238/4835/4032 3233/4831/4027
f 3238/4835/4032 3240/4836/4034 3232/4828/4026 3233/4831/4027
f 3241/4837/4035 3244/4838/4038 3243/4839/4037 3242/4840/4036
f 3243/4839/4037 3246/4841/4040 3245/4842/4039 3242/4840/4036
f 3245/4842/4039 3239/4834/4033 3236/4833/4030 3242/4840/4036
f 3236/4833/4030 3237/4832/4031 3241/4837/4035 3242/4840/4036
f 3247/4843/4041 3250/4844/4044 3249/4845/4043 3248/4846/4042
f 3249/4845/4043 3252/4847/4046 3251/4848/4045 3248/4846/4042
f 3251/4848/4045 3239/4834/4033 3245/4842/4039 3248/4846/4042
f 3245/4842/4039 3246/4841/4040 3247/4843/4041 3248/4846/4042
f 3253/4849/4047 3256/4850/4050 3255/4851/4049 3254/4852/4048
f 3255/4851/4049 3240/4836/4034 3238/4835/4032 3254/4852/4048
f 3238/4835/4032 3239/4834/4033 3251/4848/4045 3254/4852/4048
f 3251/4848/4045 3252/4847/4046 3253/4849/4047 3254/4852/4048
f 3243/4839/4037 3244/4838/4038 3258/4853/4052 3257/4854/4051
f 3259/4855/4053 3246/4841/4040 3243/4839/4037 3257/4854/4051
f 3260/4856/4054 3250/4844/4044 3247/4843/4041 3261/4857/4055
f 3247/4843/4041 3246/4841/4040 3259/4855/4053 3261/4857/4055
f 3262/4858/4056 3235/4829/4029 3232/4828/4026 3263/4859/4057
f 3232/4828/4026 3240/4836/4034 3264/4860/4058 3263/4859/4057
f 3255/4851/4049 3256/4850/4050 3266/4861/4060 3265/4862/4059
f 3264/4860/4058 3240/4836/4034 3255/4851/4049 3265/4862/4059
f 3267/4863/4061 3270/4864/4064 3269/4865/4063 3268/4866/4062
f 3269/4865/4063 3272/4867/4066 3271/4868/4065 3268/4866/4062
f 3273/4869/4067 3276/4870/4070 3275/4871/4069 3274/4872/4068
f 3271/4868/4065 3272/4867/4066 3273/4869/4067 3274/4872/4068
f 3266/4861/4060 3256/4850/4050 3253/4849/4047 3277/4873/4071
f 3253/4849/4047 3252/4847/4046 3278/4874/4072 3277/4873/4071
f 3249/4845/4043 3250/4844/4044 3260/4856/4054 3279/4875/4073
f 3278/4874/4072 3252/4847/4046 3249/4845/4043 3279/4875/4073
f 3280/4876/4074 3283/4877/4077 3282/4878/4076 3281/4879/4075
f 3284/4880/4078 3285/4881/4079 3280/4876/4074 3281/4879/4075
f 3258/4853/4052 3244/4838/4038 3287/4882/4081 3286/4883/4080
f 3287/4882/4081 3285/4881/4079 3284/4880/4078 3286/4883/4080
f 3288/4884/4082 3291/4885/4085 3290/4886/4084 3289/4887/4083
f 3290/4886/4084 3293/4888/4087 3292/4889/4086 3289/4887/4083
f 3294/4890/4088 3235/4829/4029 3262/4858/4056 3295/4891/4089
f 3292/4889/4086 3293/4888/4087 3294/4890/4088 3295/4891/4089
f 3234/4830/4028 3235/4829/4029 3294/4890/4088 3296/4892/4090
f 3294/4890/4088 3293/4888/4087 3297/4893/4091 3296/4892/4090
f 3297/4893/4091 3299/4894/4093 3298/4895/4092 3296/4892/4090
f 3298/4895/4092 3237/4832/4031 3234/4830/4028 3296/4892/4090
f 3290/4886/4084 3291/4885/4085 3301/4896/4095 3300/4897/4094
f 3301/4896/4095 3303/4898/4097 3302/4899/4096 3300/4897/4094
f 3302/4899/4096 3299/4894/4093 3297/4893/4091 3300/4897/4094
f 3297/4893/4091 3293/4888/4087 3290/4886/4084 3300/4897/4094
f 3304/4900/4098 3283/4877/4077 3280/4876/4074 3305/4901/4099
f 3280/4876/4074 3285/4881/4079 3306/4902/4100 3305/4901/4099
f 3306/4902/4100 3299/4894/4093 3302/4899/4096 3305/4901/4099
f 3302/4899/4096 3303/4898/4097 3304/4900/4098 3305/4901/4099
f 3287/4882/4081 3244/4838/4038 3241/4837/4035 3307/4903/4101
f 3241/4837/4035 3237/4832/4031 3298/4895/4092 3307/4903/4101
f 3298/4895/4092 3299/4894/4093 3306/4902/4100 3307/4903/4101
f 3306/4902/4100 3285/4881/4079 3287/4882/4081 3307/4903/4101
f 3308/4904/4102 3270/4864/4064 3267/4863/4061 3309/4905/4103
f 3310/4906/4104 3311/4907/4105 3308/4904/4102 3309/4905/4103
f 3282/4878/4076 3283/4877/4077 3313/4908/4107 3312/4909/4106
f 3313/4908/4107 3311/4907/4105 3310/4906/4104 3312/4909/4106
f 3275/4871/4069 3276/4870/4070 3315/4910/4109 3314/4911/4108
f 3315/4910/4109 3317/4912/4111 3316/4913/4110 3314/4911/4108
f 3318/4914/4112 3291/4885/4085 3288/4884/4082 3319/4915/4113
f 3316/4913/4110 3317/4912/4111 3318/4914/4112 3319/4915/4113
f 3301/4896/4095 3291/4885/4085 3318/4914/4112 3320/4916/4114
f 3318/4914/4112 3317/4912/4111 3321/4917/4115 3320/4916/4114
f 3321/4917/4115 3323/4918/4117 3322/4919/4116 3320/4916/4114
f 3322/4919/4116 3303/4898/4097 3301/4896/4095 3320/4916/4114
f 3315/4910/4109 3276/4870/4070 3273/4869/4067 3324/4920/4118
f 3273/4869/4067 3272/4867/4066 3325/4921/4119 3324/4920/4118
f 3325/4921/4119 3323/4918/4117 3321/4917/4115 3324/4920/4118
f 3321/4917/4115 3317/4912/4111 3315/4910/4109 3324/4920/4118
f 3269/4865/4063 3270/4864/4064 3308/4904/4102 3326/4922/4120
f 3308/4904/4102 3311/4907/4105 3327/4923/4121 3326/4922/4120
f 3327/4923/4121 3323/4918/4117 3325/4921/4119 3326/4922/4120
f 3325/4921/4119 3272/4867/4066 3269/4865/4063 3326/4922/4120
f 3313/4908/4107 3283/4877/4077 3304/4900/4098 3328/4924/4122
f 3304/4900/4098 3303/4898/4097 3322/4919/4116 3328/4924/4122
f 3322/4919/4116 3323/4918/4117 3327/4923/4121 3328/4924/4122
f 3327/4923/4121 3311/4907/4105 3313/4908/4107 3328/4924/4122
f 3329/4925/4123 3332/4926/4126 3331/4927/4125 3330/4928/4124
f 3331/4927/4125 3332/4926/4126 3334/4929/4128 3333/4930/4127
f 3334/4929/4128 3332/4926/4126 3336/4931/4130 3335/4932/4129
f 3336/4931/4130 3332/4926/4126 3329/4925/4123 3337/4933/4131
f 3338/4934/4132 3341/4935/4135 3340/4936/4134 3339/4937/4133
f 3340/4936/4134 3341/4935/4135 3343/4938/4137 3342/4939/4136
f 3343/4938/4137 3341/4935/4135 3334/4929/4128 3335/4932/4129
f 3334/4929/4128 3341/4935/4135 3338/4934/4132 3333/4930/4127
f 3344/4940/4138 3347/4941/4141 3346/4942/4140 3345/4943/4139
f 3346/4942/4140 3347/4941/4141 3349/4944/4143 3348/4945/4142
f 3349/4944/4143 3347/4941/4141 3343/4938/4137 3335/4932/4129
f 3343/4938/4137 3347/4941/4141 3344/4940/4138 3342/4939/4136
f 3350/4946/4144 3353/4947/4147 3352/4948/4146 3351/4949/4145
f 3352/4948/4146 3353/4947/4147 3336/4931/4130 3337/4933/4131
f 3336/4931/4130 3353/4947/4147 3349/4944/4143 3335/4932/4129
f 3349/4944/4143 3353/4947/4147 3350/4946/4144 3348/4945/4142
f 3340/4936/4134 3355/4950/4149 3354/4951/4148 3339/4937/4133
f 3356/4952/4150 3355/4950/4149 3340/4936/4134 3342/4939/4136
f 3357/4953/4151 3358/4954/4152 3344/4940/4138 3345/4943/4139
f 3344/4940/4138 3358/4954/4152 3356/4952/4150 3342/4939/4136
f 3359/4955/4153 3360/4956/4154 3329/4925/4123 3330/4928/4124
f 3329/4925/4123 3360/4956/4154 3361/4957/4155 3337/4933/4131
f 3352/4948/4146 3363/4958/4157 3362/4959/4156 3351/4949/4145
f 3361/4957/4155 3363/4958/4157 3352/4948/4146 3337/4933/4131
f 3364/4960/4158 3367/4961/4161 3366/4962/4160 3365/4963/4159
f 3366/4962/4160 3367/4961/4161 3369/4964/4163 3368/4965/4162
f 3370/4966/4164 3373/4967/4167 3372/4968/4166 3371/4969/4165
f 3369/4964/4163 3373/4967/4167 3370/4966/4164 3368/4965/4162
f 3362/4959/4156 3374/4970/4168 3350/4946/4144 3351/4949/4145
f 3350/4946/4144 3374/4970/4168 3375/4971/4169 3348/4945/4142
f 3346/4942/4140 3376/4972/4170 3357/4953/4151 3345/4943/4139
f 3375/4971/4169 3376/4972/4170 3346/4942/4140 3348/4945/4142
f 3377/4973/4171 3380/4974/4174 3379/4975/4173 3378/4976/4172
f 3381/4977/4175 3380/4974/4174 3377/4973/4171 3382/4978/4176
f 3354/4951/4148 3384/4979/4178 3383/4980/4177 3339/4937/4133
f 3383/4980/4177 3384/4979/4178 3381/4977/4175 3382/4978/4176
f 3385/4981/4179 3388/4982/4182 3387/4983/4181 3386/4984/4180
f 3387/4983/4181 3388/4982/4182 3390/4985/4184 3389/4986/4183
f 3391/4987/4185 3392/4988/4186 3359/4955/4153 3330/4928/4124
f 3390/4985/4184 3392/4988/4186 3391/4987/4185 3389/4986/4183
f 3331/4927/4125 3393/4989/4187 3391/4987/4185 3330/4928/4124
f 3391/4987/4185 3393/4989/4187 3394/4990/4188 3389/4986/4183
f 3394/4990/4188 3393/4989/4187 3396/4991/4190 3395/4992/4189
f 3396/4991/4190 3393/4989/4187 3331/4927/4125 3333/4930/4127
f 3387/4983/4181 3398/4993/4192 3397/4994/4191 3386/4984/4180
f 3397/4994/4191 3398/4993/4192 3400/4995/4194 3399/4996/4193
f 3400/4995/4194 3398/4993/4192 3394/4990/4188 3395/4992/4189
f 3394/4990/4188 3398/4993/4192 3387/4983/4181 3389/4986/4183
f 3401/4997/4195 3402/4998/4196 3377/4973/4171 3378/4976/4172
f 3377/4973/4171 3402/4998/4196 3403/4999/4197 3382/4978/4176
f 3403/4999/4197 3402/4998/4196 3400/4995/4194 3395/4992/4189
f 3400/4995/4194 3402/4998/4196 3401/4997/4195 3399/4996/4193
f 3383/4980/4177 3404/5000/4198 3338/4934/4132 3339/4937/4133
f 3338/4934/4132 3404/5000/4198 3396/4991/4190 3333/4930/4127
f 3396/4991/4190 3404/5000/4198 3403/4999/4197 3395/4992/4189
f 3403/4999/4197 3404/5000/4198 3383/4980/4177 3382/4978/4176
f 3405/5001/4199 3406/5002/4200 3364/4960/4158 3365/4963/4159
f 3407/5003/4201 3406/5002/4200 3405/5001/4199 3408/5004/4202
f 3379/4975/4173 3410/5005/4204 3409/5006/4203 3378/4976/4172
f 3409/5006/4203 3410/5005/4204 3407/5003/4201 3408/5004/4202
f 3372/4968/4166 3412/5007/4206 3411/5008/4205 3371/4969/4165
f 3411/5008/4205 3412/5007/4206 3414/5009/4208 3413/5010/4207
f 3415/5011/4209 3416/5012/4210 3385/4981/4179 3386/4984/4180
f 3414/5009/4208 3416/5012/4210 3415/5011/4209 3413/5010/4207
f 3397/4994/4191 3417/5013/4211 3415/5011/4209 3386/4984/4180
f 3415/5011/4209 3417/5013/4211 3418/5014/4212 3413/5010/4207
f 3418/5014/4212 3417/5013/4211 3420/5015/4214 3419/5016/4213
f 3420/5015/4214 3417/5013/4211 3397/4994/4191 3399/4996/4193
f 3411/5008/4205 3421/5017/4215 3370/4966/4164 3371/4969/4165
f 3370/4966/4164 3421/5017/4215 3422/5018/4216 3368/4965/4162
f 3422/5018/4216 3421/5017/4215 3418/5014/4212 3419/5016/4213
f 3418/5014/4212 3421/5017/4215 3411/5008/4205 3413/5010/4207
f 3366/4962/4160 3423/5019/4217 3405/5001/4199 3365/4963/4159
f 3405/5001/4199 3423/5019/4217 3424/5020/4218 3408/5004/4202
f 3424/5020/4218 3423/5019/4217 3422/5018/4216 3419/5016/4213
f 3422/5018/4216 3423/5019/4217 3366/4962/4160 3368/4965/4162
f 3409/5006/4203 3425/5021/4219 3401/4997/4195 3378/4976/4172
f 3401/4997/4195 3425/5021/4219 3420/5015/4214 3399/4996/4193
f 3420/5015/4214 3425/5021/4219 3424/5020/4218 3419/5016/4213
f 3424/5020/4218 3425/5021/4219 3409/5006/4203 3408/5004/4202
f 3354/4951/4148 3355/4950/4149 3257/4854/4051 3258/4853/4052
f 3355/4950/4149 3356/4952/4150 3259/4855/4053 3257/4854/4051
f 3358/4954/4152 3357/4953/4151 3260/4856/4054 3261/4857/4055
f 3356/4952/4150 3358/4954/4152 3261/4857/4055 3259/4855/4053
f 3360/4956/4154 3359/4955/4153 3262/4858/4056 3263/4859/4057
f 3361/4957/4155 3360/4956/4154 3263/4859/4057 3264/4860/4058
f 3362/4959/4156 3363/4958/4157 3265/4862/4059 3266/4861/4060
f 3363/4958/4157 3361/4957/4155 3264/4860/4058 3265/4862/4059
f 3367/4961/4161 3364/4960/4158 3267/4863/4061 3268/4866/4062
f 3369/4964/4163 3367/4961/4161 3268/4866/4062 3271/4868/4065
f 3372/4968/4166 3373/4967/4167 3274/4872/4068 3275/4871/4069
f 3373/4967/4167 3369/4964/4163 3271/4868/4065 3274/4872/4068
f 3374/4970/4168 3362/4959/4156 3266/4861/4060 3277/4873/4071
f 3375/4971/4169 3374/4970/4168 3277/4873/4071 3278/4874/4072
f 3357/4953/4151 3376/4972/4170 3279/4875/4073 3260/4856/4054
f 3376/4972/4170 3375/4971/4169 3278/4874/4072 3279/4875/4073
f 3379/4975/4173 3380/4974/4174 3281/4879/4075 3282/4878/4076
f 3380/4974/4174 3381/4977/4175 3284/4880/4078 3281/4879/4075
f 3384/4979/4178 3354/4951/4148 3258/4853/4052 3286/4883/4080
f 3381/4977/4175 3384/4979/4178 3286/4883/4080 3284/4880/4078
f 3388/4982/4182 3385/4981/4179 3288/4884/4082 3289/4887/4083
f 3390/4985/4184 3388/4982/4182 3289/4887/4083 3292/4889/4086
f 3359/4955/4153 3392/4988/4186 3295/4891/4089 3262/4858/4056
f 3392/4988/4186 3390/4985/4184 3292/4889/4086 3295/4891/4089
f 3364/4960/4158 3406/5002/4200 3309/4905/4103 3267/4863/4061
f 3406/5002/4200 3407/5003/4201 3310/4906/4104 3309/4905/4103
f 3410/5005/4204 3379/4975/4173 3282/4878/4076 3312/4909/4106
f 3407/5003/4201 3410/5005/4204 3312/4909/4106 3310/4906/4104
f 3412/5007/4206 3372/4968/4166 3275/4871/4069 3314/4911/4108
f 3414/5009/4208 3412/5007/4206 3314/4911/4108 3316/4913/4110
f 3385/4981/4179 3416/5012/4210 3319/4915/4113 3288/4884/4082
f 3416/5012/4210 3414/5009/4208 3316/4913/4110 3319/4915/4113
f 3426/5022/4220 3429/5023/4223 3428/5024/4222 3427/5025/4221
f 3429/5023/4223 3431/5026/4225 3430/5027/4224 3428/5024/4222
f 3432/5028/4226 3435/5029/4229 3434/5030/4228 3433/5031/4227
f 3431/5026/4225 3432/5032/4226 3433/5033/4227 3430/5027/4224
f 3436/5034/4230 3439/5035/4233 3438/5036/4232 3437/5037/4231
f 3440/5038/4234 3443/5039/4237 3442/5040/4236 3441/5041/4235
f 3444/5042/4238 3447/5043/4241 3446/5044/4240 3445/5045/4239
f 3448/5046/4242 3451/5047/4245 3450/5048/4244 3449/5049/4243
f 3451/5047/4245 3453/5050/4247 3452/5051/4246 3450/5048/4244
f 3454/5052/4248 3426/5022/4220 3427/5025/4221 3455/5053/4249
f 3453/5050/4247 3454/5052/4248 3455/5053/4249 3452/5051/4246
f 3456/5054/4250 3459/5055/4253 3458/5056/4252 3457/5057/4251
f 3459/5058/4253 3461/5059/4255 3460/5060/4254 3458/5061/4252
f 3462/5062/4256 3448/5046/4242 3449/5049/4243 3463/5063/4257
f 3461/5059/4255 3462/5062/4256 3463/5063/4257 3460/5060/4254
f 3464/5064/4258 3467/5065/4261 3466/5066/4260 3465/5067/4259
f 3465/5067/4259 3466/5066/4260 3469/5068/4263 3468/5069/4262
f 3470/5070/4264 3473/5071/4267 3472/5072/4266 3471/5073/4265
f 3468/5069/4262 3469/5068/4263 3473/5074/4267 3470/5075/4264
f 3474/5076/4268 3477/5077/4271 3476/5078/4270 3475/5079/4269
f 3478/5080/4272 3479/5081/4273 3477/5077/4271 3474/5076/4268
f 3471/5073/4265 3472/5072/4266 3481/5082/4275 3480/5083/4274
f 3480/5083/4274 3481/5082/4275 3483/5084/4277 3482/5085/4276
f 3484/5086/4278 3487/5087/4281 3486/5088/4280 3485/5089/4279
f 3485/5089/4279 3486/5088/4280 3489/5090/4283 3488/5091/4282
f 3490/5092/4284 3491/5093/4285 3467/5065/4261 3464/5064/4258
f 3488/5091/4282 3489/5090/4283 3491/5093/4285 3490/5092/4284
f 3475/5079/4269 3476/5078/4270 3493/5094/4287 3492/5095/4286
f 3492/5096/4286 3493/5097/4287 3495/5098/4289 3494/5099/4288
f 3496/5100/4290 3497/5101/4291 3487/5087/4281 3484/5086/4278
f 3494/5099/4288 3495/5098/4289 3497/5101/4291 3496/5100/4290
f 3464/5102/4258 3465/5103/4259 3429/5104/4223 3426/5105/4220
f 3466/5106/4260 3467/5107/4261 3427/5108/4221 3428/5109/4222
f 3465/5103/4259 3468/5110/4262 3431/5111/4225 3429/5104/4223
f 3469/5112/4263 3466/5106/4260 3428/5109/4222 3430/5113/4224
f 3470/5114/4264 3471/5115/4265 3435/5116/4229 3432/5117/4226
f 3472/5118/4266 3473/5119/4267 3433/5120/4227 3434/5121/4228
f 3468/5110/4262 3470/5114/4264 3432/5117/4226 3431/5111/4225
f 3473/5119/4267 3469/5112/4263 3430/5113/4224 3433/5120/4227
f 3474/5122/4268 3475/5123/4269 3456/5124/4250 3443/5125/4237
f 3476/5126/4270 3477/5127/4271 3442/5128/4236 3457/5129/4251
f 3478/5130/4272 3474/5122/4268 3443/5125/4237 3440/5131/4234
f 3477/5127/4271 3479/5132/4273 3441/5133/4235 3442/5128/4236
f 3479/5134/4273 3478/5135/4272 3440/5136/4234 3441/5137/4235
f 3471/5115/4265 3480/5138/4274 3444/5139/4238 3435/5116/4229
f 3481/5140/4275 3472/5118/4266 3434/5121/4228 3445/5141/4239
f 3480/5138/4274 3482/5142/4276 3447/5143/4241 3444/5139/4238
f 3482/5144/4276 3483/5145/4277 3446/5146/4240 3447/5147/4241
f 3483/5148/4277 3481/5140/4275 3445/5141/4239 3446/5149/4240
f 3484/5150/4278 3485/5151/4279 3451/5152/4245 3448/5153/4242
f 3486/5154/4280 3487/5155/4281 3449/5156/4243 3450/5157/4244
f 3485/5151/4279 3488/5158/4282 3453/5159/4247 3451/5152/4245
f 3489/5160/4283 3486/5154/4280 3450/5157/4244 3452/5161/4246
f 3490/5162/4284 3464/5102/4258 3426/5105/4220 3454/5163/4248
f 3467/5107/4261 3491/5164/4285 3455/5165/4249 3427/5108/4221
f 3488/5158/4282 3490/5162/4284 3454/5163/4248 3453/5159/4247
f 3491/5164/4285 3489/5160/4283 3452/5161/4246 3455/5165/4249
f 3475/5123/4269 3492/5166/4286 3459/5167/4253 3456/5124/4250
f 3493/5168/4287 3476/5126/4270 3457/5129/4251 3458/5169/4252
f 3492/5166/4286 3494/5170/4288 3461/5171/4255 3459/5167/4253
f 3495/5172/4289 3493/5168/4287 3458/5169/4252 3460/5173/4254
f 3496/5174/4290 3484/5150/4278 3448/5153/4242 3462/5175/4256
f 3487/5155/4281 3497/5176/4291 3463/5177/4257 3449/5156/4243
f 3494/5170/4288 3496/5174/4290 3462/5175/4256 3461/5171/4255
f 3497/5176/4291 3495/5172/4289 3460/5173/4254 3463/5177/4257
f 3443/5178/4237 3456/5179/4250 3499/5180/4293 3498/5181/4292
f 3456/5179/4250 3457/5182/4251 3500/5183/4294 3499/5180/4293
f 3457/5184/4251 3442/5185/4236 3501/5186/4295 3500/5187/4294
f 3442/5185/4236 3443/5178/4237 3498/5181/4292 3501/5186/4295
f 3502/5188/4296 3505/5189/4299 3504/5190/4298 3503/5191/4297
f 3505/5189/4299 3507/5192/4301 3506/5193/4300 3504/5190/4298
f 3507/5194/4301 3509/5195/4303 3508/5196/4302 3506/5197/4300
f 3509/5198/4303 3502/5188/4296 3503/5191/4297 3508/5199/4302
f 3435/5200/4229 3444/5201/4238 3511/5202/4305 3510/5203/4304
f 3444/5204/4238 3445/5205/4239 3512/5206/4306 3511/5207/4305
f 3445/5208/4239 3434/5209/4228 3513/5210/4307 3512/5211/4306
f 3434/5212/4228 3435/5213/4229 3510/5214/4304 3513/5215/4307
f 3514/5216/4308 3515/5217/4309 3216/5218/4010 3217/5219/4011
f 3515/5220/4309 3516/5221/4310 3218/5222/4012 3216/5223/4010
f 3516/5224/4310 3517/5225/4311 3219/5226/4013 3218/5227/4012
f 3517/5228/4311 3514/5229/4308 3217/5230/4011 3219/5231/4013
f 3510/5203/4304 3511/5202/4305 3515/5217/4309 3514/5216/4308
f 3513/5215/4307 3510/5214/4304 3514/5229/4308 3517/5228/4311
f 3512/5211/4306 3513/5210/4307 3517/5225/4311 3516/5224/4310
f 3511/5207/4305 3512/5206/4306 3516/5221/4310 3515/5220/4309
f 3498/5181/4292 3499/5180/4293 3505/5232/4299 3502/5233/4296
f 3501/5186/4295 3498/5181/4292 3502/5233/4296 3509/5234/4303
f 3500/5187/4294 3501/5186/4295 3509/5234/4303 3507/5235/4301
f 3499/5180/4293 3500/5183/4294 3507/5236/4301 3505/5232/4299
f 3504/5237/4298 3506/5238/4300 3438/5036/4232 3439/5035/4233
f 3508/5239/4302 3437/5240/4231 3438/5241/4232 3506/5242/4300
f 3503/5243/4297 3436/5034/4230 3437/5037/4231 3508/5244/4302
f 3504/5237/4298 3439/5035/4233 3436/5034/4230 3503/5243/4297
f 3519/5245/4313 3523/5246/4317 3524/5247/4318
f 3524/5247/4318 3527/5248/4321 3522/5249/4316
f 3524/5247/4318 3525/5250/4319 3521/5251/4315
f 3524/5247/4318 3518/5252/4312 3520/5253/4314
f 3526/5254/4320 3519/5255/4313 3521/5256/4315
f 3523/5257/4317 3519/5255/4313 3526/5254/4320
f 3526/5254/4320 3525/5258/4319 3520/5259/4314
f 3522/5260/4316 3527/5261/4321 3526/5254/4320
f 3526/5254/4320 3521/5256/4315 3525/5258/4319
f 3526/5254/4320 3520/5259/4314 3518/5262/4312
f 3522/5260/4316 3526/5254/4320 3518/5262/4312
f 3523/5257/4317 3526/5254/4320 3527/5261/4321
f 3523/5246/4317 3527/5248/4321 3524/5247/4318
f 3519/5245/4313 3524/5247/4318 3521/5251/4315
f 3524/5247/4318 3520/5253/4314 3525/5250/4319
f 3524/5247/4318 3522/5249/4316 3518/5252/4312
f 3535/5263/4329 3533/5264/4327 3532/5265/4326 3534/5266/4328
f 3531/5267/4325 3529/5268/4323 3528/5269/4322 3530/5270/4324
f 3534/5266/4328 3532/5265/4326 3530/5270/4324 3528/5269/4322
f 3535/5271/4329 3529/5268/4323 3531/5267/4325 3533/5272/4327
f 3536/5273/4330 3535/5263/4329 3534/5266/4328 3537/5274/4331
f 3529/5268/4323 3539/5275/4333 3538/5276/4332 3528/5269/4322
f 3536/5277/4330 3539/5275/4333 3529/5268/4323 3535/5271/4329
f 3534/5266/4328 3528/5269/4322 3538/5276/4332 3537/5274/4331
f 3541/5278/4335 3546/5279/4340 3545/5280/4339
f 3546/5279/4340 3544/5281/4338 3549/5282/4343
f 3546/5279/4340 3543/5283/4337 3547/5284/4341
f 3546/5279/4340 3542/5285/4336 3540/5286/4334
f 3548/5287/4342 3543/5288/4337 3541/5289/4335
f 3545/5290/4339 3548/5287/4342 3541/5289/4335
f 3548/5287/4342 3542/5291/4336 3547/5292/4341
f 3544/5293/4338 3548/5287/4342 3549/5294/4343
f 3548/5287/4342 3547/5292/4341 3543/5288/4337
f 3548/5287/4342 3540/5295/4334 3542/5291/4336
f 3544/5293/4338 3540/5295/4334 3548/5287/4342
f 3545/5290/4339 3549/5294/4343 3548/5287/4342
f 3545/5280/4339 3546/5279/4340 3549/5282/4343
f 3541/5278/4335 3543/5283/4337 3546/5279/4340
f 3546/5279/4340 3547/5284/4341 3542/5285/4336
f 3546/5279/4340 3540/5286/4334 3544/5281/4338
f 3557/5296/4351 3556/5297/4350 3554/5298/4348 3555/5299/4349
f 3553/5300/4347 3552/5301/4346 3550/5302/4344 3551/5303/4345
f 3556/5297/4350 3550/5302/4344 3552/5301/4346 3554/5298/4348
f 3557/5304/4351 3555/5305/4349 3553/5300/4347 3551/5303/4345
f 3558/5306/4352 3559/5307/4353 3556/5297/4350 3557/5296/4351
f 3551/5303/4345 3550/5302/4344 3560/5308/4354 3561/5309/4355
f 3558/5310/4352 3557/5304/4351 3551/5303/4345 3561/5309/4355
f 3556/5297/4350 3559/5307/4353 3560/5308/4354 3550/5302/4344

g Hats

v -0.148263 165.944855 -5.244447
v 1.713027 165.935577 -5.085122
v 3.076226 167.883286 -4.983031
v -0.158644 167.487183 -5.696800
v 4.297030 166.251480 -4.163315
v 6.096507 167.012970 -3.001929
v 5.780141 168.509659 -3.269097
v 6.763940 167.445282 -1.438985
v 6.727840 169.370285 -0.604895
v 7.029748 167.302414 1.338454
v 6.825318 167.297745 4.426001
v 6.569135 169.357101 4.002054
v 5.836116 167.950638 6.874514
v 4.971428 169.733917 7.748563
v 4.698609 168.928131 8.682274
v 2.493613 169.855759 10.224865
v 2.328645 171.334610 9.269241
v 0.038414 170.663757 10.605546
v -0.020929 171.964020 9.651896
v -2.027339 165.947571 -5.071125
v -3.481846 167.648468 -5.085774
v -4.377241 166.248566 -4.205960
v -5.985136 166.914444 -3.000450
v -5.746976 168.319885 -3.278304
v -6.707886 167.399857 -1.510182
v -6.736878 168.933716 -0.342253
v -7.027931 167.008148 1.869537
v -6.561314 169.265137 4.201607
v -6.779264 167.379929 4.419040
v -5.881311 168.164886 6.788875
v -4.967818 169.741867 7.787244
v -4.722395 168.891479 8.649991
v -2.367221 171.150497 9.499487
v -2.579780 169.739380 10.305021
v 1.795108 165.790283 -5.336100
v -0.160724 165.743210 -5.505564
v -0.155829 168.330353 -6.460960
v 2.184403 168.804077 -6.046563
v 4.558000 166.126572 -4.419556
v 4.606965 169.205017 -5.145936
v 6.463310 166.905777 -3.150130
v 6.313526 169.737350 -3.759392
v 7.330568 167.253067 -1.395387
v 7.217348 170.268768 -1.836071
v 7.462931 167.150543 1.107433
v 7.508804 170.605347 1.000058
v 7.160134 167.143494 4.576416
v 7.097286 170.496277 4.229805
v 5.841797 168.174423 7.506688
v 5.916982 170.430496 7.505938
v -0.396122 176.454315 -3.194405
v 1.872139 176.391983 -3.239780
v 2.495386 174.961884 -5.930342
v -0.313061 174.660934 -6.180983
v -0.343507 177.556732 1.642646
v -0.323714 176.994797 3.942399
v 1.679490 176.845825 3.793961
v 1.650850 177.361771 1.485619
v 4.833487 175.208572 -4.917994
v 4.227064 176.361298 -2.984518
v 6.377964 175.510147 -3.225750
v 4.333554 176.929016 -0.681910
v 6.933864 175.866638 -0.844853
v 4.426144 176.686050 3.767123
v 6.774808 175.862656 3.933183
v 7.082322 176.003296 1.632532
v 4.481477 176.968445 1.519664
v 5.774229 175.918320 5.993112
v 3.958290 176.343124 5.588394
v 1.603212 176.363876 6.008673
v -0.354149 176.424988 6.171005
v 1.640168 177.186798 -0.699347
v -0.370077 177.314148 -0.598163
v 1.865278 176.167236 8.087482
v 4.004154 175.883621 7.360872
v -0.268617 176.093155 8.319480
v 5.822371 173.570419 6.561331
v 6.956721 173.404892 4.092942
v 7.422021 173.507111 1.423872
v 7.282280 173.289474 -1.331656
v 1.812145 174.189499 8.644974
v 4.065724 173.946548 8.003521
v 6.508299 172.838455 -3.694565
v 4.837036 172.400513 -5.241301
v 2.500915 172.090775 -6.081547
v -0.199508 171.616318 -6.497448
v -2.098130 165.787964 -5.324387
v -2.671254 168.462692 -6.075692
v -4.638010 166.101303 -4.473176
v -4.889463 168.972961 -5.135975
v -6.343205 166.795334 -3.159410
v -6.339612 169.422546 -3.710613
v -7.357021 167.154694 -1.423832
v -7.232547 169.814041 -1.788975
v -7.444725 166.880432 1.633770
v -7.575968 169.990768 1.493915
v -7.151567 167.166504 4.594597
v -7.120245 170.279160 4.435576
v -2.277143 170.019928 10.927266
v 0.034675 170.781097 10.920106
v -0.022920 172.923141 9.639570
v -2.276586 172.228699 9.623903
v -3.171835 174.590424 -5.913389
v -2.752624 176.264160 -3.095419
v -2.426398 177.291962 1.637892
v -2.373541 176.733047 4.001132
v -5.617486 174.528107 -4.710426
v -5.073400 175.942215 -2.885936
v -6.965990 174.826599 -3.102593
v -5.121088 176.478149 -0.618154
v -7.460804 175.198624 -0.820352
v -4.904936 176.216003 3.989562
v -5.181408 176.467285 1.625650
v -7.532920 175.452469 1.641681
v -6.977220 175.372330 4.093410
v -5.926355 175.545822 6.187040
v -4.375690 176.180756 5.817406
v -2.253683 176.280914 6.192403
v -2.486180 177.148834 -0.613293
v -2.397942 176.029037 8.186975
v -4.383615 175.832840 7.568578
v -0.126937 174.438156 8.801732
v -2.214027 174.158127 8.786879
v -4.210728 173.769791 8.209675
v -5.967258 173.176407 6.671001
v -7.472050 172.575027 -1.405457
v -7.558941 172.900238 1.385949
v -6.861813 172.193085 -3.606316
v -5.430017 171.904251 -5.156371
v -2.949802 171.722549 -6.163447
v 1.728334 165.657303 -5.109667
v -0.143041 165.653168 -5.240058
v 4.383975 165.931229 -4.227189
v 6.328780 166.734924 -3.033536
v 7.255432 166.922424 1.180688
v 7.145530 167.064835 -1.433088
v 6.974166 166.998703 4.582753
v 6.011050 167.813675 6.926306
v 2.545394 169.645691 10.576584
v 4.799173 168.779877 8.703645
v 0.046303 170.381332 10.885941
v -2.014498 165.616928 -5.131576
v -4.487150 165.923492 -4.274457
v -6.221969 166.623306 -3.032902
v -7.117908 166.972702 -1.483275
v -7.247840 166.698761 1.591156
v -6.972452 167.013718 4.583924
v -6.054156 167.978409 6.839465
v -4.801318 168.760574 8.697896
v -2.655813 169.521667 10.631052
v -2.256189 169.048447 13.325161
v -5.051610 168.164429 11.386057
v -6.076019 167.447144 9.068119
v 0.015036 169.376114 13.644228
v -6.831522 166.651321 6.272417
v -6.581417 166.575699 8.234801
v 0.027040 168.096451 15.863971
v -1.473892 168.002884 15.753057
v -2.982827 167.684372 15.352777
v -4.282256 167.244461 14.608697
v -5.307641 166.854233 13.461921
v -6.133942 166.568344 11.777145
v -6.497902 166.467102 10.077024
v -4.680646 169.032196 9.287892
v -4.574895 168.641907 12.161339
v -2.297742 169.354691 13.348880
v -5.857778 168.289017 7.521267
v -6.102502 167.821320 9.907553
v 0.013225 169.729187 13.634435
v -7.047184 166.741821 6.296348
v -6.837509 166.616165 8.227374
v -1.519730 168.273666 15.779745
v 0.025216 168.380493 15.889407
v -3.076579 167.932175 15.389550
v -4.413557 167.440643 14.640106
v -5.481603 166.983688 13.480672
v -6.697088 166.499023 10.091011
v -6.323669 166.640579 11.789478
v 5.076193 168.194000 11.378662
v 2.285085 169.097122 13.272742
v 6.125735 167.451920 9.039616
v 6.797336 166.609787 6.369394
v 6.621676 166.577820 8.238050
v 1.525485 168.023544 15.739164
v 3.038109 167.712265 15.331004
v 4.343793 167.280182 14.588617
v 5.376479 166.881165 13.445239
v 6.201161 166.580643 11.767720
v 6.562394 166.465927 10.067851
v 6.146567 167.835083 9.892943
v 6.878715 166.614716 8.235045
v 7.019916 166.688721 6.392540
v 1.571197 168.294235 15.761385
v 2.326710 169.413483 13.284011
v 3.131400 167.959137 15.362179
v 4.474208 167.480927 14.614792
v 4.602296 168.697800 12.134023
v 5.545945 167.014511 13.460363
v 6.392293 166.659103 11.781308
v 6.761901 166.499985 10.081358
v -4.398194 171.220184 8.892374
v -5.974055 170.580856 7.269995
v 2.184916 170.162079 10.753275
v 4.602746 169.073364 9.404194
v 2.176296 172.470932 9.225616
v 4.351426 171.422729 8.813087
v -7.057099 172.983582 4.187927
vt 0.983389 0.995472
vt 0.983732 0.985062
vt 0.992777 0.978259
vt 0.992202 0.995723
vt 0.984180 0.971466
vt 0.984295 0.956766
vt 0.993111 0.956766
vt 0.984295 0.944891
vt 0.993111 0.938954
vt 0.984295 0.933025
vt 0.984295 0.921656
vt 0.993111 0.921624
vt 0.984295 0.910654
vt 0.993111 0.904790
vt 0.984295 0.899844
vt 0.984295 0.888575
vt 0.993111 0.888258
vt 0.984295 0.877257
vt 0.993111 0.877257
vt 0.984295 0.768106
vt 0.984295 0.757593
vt 0.993111 0.757554
vt 0.993111 0.775309
vt 0.984295 0.781986
vt 0.984295 0.796712
vt 0.993111 0.797300
vt 0.984295 0.808780
vt 0.993111 0.815123
vt 0.984295 0.820882
vt 0.993111 0.832717
vt 0.984295 0.832556
vt 0.984295 0.843755
vt 0.993111 0.849669
vt 0.984295 0.854630
vt 0.993111 0.866262
vt 0.984295 0.865916
vt 0.895821 0.828690
vt 0.912967 0.828690
vt 0.912974 0.850962
vt 0.895800 0.850951
vt 0.872777 0.828690
vt 0.872797 0.850956
vt 0.849731 0.828690
vt 0.849280 0.850956
vt 0.831025 0.828690
vt 0.830952 0.850956
vt 0.812185 0.828690
vt 0.812635 0.850956
vt 0.793461 0.828690
vt 0.794742 0.850956
vt 0.775957 0.828690
vt 0.776766 0.850956
vt 0.855092 0.944695
vt 0.853731 0.929173
vt 0.874522 0.925542
vt 0.877473 0.945008
vt 0.812368 0.944307
vt 0.793938 0.944170
vt 0.794255 0.930410
vt 0.812280 0.930008
vt 0.862200 0.908334
vt 0.847916 0.912716
vt 0.845710 0.897268
vt 0.828978 0.911596
vt 0.826380 0.893756
vt 0.793968 0.912374
vt 0.790845 0.895692
vt 0.807921 0.893373
vt 0.811273 0.911314
vt 0.775862 0.903080
vt 0.779627 0.915198
vt 0.775941 0.930650
vt 0.774868 0.944036
vt 0.832089 0.929784
vt 0.832866 0.944484
vt 0.758070 0.928364
vt 0.764594 0.914010
vt 0.755513 0.943856
vt 0.796287 0.888676
vt 0.779850 0.888676
vt 0.778256 0.871311
vt 0.795624 0.871311
vt 0.831557 0.888676
vt 0.813496 0.888676
vt 0.812986 0.871311
vt 0.830967 0.871311
vt 0.949996 0.801045
vt 0.965137 0.801045
vt 0.967350 0.818824
vt 0.951264 0.818824
vt 0.849038 0.871316
vt 0.848677 0.888676
vt 0.872718 0.871306
vt 0.872429 0.888676
vt 0.895579 0.871311
vt 0.894967 0.888676
vt 0.912980 0.871322
vt 0.912986 0.888676
vt 0.758142 0.780685
vt 0.758142 0.758412
vt 0.775874 0.758412
vt 0.775530 0.780685
vt 0.797878 0.758412
vt 0.797849 0.780685
vt 0.819660 0.758412
vt 0.819770 0.780685
vt 0.836950 0.758412
vt 0.837187 0.780685
vt 0.854931 0.758412
vt 0.854754 0.780685
vt 0.872931 0.758412
vt 0.872202 0.780685
vt 0.921699 0.758412
vt 0.934975 0.758412
vt 0.934975 0.780685
vt 0.920924 0.780685
vt 0.874053 0.964221
vt 0.853427 0.960196
vt 0.812055 0.958611
vt 0.794026 0.957917
vt 0.861130 0.981395
vt 0.847166 0.976431
vt 0.844393 0.991300
vt 0.828417 0.977067
vt 0.825274 0.994960
vt 0.793433 0.976064
vt 0.810835 0.977479
vt 0.807200 0.995350
vt 0.789882 0.991993
vt 0.774942 0.984818
vt 0.779086 0.972988
vt 0.775713 0.957412
vt 0.831869 0.959181
vt 0.757693 0.959486
vt 0.763991 0.973929
vt 0.934975 0.801045
vt 0.934975 0.818615
vt 0.919002 0.818824
vt 0.920107 0.801045
vt 0.903055 0.818829
vt 0.905210 0.801045
vt 0.887531 0.818829
vt 0.889034 0.801045
vt 0.854002 0.818829
vt 0.836840 0.818829
vt 0.837154 0.801045
vt 0.854513 0.801045
vt 0.819939 0.818829
vt 0.819833 0.801045
vt 0.798077 0.818829
vt 0.797885 0.801045
vt 0.775684 0.818829
vt 0.775457 0.801045
vt 0.758142 0.818829
vt 0.758142 0.801045
vt 0.895833 0.826328
vt 0.895771 0.824257
vt 0.912966 0.824269
vt 0.912966 0.826339
vt 0.872743 0.826321
vt 0.872580 0.824251
vt 0.849626 0.826333
vt 0.849256 0.824262
vt 0.812109 0.826308
vt 0.830909 0.826321
vt 0.812030 0.824238
vt 0.830678 0.824250
vt 0.793386 0.826297
vt 0.793912 0.824226
vt 0.776955 0.826297
vt 0.777017 0.824140
vt 0.950015 0.756061
vt 0.949986 0.753990
vt 0.965248 0.753990
vt 0.965284 0.756061
vt 0.762531 0.826328
vt 0.762496 0.824257
vt 0.934975 0.756061
vt 0.934975 0.753990
vt 0.758142 0.756061
vt 0.775929 0.756061
vt 0.758142 0.753990
vt 0.776025 0.753990
vt 0.797912 0.756061
vt 0.797981 0.753990
vt 0.819703 0.756061
vt 0.819826 0.753990
vt 0.837027 0.756061
vt 0.837264 0.753990
vt 0.854994 0.753990
vt 0.854950 0.756061
vt 0.872492 0.753990
vt 0.872981 0.756061
vt 0.888908 0.753990
vt 0.888924 0.756061
vt 0.904525 0.753990
vt 0.904451 0.756061
vt 0.920080 0.753990
vt 0.920045 0.756061
vt 0.883059 0.972839
vt 0.889098 0.959945
vt 0.907258 0.958516
vt 0.899747 0.974155
vt 0.873086 0.982964
vt 0.888788 0.984037
vt 0.891613 0.945955
vt 0.908641 0.946200
vt 0.873232 0.990842
vt 0.861082 0.991175
vt 0.885724 0.989898
vt 0.925949 0.946448
vt 0.925353 0.954711
vt 0.923734 0.963214
vt 0.920104 0.971017
vt 0.914245 0.977953
vt 0.905885 0.983817
vt 0.896749 0.987758
vt 0.958072 0.902589
vt 0.961324 0.918016
vt 0.942443 0.914864
vt 0.939308 0.901311
vt 0.968120 0.934428
vt 0.950286 0.928635
vt 0.938653 0.887994
vt 0.956609 0.887997
vt 0.966170 0.946464
vt 0.954147 0.940770
vt 0.921096 0.896271
vt 0.920798 0.887993
vt 0.921960 0.904837
vt 0.924526 0.913029
vt 0.929108 0.920999
vt 0.943934 0.935275
vt 0.936006 0.928805
vt 0.977538 0.952922
vt 0.976724 0.954478
vt 0.965472 0.947896
vt 0.953310 0.942191
vt 0.919396 0.896374
vt 0.919060 0.887993
vt 0.920347 0.905157
vt 0.923151 0.913661
vt 0.927910 0.921876
vt 0.943225 0.936412
vt 0.935032 0.929850
vt 0.883835 0.918836
vt 0.900553 0.918001
vt 0.907612 0.933849
vt 0.889502 0.931898
vt 0.874157 0.908430
vt 0.889883 0.907808
vt 0.874529 0.900559
vt 0.862392 0.899878
vt 0.886989 0.901861
vt 0.925591 0.938172
vt 0.924217 0.929626
vt 0.920812 0.921722
vt 0.915155 0.914620
vt 0.906967 0.908519
vt 0.897948 0.904317
vt 0.950288 0.847352
vt 0.954146 0.835217
vt 0.966166 0.829512
vt 0.921097 0.879714
vt 0.939309 0.874677
vt 0.921961 0.871150
vt 0.924527 0.862957
vt 0.942443 0.861123
vt 0.929109 0.854987
vt 0.936006 0.847181
vt 0.943936 0.840713
vt 0.965468 0.828079
vt 0.976726 0.821511
vt 0.977539 0.823067
vt 0.953308 0.833796
vt 0.919397 0.879613
vt 0.920348 0.870829
vt 0.923152 0.862325
vt 0.927910 0.854110
vt 0.935032 0.846137
vt 0.943226 0.839576
vt 0.907970 0.758412
vt 0.906455 0.780685
vt 0.890602 0.780685
vt 0.892333 0.758412
vt 0.958026 0.873405
vt 0.961306 0.857974
vt 0.968127 0.841548
vt 0.947982 0.758412
vt 0.948995 0.780685
vt 0.961742 0.758424
vt 0.963594 0.780690
vt 0.764598 0.888676
vt 0.762384 0.871311
vt 0.758989 0.828690
vt 0.760841 0.850956
vt 0.871186 0.818829
vt 0.871670 0.801045
vn 0.001064 -0.386313 0.922367
vn -0.324467 -0.350687 0.878487
vn -0.525345 -0.060991 0.848701
vn 0.005516 -0.073317 0.997293
vn -0.604857 -0.344999 0.717722
vn -0.840282 -0.362832 0.402838
vn -0.905938 -0.102277 0.410872
vn -0.930070 -0.351467 0.106965
vn -0.998394 -0.056499 0.004194
vn -0.929256 -0.363673 -0.064993
vn -0.894416 -0.411025 -0.176288
vn -0.956168 -0.147814 -0.252773
vn -0.822857 -0.489710 -0.288254
vn -0.783774 -0.301156 -0.543142
vn -0.633536 -0.620347 -0.462387
vn -0.343160 -0.686686 -0.640862
vn -0.383434 -0.407590 -0.828763
vn 0.000011 -0.682857 -0.730552
vn 0.000011 -0.359347 -0.933204
vn 0.331909 -0.354450 0.874186
vn 0.530722 -0.058856 0.845500
vn 0.615479 -0.343271 0.709472
vn 0.840813 -0.355295 0.408410
vn 0.906005 -0.087608 0.414100
vn 0.927158 -0.353184 0.125058
vn 0.998347 -0.056418 0.010922
vn 0.928184 -0.367152 -0.060612
vn 0.956825 -0.137082 -0.256308
vn 0.896938 -0.402841 -0.182264
vn 0.825535 -0.483422 -0.291195
vn 0.784863 -0.295819 -0.544501
vn 0.633413 -0.620768 -0.461990
vn 0.383536 -0.408066 -0.828482
vn 0.343182 -0.686861 -0.640663
vn 0.340767 -0.439563 -0.831061
vn -0.004599 -0.443900 -0.896065
vn -0.005357 -0.100106 -0.994962
vn 0.372588 -0.093501 -0.923274
vn 0.660954 -0.413827 -0.626009
vn 0.707037 -0.072417 -0.703459
vn 0.846564 -0.426984 -0.317829
vn 0.919678 -0.051788 -0.389244
vn 0.891795 -0.448790 -0.057352
vn 0.994427 -0.039684 -0.097672
vn 0.887364 -0.447147 0.112445
vn 0.993534 -0.029677 0.109589
vn 0.951193 -0.263762 0.160190
vn 0.956354 -0.008846 0.292077
vn 0.838015 0.396612 0.374740
vn 0.835045 0.052526 0.547668
vn -0.014434 0.960070 -0.279389
vn 0.086347 0.962290 -0.257958
vn 0.277289 0.595226 -0.754200
vn -0.018292 0.592945 -0.805035
vn 0.001653 0.999599 -0.028275
vn 0.005154 0.995113 0.098607
vn 0.087910 0.992086 0.089646
vn 0.104169 0.994146 -0.028675
vn 0.588811 0.565567 -0.577438
vn 0.271060 0.938296 -0.214774
vn 0.760787 0.565164 -0.319050
vn 0.278107 0.953719 -0.114352
vn 0.797515 0.592944 -0.111299
vn 0.239484 0.968471 0.068634
vn 0.769060 0.609276 0.193209
vn 0.799119 0.600719 0.023362
vn 0.279212 0.959691 -0.032157
vn 0.636472 0.643464 0.425274
vn 0.198453 0.965538 0.168382
vn 0.079778 0.983202 0.164165
vn 0.000093 0.985087 0.172059
vn 0.096605 0.984311 -0.147649
vn -0.004059 0.986019 -0.166582
vn 0.209197 0.732899 0.647375
vn 0.434367 0.687125 0.582395
vn -0.005006 0.740493 0.672046
vn 0.825046 0.101914 0.555800
vn 0.957533 0.059532 0.282111
vn 0.993867 0.063056 0.090839
vn 0.993369 0.059285 -0.098507
vn 0.287206 0.222192 0.931742
vn 0.573938 0.169499 0.801165
vn 0.925626 0.022135 -0.377791
vn 0.716654 -0.012669 -0.697314
vn 0.375152 -0.017696 -0.926794
vn -0.007984 -0.013703 -0.999874
vn -0.346561 -0.405991 -0.845616
vn -0.379513 -0.091817 -0.920619
vn -0.664803 -0.401705 -0.629817
vn -0.710679 -0.074509 -0.699560
vn -0.841906 -0.437882 -0.315363
vn -0.920226 -0.052986 -0.387784
vn -0.885829 -0.459714 -0.063014
vn -0.994040 -0.033008 -0.103901
vn -0.885415 -0.450729 0.113506
vn -0.994267 -0.019060 0.105211
vn -0.950428 -0.264396 0.163647
vn -0.955671 -0.000151 0.294435
vn -0.292559 0.698415 0.653166
vn 0.002114 0.727721 0.685870
vn 0.004532 0.227075 0.973867
vn -0.299671 0.205224 0.931708
vn -0.308275 0.582104 -0.752411
vn -0.106391 0.954972 -0.276965
vn -0.116728 0.992877 -0.023861
vn -0.100376 0.991664 0.080793
vn -0.596242 0.543227 -0.591101
vn -0.289295 0.922430 -0.255796
vn -0.757739 0.553988 -0.344861
vn -0.270179 0.955871 -0.115385
vn -0.794055 0.595708 -0.120864
vn -0.252019 0.965734 0.062001
vn -0.272305 0.962100 -0.014626
vn -0.789029 0.612932 0.041815
vn -0.760027 0.618203 0.200461
vn -0.669834 0.633859 0.386711
vn -0.222876 0.964766 0.139832
vn -0.071908 0.984441 0.160329
vn -0.099693 0.983804 -0.148965
vn -0.190056 0.733346 0.652750
vn -0.449638 0.688057 0.569565
vn 0.001591 0.246207 0.969216
vn -0.280804 0.225651 0.932862
vn -0.579451 0.168752 0.797345
vn -0.829767 0.110107 0.547141
vn -0.992494 0.063049 -0.104786
vn -0.993509 0.067576 0.091507
vn -0.924609 0.039621 -0.378852
vn -0.722962 0.007319 -0.690849
vn -0.389953 -0.009998 -0.920781
vn 0.030737 -0.997429 0.064727
vn -0.005954 -0.999447 0.032719
vn 0.033734 -0.993828 0.105681
vn -0.035371 -0.992116 0.120231
vn -0.081377 -0.995953 0.038155
vn -0.071173 -0.994105 0.081792
vn -0.330165 -0.938868 -0.097563
vn -0.729485 -0.670823 -0.133596
vn -0.250987 -0.922282 -0.293941
vn -0.506018 -0.831839 -0.228010
vn 0.000006 -0.951719 -0.306972
vn -0.037281 -0.998990 0.025078
vn -0.030304 -0.996296 0.080473
vn 0.042202 -0.990776 0.128771
vn 0.078206 -0.992183 0.097243
vn 0.084691 -0.995505 0.042391
vn 0.332503 -0.937778 -0.100068
vn 0.731065 -0.668765 -0.135271
vn 0.506008 -0.831846 -0.228010
vn 0.250992 -0.922275 -0.293959
vn 0.239330 -0.949128 -0.204638
vn 0.546161 -0.812945 -0.202062
vn 0.786218 -0.597875 -0.156226
vn 0.000001 -0.980506 -0.196488
vn 0.247145 -0.948968 -0.195904
vn 0.296458 -0.945133 -0.137249
vn -0.000000 -0.831628 0.555333
vn 0.042716 -0.841215 0.539011
vn 0.038180 -0.871321 0.489225
vn 0.060543 -0.919193 0.389126
vn 0.127203 -0.963894 0.233941
vn 0.236933 -0.967603 0.087217
vn 0.051570 -0.998661 0.003997
vn -0.591417 0.590379 0.549252
vn -0.467090 0.857991 0.213725
vn -0.224864 0.949703 0.217948
vn -0.838082 0.395466 0.375799
vn -0.774731 0.607825 0.174187
vn -0.000167 0.978086 0.208199
vn -0.972940 -0.230128 -0.020705
vn -0.948702 -0.311269 0.055469
vn -0.206252 0.517007 0.830761
vn -0.000000 0.549875 0.835247
vn -0.401341 0.431554 0.807890
vn -0.649046 0.255125 0.716694
vn -0.834734 -0.000864 0.550652
vn -0.924778 -0.333237 0.183681
vn -0.903881 -0.227262 0.362425
vn -0.546167 -0.812940 -0.202065
vn -0.239330 -0.949128 -0.204641
vn -0.786219 -0.597874 -0.156228
vn -0.247153 -0.948965 -0.195908
vn -0.296476 -0.945127 -0.137247
vn -0.042715 -0.841220 0.539003
vn -0.038187 -0.871329 0.489211
vn -0.060557 -0.919197 0.389114
vn -0.127202 -0.963894 0.233939
vn -0.236923 -0.967606 0.087218
vn -0.051600 -0.998660 0.003997
vn 0.773197 0.609908 0.173723
vn 0.948693 -0.311297 0.055465
vn 0.973314 -0.228507 -0.021072
vn 0.206254 0.516998 0.830766
vn 0.225994 0.949671 0.216914
vn 0.401341 0.431535 0.807900
vn 0.649042 0.255106 0.716704
vn 0.466055 0.859124 0.211422
vn 0.834733 -0.000862 0.550654
vn 0.903883 -0.227252 0.362425
vn 0.924770 -0.333259 0.183681
vn -0.596839 0.142490 0.789607
vn -0.834535 0.057892 0.547904
vn 0.293437 0.701065 0.649926
vn 0.589978 0.593770 0.547140
vn 0.301077 0.209608 0.930278
vn 0.593158 0.144669 0.791982
vn -0.954707 0.075552 0.287798

usemtl PackedMaterial0
f 3562/5311/4356 3563/5312/4357 3564/5313/4358 3565/5314/4359
f 3564/5313/4358 3563/5312/4357 3566/5315/4360
f 3564/5313/4358 3566/5315/4360 3567/5316/4361 3568/5317/4362
f 3568/5317/4362 3567/5316/4361 3569/5318/4363 3570/5319/4364
f 3569/5318/4363 3571/5320/4365 3570/5319/4364
f 3571/5320/4365 3572/5321/4366 3573/5322/4367 3570/5319/4364
f 3573/5322/4367 3572/5321/4366 3574/5323/4368 3575/5324/4369
f 3575/5324/4369 3574/5323/4368 3576/5325/4370
f 3576/5325/4370 3577/5326/4371 3578/5327/4372 3575/5324/4369
f 3577/5326/4371 3579/5328/4373 3580/5329/4374 3578/5327/4372
f 3581/5330/4375 3562/5331/4356 3565/5332/4359 3582/5333/4376
f 3583/5334/4377 3581/5330/4375 3582/5333/4376
f 3584/5335/4378 3583/5334/4377 3582/5333/4376 3585/5336/4379
f 3586/5337/4380 3584/5335/4378 3585/5336/4379 3587/5338/4381
f 3586/5337/4380 3587/5338/4381 3588/5339/4382
f 3588/5339/4382 3587/5338/4381 3589/5340/4383 3590/5341/4384
f 3591/5342/4385 3590/5341/4384 3589/5340/4383 3592/5343/4386
f 3593/5344/4387 3591/5342/4385 3592/5343/4386
f 3593/5344/4387 3592/5343/4386 3594/5345/4388 3595/5346/4389
f 3595/5346/4389 3594/5345/4388 3580/5329/4374 3579/5328/4373
f 3596/5347/4390 3597/5348/4391 3598/5349/4392 3599/5350/4393
f 3600/5351/4394 3596/5347/4390 3599/5350/4393 3601/5352/4395
f 3602/5353/4396 3600/5351/4394 3601/5352/4395 3603/5354/4397
f 3604/5355/4398 3602/5353/4396 3603/5354/4397 3605/5356/4399
f 3606/5357/4400 3604/5355/4398 3605/5356/4399 3607/5358/4401
f 3608/5359/4402 3606/5357/4400 3607/5358/4401 3609/5360/4403
f 3610/5361/4404 3608/5359/4402 3609/5360/4403 3611/5362/4405
f 3612/5363/4406 3613/5364/4407 3614/5365/4408 3615/5366/4409
f 3616/5367/4410 3617/5368/4411 3618/5369/4412 3619/5370/4413
f 3620/5371/4414 3621/5372/4415 3622/5373/4416
f 3613/5364/4407 3621/5372/4415 3620/5371/4414 3614/5365/4408
f 3622/5373/4416 3621/5372/4415 3623/5374/4417 3624/5375/4418
f 3625/5376/4419 3626/5377/4420 3627/5378/4421 3628/5379/4422
f 3618/5369/4412 3625/5376/4419 3628/5379/4422 3619/5370/4413
f 3629/5380/4423 3626/5377/4420 3625/5376/4419 3630/5381/4424
f 3631/5382/4425 3630/5381/4424 3625/5376/4419 3618/5369/4412
f 3617/5368/4411 3632/5383/4426 3631/5382/4425 3618/5369/4412
f 3628/5379/4422 3627/5378/4421 3624/5375/4418 3623/5374/4417
f 3619/5370/4413 3628/5379/4422 3623/5374/4417 3633/5384/4427
f 3616/5367/4410 3619/5370/4413 3633/5384/4427 3634/5385/4428
f 3631/5382/4425 3635/5386/4429 3636/5387/4430 3630/5381/4424
f 3636/5387/4430 3629/5380/4423 3630/5381/4424
f 3632/5383/4426 3637/5388/4431 3635/5386/4429 3631/5382/4425
f 3633/5384/4427 3623/5374/4417 3621/5372/4415 3613/5364/4407
f 3634/5385/4428 3633/5384/4427 3613/5364/4407 3612/5363/4406
f 3626/5389/4420 3629/5390/4423 3638/5391/4432 3639/5392/4433
f 3624/5393/4418 3627/5394/4421 3640/5395/4434 3641/5396/4435
f 3642/5397/4436 3643/5398/4437 3636/5399/4430 3635/5400/4429
f 3624/5393/4418 3641/5396/4435 3644/5401/4438 3622/5402/4416
f 3622/5402/4416 3644/5401/4438 3645/5403/4439 3620/5404/4414
f 3620/5404/4414 3645/5403/4439 3646/5405/4440 3614/5406/4408
f 3614/5406/4408 3646/5405/4440 3647/5407/4441 3615/5408/4409
f 3598/5409/4392 3597/5410/4391 3648/5411/4442 3649/5412/4443
f 3648/5411/4442 3650/5413/4444 3651/5414/4445 3649/5412/4443
f 3650/5413/4444 3652/5415/4446 3653/5416/4447 3651/5414/4445
f 3652/5415/4446 3654/5417/4448 3655/5418/4449 3653/5416/4447
f 3654/5417/4448 3656/5419/4450 3657/5420/4451 3655/5418/4449
f 3656/5419/4450 3658/5421/4452 3659/5422/4453 3657/5420/4451
f 3660/5423/4454 3661/5424/4455 3662/5425/4456 3663/5426/4457
f 3612/5363/4406 3615/5366/4409 3664/5427/4458 3665/5428/4459
f 3616/5367/4410 3666/5429/4460 3667/5430/4461 3617/5368/4411
f 3665/5428/4459 3664/5427/4458 3668/5431/4462 3669/5432/4463
f 3669/5432/4463 3668/5431/4462 3670/5433/4464
f 3671/5434/4465 3669/5432/4463 3670/5433/4464 3672/5435/4466
f 3673/5436/4467 3674/5437/4468 3675/5438/4469 3676/5439/4470
f 3667/5430/4461 3666/5429/4460 3674/5437/4468 3673/5436/4467
f 3677/5440/4471 3678/5441/4472 3673/5436/4467 3676/5439/4470
f 3679/5442/4473 3667/5430/4461 3673/5436/4467 3678/5441/4472
f 3617/5368/4411 3667/5430/4461 3679/5442/4473 3632/5383/4426
f 3674/5437/4468 3671/5434/4465 3672/5435/4466 3675/5438/4469
f 3666/5429/4460 3680/5443/4474 3671/5434/4465 3674/5437/4468
f 3616/5367/4410 3634/5385/4428 3680/5443/4474 3666/5429/4460
f 3681/5444/4475 3679/5442/4473 3678/5441/4472 3682/5445/4476
f 3682/5445/4476 3678/5441/4472 3677/5440/4471
f 3632/5383/4426 3679/5442/4473 3681/5444/4475 3637/5388/4431
f 3680/5443/4474 3665/5428/4459 3669/5432/4463 3671/5434/4465
f 3634/5385/4428 3612/5363/4406 3665/5428/4459 3680/5443/4474
f 3683/5446/4477 3637/5447/4431 3681/5448/4475 3684/5449/4478
f 3681/5448/4475 3682/5450/4476 3685/5451/4479 3684/5449/4478
f 3682/5450/4476 3677/5452/4471 3686/5453/4480 3685/5451/4479
f 3675/5454/4469 3672/5455/4466 3687/5456/4481 3688/5457/4482
f 3672/5455/4466 3670/5458/4464 3689/5459/4483 3687/5456/4481
f 3670/5458/4464 3668/5460/4462 3690/5461/4484 3689/5459/4483
f 3668/5460/4462 3664/5462/4458 3691/5463/4485 3690/5461/4484
f 3664/5462/4458 3615/5464/4409 3647/5465/4441 3691/5463/4485
f 3692/5466/4486 3563/5467/4357 3562/5468/4356 3693/5469/4487
f 3596/5347/4390 3692/5466/4486 3693/5469/4487 3597/5348/4391
f 3694/5470/4488 3566/5471/4360 3563/5467/4357 3692/5466/4486
f 3600/5351/4394 3694/5470/4488 3692/5466/4486 3596/5347/4390
f 3695/5472/4489 3567/5473/4361 3566/5471/4360 3694/5470/4488
f 3602/5353/4396 3695/5472/4489 3694/5470/4488 3600/5351/4394
f 3606/5357/4400 3696/5474/4490 3697/5475/4491 3604/5355/4398
f 3696/5474/4490 3571/5476/4365 3569/5477/4363 3697/5475/4491
f 3697/5475/4491 3569/5477/4363 3567/5473/4361 3695/5472/4489
f 3604/5355/4398 3697/5475/4491 3695/5472/4489 3602/5353/4396
f 3608/5359/4402 3698/5478/4492 3696/5474/4490 3606/5357/4400
f 3698/5478/4492 3572/5479/4366 3571/5476/4365 3696/5474/4490
f 3699/5480/4493 3574/5481/4368 3572/5479/4366 3698/5478/4492
f 3700/5482/4494 3577/5483/4371 3576/5484/4370 3701/5485/4495
f 3701/5486/4495 3576/5487/4370 3574/5481/4368 3699/5480/4493
f 3702/5488/4496 3579/5489/4373 3577/5483/4371 3700/5482/4494
f 3597/5410/4391 3693/5490/4487 3703/5491/4497 3648/5411/4442
f 3693/5490/4487 3562/5492/4356 3581/5493/4375 3703/5491/4497
f 3648/5411/4442 3703/5491/4497 3704/5494/4498 3650/5413/4444
f 3703/5491/4497 3581/5493/4375 3583/5495/4377 3704/5494/4498
f 3650/5413/4444 3704/5494/4498 3705/5496/4499 3652/5415/4446
f 3704/5494/4498 3583/5495/4377 3584/5497/4378 3705/5496/4499
f 3652/5415/4446 3705/5496/4499 3706/5498/4500 3654/5417/4448
f 3705/5496/4499 3584/5497/4378 3586/5499/4380 3706/5498/4500
f 3706/5498/4500 3586/5499/4380 3588/5500/4382 3707/5501/4501
f 3654/5417/4448 3706/5498/4500 3707/5501/4501 3656/5419/4450
f 3707/5501/4501 3588/5500/4382 3590/5502/4384 3708/5503/4502
f 3656/5419/4450 3707/5501/4501 3708/5503/4502 3658/5421/4452
f 3708/5503/4502 3590/5502/4384 3591/5504/4385 3709/5505/4503
f 3709/5505/4503 3591/5504/4385 3593/5506/4387 3710/5507/4504
f 3710/5507/4504 3593/5506/4387 3595/5508/4389 3711/5509/4505
f 3711/5509/4505 3595/5508/4389 3579/5489/4373 3702/5488/4496
f 3710/5510/4504 3711/5511/4505 3712/5512/4506 3713/5513/4507
f 3709/5514/4503 3710/5510/4504 3713/5513/4507 3714/5515/4508
f 3711/5511/4505 3702/5516/4496 3715/5517/4509 3712/5512/4506
f 3716/5518/4510 3708/5519/4502 3709/5514/4503 3714/5515/4508
f 3714/5515/4508 3717/5520/4511 3716/5518/4510
f 3715/5517/4509 3718/5521/4512 3719/5522/4513 3712/5512/4506
f 3719/5522/4513 3720/5523/4514 3712/5512/4506
f 3712/5512/4506 3720/5523/4514 3721/5524/4515 3713/5513/4507
f 3721/5524/4515 3722/5525/4516 3713/5513/4507
f 3723/5526/4517 3724/5527/4518 3717/5520/4511 3714/5515/4508
f 3713/5513/4507 3722/5525/4516 3723/5526/4517 3714/5515/4508
f 3660/5528/4454 3725/5529/4519 3726/5530/4520 3727/5531/4521
f 3726/5530/4520 3725/5529/4519 3728/5532/4522 3729/5533/4523
f 3660/5528/4454 3727/5531/4521 3730/5534/4524 3661/5535/4455
f 3729/5533/4523 3731/5536/4525 3732/5537/4526
f 3730/5534/4524 3727/5531/4521 3733/5538/4527 3734/5539/4528
f 3733/5538/4527 3727/5531/4521 3735/5540/4529
f 3727/5531/4521 3726/5530/4520 3736/5541/4530 3735/5540/4529
f 3736/5541/4530 3726/5530/4520 3729/5533/4523 3737/5542/4531
f 3738/5543/4532 3729/5533/4523 3732/5537/4526
f 3729/5533/4523 3739/5544/4533 3737/5542/4531
f 3731/5536/4525 3658/5545/4452 3708/5546/4502 3716/5547/4510
f 3732/5537/4526 3731/5536/4525 3716/5547/4510 3717/5548/4511
f 3734/5539/4528 3733/5538/4527 3719/5549/4513 3718/5550/4512
f 3733/5538/4527 3735/5540/4529 3720/5551/4514 3719/5549/4513
f 3735/5540/4529 3736/5541/4530 3721/5552/4515 3720/5551/4514
f 3736/5541/4530 3737/5542/4531 3722/5553/4516 3721/5552/4515
f 3739/5544/4533 3738/5543/4532 3724/5554/4518 3723/5555/4517
f 3738/5543/4532 3732/5537/4526 3717/5548/4511 3724/5554/4518
f 3737/5542/4531 3739/5544/4533 3723/5555/4517 3722/5553/4516
f 3701/5556/4495 3740/5557/4534 3741/5558/4535 3700/5559/4494
f 3740/5557/4534 3701/5556/4495 3699/5560/4493 3742/5561/4536
f 3700/5559/4494 3741/5558/4535 3715/5517/4509 3702/5516/4496
f 3743/5562/4537 3742/5561/4536 3699/5560/4493 3698/5563/4492
f 3742/5561/4536 3743/5562/4537 3744/5564/4538
f 3715/5517/4509 3741/5558/4535 3745/5565/4539 3718/5521/4512
f 3745/5565/4539 3741/5558/4535 3746/5566/4540
f 3741/5558/4535 3740/5557/4534 3747/5567/4541 3746/5566/4540
f 3747/5567/4541 3740/5557/4534 3748/5568/4542
f 3749/5569/4543 3742/5561/4536 3744/5564/4538 3750/5570/4544
f 3740/5557/4534 3742/5561/4536 3749/5569/4543 3748/5568/4542
f 3751/5571/4545 3752/5572/4546 3753/5573/4547
f 3730/5534/4524 3734/5539/4528 3754/5574/4548 3755/5575/4549
f 3754/5574/4548 3756/5576/4550 3755/5575/4549
f 3755/5575/4549 3756/5576/4550 3757/5577/4551 3758/5578/4552
f 3757/5577/4551 3759/5579/4553 3751/5571/4545 3758/5578/4552
f 3760/5580/4554 3761/5581/4555 3751/5571/4545
f 3751/5571/4545 3759/5579/4553 3760/5580/4554
f 3753/5573/4547 3743/5582/4537 3698/5583/4492 3608/5584/4402
f 3752/5572/4546 3744/5585/4538 3743/5582/4537 3753/5573/4547
f 3734/5539/4528 3718/5550/4512 3745/5586/4539 3754/5574/4548
f 3754/5574/4548 3745/5586/4539 3746/5587/4540 3756/5576/4550
f 3756/5576/4550 3746/5587/4540 3747/5588/4541 3757/5577/4551
f 3757/5577/4551 3747/5588/4541 3748/5589/4542 3759/5579/4553
f 3760/5580/4554 3749/5590/4543 3750/5591/4544 3761/5581/4555
f 3761/5581/4555 3750/5591/4544 3744/5585/4538 3752/5572/4546
f 3759/5579/4553 3748/5589/4542 3749/5590/4543 3760/5580/4554
f 3751/5571/4545 3761/5581/4555 3752/5572/4546
f 3739/5544/4533 3729/5533/4523 3738/5543/4532
f 3731/5536/4525 3729/5533/4523 3728/5532/4522 3658/5545/4452
f 3725/5592/4519 3660/5423/4454 3663/5426/4457 3762/5593/4556
f 3763/5594/4557 3728/5595/4522 3725/5592/4519 3762/5593/4556
f 3764/5596/4558 3661/5535/4455 3730/5534/4524 3755/5575/4549
f 3765/5597/4559 3764/5596/4558 3755/5575/4549 3758/5578/4552
f 3751/5571/4545 3610/5598/4404 3765/5597/4559 3758/5578/4552
f 3753/5573/4547 3608/5584/4402 3610/5598/4404 3751/5571/4545
f 3635/5400/4429 3637/5447/4431 3683/5446/4477 3642/5397/4436
f 3661/5424/4455 3764/5599/4558 3766/5600/4560 3662/5425/4456
f 3764/5599/4558 3765/5601/4559 3767/5602/4561 3766/5600/4560
f 3636/5603/4430 3643/5604/4437 3638/5391/4432 3629/5390/4423
f 3765/5605/4559 3610/5361/4404 3611/5362/4405 3767/5606/4561
f 3640/5395/4434 3627/5394/4421 3626/5389/4420 3639/5392/4433
f 3676/5607/4470 3675/5454/4469 3688/5457/4482 3768/5608/4562
f 3677/5452/4471 3676/5607/4470 3768/5608/4562 3686/5453/4480
f 3658/5421/4452 3728/5595/4522 3763/5594/4557 3659/5422/4453
f 3644/5401/4438 3641/5396/4435 3605/5356/4399 3603/5354/4397
f 3645/5403/4439 3644/5401/4438 3603/5354/4397 3601/5352/4395
f 3646/5405/4440 3645/5403/4439 3601/5352/4395 3599/5350/4393
f 3647/5407/4441 3646/5405/4440 3599/5350/4393 3598/5349/4392
f 3649/5412/4443 3691/5463/4485 3647/5465/4441 3598/5409/4392
f 3651/5414/4445 3690/5461/4484 3691/5463/4485 3649/5412/4443
f 3653/5416/4447 3689/5459/4483 3690/5461/4484 3651/5414/4445
f 3687/5456/4481 3689/5459/4483 3653/5416/4447 3655/5418/4449
f 3685/5451/4479 3686/5453/4480 3763/5594/4557 3762/5593/4556
f 3766/5600/4560 3642/5397/4436 3683/5446/4477 3662/5425/4456
f 3767/5602/4561 3643/5398/4437 3642/5397/4436 3766/5600/4560
f 3611/5362/4405 3638/5391/4432 3643/5604/4437 3767/5606/4561
f 3639/5392/4433 3638/5391/4432 3611/5362/4405 3609/5360/4403
f 3640/5395/4434 3639/5392/4433 3609/5360/4403 3607/5358/4401
f 3641/5396/4435 3640/5395/4434 3607/5358/4401 3605/5356/4399
f 3684/5449/4478 3663/5426/4457 3662/5425/4456 3683/5446/4477
f 3685/5451/4479 3762/5593/4556 3663/5426/4457 3684/5449/4478
f 3659/5422/4453 3763/5594/4557 3686/5453/4480 3768/5608/4562
f 3657/5420/4451 3659/5422/4453 3768/5608/4562 3688/5457/4482
f 3687/5456/4481 3655/5418/4449 3657/5420/4451 3688/5457/4482

g Tops

v -23.372627 147.611801 -3.833826
v -22.897297 148.568069 -7.726143
v -26.224907 147.772980 -7.304640
v -26.346508 146.860886 -3.975091
v -23.096756 146.426727 -10.459211
v -25.742357 145.974899 -9.879731
v -42.940926 138.258041 -10.530815
v -42.879833 143.813980 -10.593720
v -40.467102 143.452393 -10.622691
v -39.930798 138.488602 -10.745270
v -43.694725 145.262131 -7.790918
v -40.973251 145.581070 -7.954135
v -40.388336 136.541077 -8.798720
v -43.438953 136.306732 -8.922570
v -45.166603 144.854828 -4.103933
v -42.375736 145.103973 -4.630391
v -37.496979 138.653809 -10.739576
v -38.135540 136.353485 -8.101806
v -38.110703 143.867096 -10.458368
v -38.362820 145.877899 -8.185106
v -39.014038 145.568512 -5.079541
v -29.475269 145.412506 -9.981234
v -29.954306 146.907166 -7.393147
v -30.400864 146.322769 -4.448570
v -33.383293 135.314636 -4.106676
v -31.799646 136.540314 -8.247534
v -28.233389 136.501785 -7.886651
v -29.187069 135.059265 -3.406120
v -46.204536 145.220444 -7.525383
v -47.977337 144.669357 -3.910866
v -45.315456 143.936935 -10.147997
v -44.551525 138.505905 -10.558381
v -48.890026 138.603012 -10.833238
v -49.165321 143.140182 -9.905366
v -45.036495 136.356125 -9.000843
v -50.376720 144.075821 -7.283710
v -52.050625 143.929474 -4.396918
v -50.232437 136.217499 -9.230413
v -52.646214 138.123505 -10.911346
v -53.109470 142.265472 -9.984545
v -54.446030 143.460403 -7.530160
v -55.817162 143.583008 -4.760339
v -53.897049 136.197937 -9.230674
v -39.953777 135.838089 -4.289385
v -43.563717 136.044403 -3.846600
v -41.364017 135.784134 -6.836489
v -45.191090 135.855896 -6.663125
v -47.502445 136.582489 -3.898768
v -47.557964 135.989716 -6.872092
v -50.215271 136.644333 -4.240084
v -52.202263 135.727127 -7.071763
v -53.471775 136.513138 -4.526393
v -55.484463 135.659958 -7.056904
v -56.992867 136.195877 -4.412573
v -55.844429 137.855408 -10.836530
v -56.262264 141.655746 -9.778093
v -57.507210 143.089813 -7.589430
v -58.812702 143.274307 -4.983930
v -58.133080 135.752777 -6.876657
v -59.474892 135.992691 -4.327761
v -56.817070 136.317993 -9.038510
v -59.446503 141.607178 -9.854894
v -59.036541 137.753998 -10.813712
v -60.461254 142.919678 -7.756834
v -61.733131 143.073853 -5.186777
v -60.897266 135.621277 -6.673498
v -62.209690 135.766754 -4.011397
v -59.849113 136.495041 -8.886352
v -62.536888 141.321716 -9.558445
v -62.215103 138.094833 -10.603266
v -63.145851 142.524048 -7.911714
v -64.234924 142.750107 -5.559722
v -63.428959 135.380981 -6.822006
v -64.507599 135.959641 -3.963886
v -62.705238 136.667587 -8.974492
v -65.180595 138.771530 -9.995136
v -65.211906 141.430878 -8.860223
v -65.384743 142.269272 -7.650992
v -65.965340 142.355637 -5.878959
v -65.040504 141.704254 -2.960319
v -66.599777 141.523254 -3.895317
v -65.750923 136.626984 -7.348941
v -65.298355 137.312881 -8.996440
v -67.735237 138.754166 -9.992442
v -67.436478 141.893555 -8.551250
v -67.423889 142.401825 -7.546369
v -67.694931 142.347870 -5.869595
v -68.223183 141.462997 -3.947973
v -67.880447 136.763290 -7.652003
v -67.715256 137.260635 -8.904648
v -17.492628 110.080452 2.138889
v -18.323507 111.073563 -1.618101
v -19.088106 102.933739 -1.158909
v -18.174410 102.681061 2.760024
v -16.353851 110.898361 -5.225241
v -17.481606 103.119209 -4.240358
v -12.512683 127.467407 -7.966934
v -8.076103 127.314659 -10.045943
v -7.413959 122.929916 -9.576620
v -11.746273 122.232323 -8.303339
v -14.981322 126.715179 -6.690934
v -15.152346 121.951622 -6.338819
v -17.439533 121.171814 -3.666146
v -17.910917 126.515182 -4.562952
v -17.563211 120.441956 0.926038
v -18.745230 126.397530 -0.144354
v -16.007656 102.165161 6.876897
v -16.211592 108.659370 6.227878
v -15.148217 119.307945 6.257775
v -15.810613 125.476212 6.264811
v -18.455278 149.476013 -9.088214
v -14.380662 150.667480 -8.432562
v -13.823429 148.886841 -10.831274
v -17.185890 147.296616 -11.079757
v -19.973257 148.986053 -4.190087
v -15.560466 150.358414 -5.141596
v -11.847706 152.269821 -4.734843
v -9.041202 153.562271 -3.365274
v -8.114225 154.223724 -5.868778
v -10.883022 152.737076 -7.549765
v -10.446101 151.053360 -10.072823
v -6.986740 152.513077 -9.321247
v -6.099096 154.953537 -7.184741
v -3.720788 127.469124 -11.290095
v -3.588151 123.135956 -10.980925
v -9.694876 152.801315 -1.971425
v -12.717718 151.126434 -2.034980
v -11.820035 140.369080 -10.405528
v -15.411757 139.530945 -10.118600
v -18.185190 139.445908 -9.920361
v -14.159804 100.722031 9.607102
v -13.292624 107.098434 10.069760
v -0.250532 98.413422 13.892718
v -0.095523 104.099655 14.067682
v -3.159626 104.042641 13.769681
v -3.454728 98.663681 13.964882
v -7.327194 98.324440 13.311323
v -6.562003 104.578857 13.664502
v -10.044882 105.601776 12.137219
v -10.321803 99.672096 11.922930
v -12.613669 131.125565 -7.768689
v -8.797871 131.278244 -9.826559
v -4.278517 131.305511 -11.205536
v -13.283999 110.442558 -7.776886
v -14.404618 103.237381 -6.935976
v -9.403024 110.754692 -9.629913
v -10.077355 103.629807 -9.303609
v -5.084390 111.159180 -10.841205
v -4.970889 104.132286 -10.699150
v -8.556710 117.474411 -9.393457
v -4.566997 117.733864 -11.296887
v -12.088460 116.787514 -7.814010
v -15.491745 116.686630 -5.727086
v -17.355949 116.149094 -2.285987
v -17.248999 115.067032 1.483058
v -15.046312 114.117073 6.317817
v -12.282603 112.304153 9.242564
v -9.448664 111.071655 11.641772
v -0.019043 109.402611 14.087432
v -3.017658 109.536903 13.489059
v -6.188283 110.235474 12.954230
v -0.126207 91.570305 13.908122
v -3.780680 91.605331 13.856846
v -11.573425 92.567108 12.064081
v -7.764082 91.874504 13.436318
v -14.613671 93.716423 9.923201
v -17.258257 94.445839 6.685833
v -18.832724 94.737823 2.594488
v -19.381033 95.021805 -1.166039
v -18.125574 95.107651 -3.975274
v -15.561698 95.592003 -6.733938
v -10.500847 96.109543 -9.441061
v -4.749718 96.254807 -10.127484
v 0.119773 87.233864 13.387832
v -3.562168 87.304794 13.232841
v -7.927938 87.862679 12.843838
v -11.601042 88.712624 11.598753
v -14.976152 89.639511 9.328450
v -17.489784 90.543098 5.641809
v -18.989569 90.808571 1.468298
v -19.241014 91.131248 -2.306492
v -17.952314 91.313805 -4.921676
v -15.586780 91.765144 -7.456239
v -10.315597 91.788651 -9.723339
v -4.955746 91.253067 -10.370207
v -15.728535 130.927444 -6.890113
v -18.123476 130.552246 -5.672853
v -19.200878 146.624374 -10.961063
v -7.672630 140.940918 -10.796721
v -3.414701 152.352005 -10.344638
v -3.838625 140.761169 -11.519654
v -3.525075 155.138153 -8.528239
v -12.420656 143.786835 4.542429
v -8.426132 141.946091 6.595349
v -7.829198 145.303146 5.106021
v -9.840301 148.727280 2.248799
v -13.972933 146.570038 1.996716
v -10.016973 151.219162 0.613153
v -44.307842 138.125458 -1.948908
v -47.562752 137.949631 -1.482183
v -49.765728 137.779800 -1.784728
v -46.431335 143.246704 -1.580697
v -49.394444 142.619492 -1.913606
v -53.480644 142.192825 -2.199865
v -53.788467 137.753586 -2.421296
v -56.814159 142.088181 -2.376988
v -57.235435 137.476364 -2.268849
v -59.750137 141.892792 -2.629368
v -59.858021 137.458435 -2.369323
v -62.537277 141.757080 -2.680602
v -66.473686 136.698807 -4.894963
v -65.109909 137.424759 -2.027248
v -66.856056 137.834106 -3.022789
v -68.301743 136.609940 -5.048148
v -68.590042 137.514175 -3.145004
v -62.735374 137.226517 -1.840070
v -26.350887 144.049301 -1.715289
v -23.397024 144.127289 -1.297282
v -33.722538 146.209274 -4.723707
v -34.302341 144.276443 -2.169029
v -31.138479 144.210754 -2.180785
v -43.367619 143.417236 -2.367227
v -39.452389 143.442932 -2.776965
v -40.332249 138.389725 -2.143323
v -8.541997 135.858047 -10.093363
v -12.534297 135.474182 -9.006179
v -15.818491 134.850525 -8.305902
v -19.030436 134.671555 -7.143254
v -34.520573 138.194656 -1.545859
v -31.083296 138.072464 -1.136858
v -4.326798 135.839783 -11.097537
v -20.299862 139.698959 -9.756371
v -28.167807 139.631104 -10.657111
v -31.697884 139.192291 -10.424747
v -20.708370 146.328537 -1.534785
v -16.371357 148.848358 -2.775782
v -36.781895 135.556152 -4.415778
v -37.672775 138.189362 -1.780089
v -34.918068 136.523743 -8.307080
v -34.859756 138.766998 -10.844024
v -33.181293 146.660690 -7.772510
v -35.968639 146.403366 -8.037355
v -36.544559 146.064987 -4.878449
v -32.649044 144.987305 -10.136601
v -35.542984 144.573425 -10.391398
v -36.848118 143.922546 -2.545363
v -7.025435 151.009216 2.372054
v -5.210345 149.156631 4.191634
v -3.604405 142.916382 7.492904
v -1.980065 142.121490 8.137666
v -3.876768 147.289063 5.542185
v -1.277992 138.971725 9.421316
v 0.080961 139.601593 9.397787
v -17.412849 142.730728 2.793637
v -20.773209 139.633316 1.395339
v -23.587902 137.704086 0.443988
v -26.116243 137.881302 -0.487726
v -24.176411 134.439224 -2.012751
v -21.841099 133.895874 0.439951
v -8.857572 138.934998 7.580790
v -14.560973 138.859177 5.685880
v -21.013315 136.981812 2.030004
v -16.754305 135.544540 4.759392
v -7.782485 121.548065 11.753728
v -11.535369 123.320854 9.790134
v -12.100422 117.749054 9.156373
v -8.742441 116.000656 11.843699
v -17.944393 132.596481 4.067279
v -21.042982 135.161285 1.841614
v -18.821404 130.206940 2.761592
v -4.676473 140.819000 7.938591
v -5.469261 138.135269 8.652281
v -8.809238 134.856064 8.942986
v -6.149776 134.225800 10.103354
v -2.926965 139.858795 8.793159
v -2.949991 137.434097 9.562818
v -3.502702 134.144318 10.417166
v -1.029080 136.834915 10.113527
v 0.141405 137.080643 10.554237
v 0.043938 129.802551 11.681319
v -1.210843 129.804871 11.193860
v -1.556519 125.221977 11.988277
v 0.019082 125.375069 12.293343
v -1.676426 120.364090 12.898104
v -0.034536 120.304901 12.980896
v -1.055707 133.649368 10.837278
v -12.291580 134.958923 7.781260
v -12.455811 132.839035 8.020030
v -13.491954 129.461929 7.620253
v -9.706590 127.125046 10.095760
v -6.424856 125.396240 11.594897
v -6.055127 129.678146 10.707429
v -8.639327 130.701645 9.795121
v -3.255530 129.714615 11.027869
v -3.618630 125.017090 12.051007
v -4.231572 120.459747 12.717991
v 0.031476 133.558746 11.323227
v -5.689833 115.706108 12.974315
v -2.713135 115.300964 13.239958
v -0.051798 115.058624 13.709921
v -22.176359 139.405136 -9.543194
v -21.276848 134.621170 -5.750112
v -23.533735 135.928238 -6.522467
v -24.329344 139.773193 -10.073313
v -20.235310 130.180374 -3.501510
v -20.254890 130.294449 -0.831987
v -70.824257 141.401306 -3.873644
v -71.868073 138.147446 -3.022456
v -72.139061 136.955948 -5.146281
v -72.105858 137.028152 -7.938905
v -71.899437 137.618317 -9.153278
v -71.561546 139.283524 -9.967520
v -70.487572 142.108017 -8.459933
v -70.211449 142.538177 -7.141515
v -70.224770 142.397247 -5.636215
v -21.609774 133.001114 -2.071805
v -0.922844 91.198532 -11.166451
v -0.452706 97.597046 -10.831914
v -0.668609 104.550163 -10.647079
v -0.681445 111.205551 -10.979173
v -0.609045 117.751938 -12.004715
v -0.337989 123.132736 -12.070806
v -0.039025 127.616623 -12.202577
v -0.204827 131.404541 -12.178072
v -0.204085 135.735138 -12.150477
v -0.103662 140.488708 -12.296709
v 0.140238 152.243774 -10.797991
v 0.084967 155.164932 -9.406648
v -70.237610 141.970749 -5.670521
v -70.589836 141.167816 -4.206082
v -70.233932 142.084625 -7.044499
v -70.531204 141.705078 -8.078262
v -71.371498 139.448364 -9.369733
v -71.594757 138.209335 -8.807882
v -71.799026 137.506653 -7.668673
v -70.819252 138.093536 -3.462044
v -71.371452 137.299973 -5.278699
v -68.728699 141.131287 -4.239099
v -68.135857 141.783585 -5.811755
v -68.296196 141.776550 -7.268211
v -68.417114 141.367905 -8.167864
v -68.579803 139.557877 -9.128214
v -68.512245 138.025818 -8.439293
v -68.611465 137.456207 -7.439114
v -69.152901 137.760803 -3.569829
v -68.767113 137.125549 -5.536274
v -67.161110 140.978790 -5.891235
v -66.940170 139.322586 -6.382753
v -67.572655 140.210342 -4.432097
v -66.920074 141.308685 -7.149354
v -66.813065 140.559296 -8.183385
v -66.780640 139.262207 -8.562078
v -66.849159 138.193451 -7.870489
v -67.389900 137.518341 -5.618649
v -67.064995 137.736923 -6.867542
v -67.799385 138.147430 -3.990829
v -3.717176 154.379868 -4.953719
v -3.792588 155.048676 -4.611115
v -4.483407 154.677124 -3.484563
v -4.412734 153.958923 -4.010522
v -4.755294 153.441208 -2.396794
v -4.799122 154.295700 -1.967819
v -2.362426 154.623505 -5.519356
v -2.463052 155.349930 -5.308893
v -4.786852 154.133804 -0.334790
v -4.711386 153.507111 -0.785998
v -3.408084 152.200378 2.333724
v -3.636218 151.564499 2.087922
v -2.624644 150.673492 4.531592
v -2.758973 150.259125 3.697138
v -0.884026 144.130096 7.179597
v -0.834334 143.949341 7.270222
v -0.225268 154.813828 -5.850435
v -0.300614 155.570602 -5.736823
v -1.650268 142.839661 7.964207
v 0.112102 140.744675 8.632738
v 0.034903 140.806412 8.431379
v -1.027428 88.723625 -10.216759
v -4.774646 89.046623 -9.530464
v -10.290933 89.845482 -8.647891
v -14.870375 89.866058 -6.934110
v -16.910187 89.537659 -4.799494
v -17.943565 89.308861 -2.597254
v -17.913567 89.083138 0.728676
v -16.645195 88.796837 4.856131
v -14.334713 88.279633 8.459721
v -11.320619 87.538704 10.622988
v -7.778023 86.636444 11.750718
v -3.425463 85.993431 11.908590
v 22.312153 148.175232 -4.445422
v 26.216316 147.436310 -4.570151
v 26.908886 147.720810 -8.232127
v 22.144623 148.782867 -8.947170
v 26.832022 145.790268 -11.037631
v 22.958817 146.150299 -11.277436
v 40.386753 144.064606 -11.081002
v 42.656822 143.840042 -10.877545
v 43.310532 138.291809 -10.803888
v 41.107231 138.838257 -10.911399
v 40.391083 146.103195 -8.311700
v 42.035881 145.477722 -8.202178
v 43.582787 136.636230 -8.777382
v 41.081528 137.007919 -8.727686
v 42.093555 145.110046 -4.393992
v 40.192524 145.753113 -4.324557
v 38.221127 137.070114 -8.030990
v 38.539459 139.133270 -11.052788
v 37.724419 144.427963 -10.571310
v 37.149273 146.286377 -8.112883
v 37.057640 146.157349 -4.602368
v 30.476547 147.404999 -8.269057
v 30.725523 145.380249 -10.938579
v 30.184402 147.332733 -4.690266
v 29.325512 135.617722 -7.011521
v 32.951836 136.321533 -7.554614
v 31.554323 135.893265 -3.626052
v 28.078630 135.579102 -3.060275
v 44.113014 145.608368 -4.522680
v 43.885281 145.851120 -7.764625
v 44.191353 144.320786 -10.961633
v 45.242985 137.851151 -10.870931
v 48.149231 138.283356 -10.658440
v 46.583939 144.114319 -10.767556
v 45.688396 136.316406 -8.653714
v 46.511227 145.650696 -7.593451
v 46.380611 145.589188 -4.571621
v 48.528534 136.420670 -8.925717
v 51.413799 138.502335 -10.689565
v 50.625389 143.984360 -10.373161
v 50.275757 145.884308 -7.825442
v 50.570755 145.600067 -4.383371
v 51.573517 136.594620 -8.713111
v 40.066334 136.592926 -6.683689
v 39.260536 137.147202 -3.787969
v 36.700069 136.830627 -4.121154
v 43.290825 136.554657 -6.318728
v 42.566429 137.589722 -3.707201
v 45.186581 136.311752 -6.635582
v 45.500881 137.302155 -3.926358
v 48.444496 136.014999 -6.572101
v 48.033363 137.100082 -3.981183
v 51.857983 136.131622 -6.317363
v 51.860962 137.088577 -3.590933
v 54.467213 138.376572 -10.821403
v 53.702141 143.867126 -10.523334
v 53.531517 145.802414 -7.867647
v 54.006500 145.357391 -4.524070
v 54.810486 136.322418 -6.088852
v 55.082268 136.836121 -3.421824
v 54.524700 136.597122 -8.585665
v 56.795265 144.007004 -10.466830
v 57.524914 138.319489 -10.685359
v 56.767624 145.499420 -7.864219
v 57.163010 145.277344 -4.830520
v 57.739704 136.045792 -6.028511
v 58.088970 136.547440 -3.370561
v 57.598549 136.586060 -8.571679
v 59.852940 143.459900 -10.363416
v 60.378124 138.635529 -10.745086
v 59.672394 145.122925 -8.158524
v 59.836582 144.944321 -5.211127
v 60.600544 135.641327 -6.308814
v 60.761936 136.454529 -3.814572
v 60.462700 136.757385 -8.685945
v 63.503361 139.455750 -10.194542
v 62.827278 142.942780 -9.303597
v 62.619267 143.933655 -7.745207
v 62.581326 144.126846 -5.706941
v 60.568649 142.628845 -1.893870
v 62.975689 142.643127 -3.311707
v 63.691826 137.369598 -7.115294
v 63.619350 137.479599 -4.746020
v 63.616707 137.895248 -8.890701
v 66.314980 139.702209 -10.076416
v 65.495239 142.683655 -8.879416
v 64.986809 143.519043 -7.629121
v 64.961586 143.506561 -5.942531
v 65.169182 142.419769 -3.841713
v 66.410538 138.010666 -9.099987
v 66.235321 137.572159 -7.527840
v 17.940405 103.258545 -1.584329
v 17.262020 109.793022 -2.168813
v 17.286936 109.589592 1.791996
v 17.309767 102.952477 2.427216
v 16.414297 103.207314 -5.073895
v 15.854694 110.362915 -6.055385
v 6.393827 122.525597 -10.385365
v 6.726874 126.766853 -10.685765
v 11.399467 126.064125 -9.462212
v 11.487335 121.662018 -9.509624
v 14.952594 125.220711 -7.395122
v 14.896451 120.741760 -7.459039
v 17.211306 124.586441 -4.960671
v 16.621696 119.945854 -3.885303
v 16.795626 119.433754 0.750272
v 17.328476 125.477669 -0.314705
v 16.151144 102.667015 6.506848
v 14.990057 108.673897 5.855846
v 14.598920 119.101006 6.084072
v 14.715625 125.549568 6.521460
v 17.197800 146.922592 -11.572876
v 13.648553 148.666199 -11.232537
v 13.914648 150.925339 -8.939221
v 18.074368 149.371368 -9.906279
v 14.802670 150.697464 -5.529714
v 18.956020 149.703110 -4.994744
v 7.732459 154.342834 -6.153659
v 8.469621 153.497757 -3.442660
v 11.700192 152.821259 -4.666949
v 10.537460 152.939590 -7.647415
v 10.275447 150.624695 -10.109041
v 7.414027 152.807846 -9.029055
v 6.071864 155.154755 -7.248530
v 2.883142 122.910927 -11.596951
v 2.931508 127.269615 -11.579696
v 9.236063 152.799805 -1.753973
v 12.152715 151.581390 -1.954750
v 11.282491 139.612747 -10.348841
v 14.922440 138.966324 -10.234130
v 18.049124 138.529602 -9.969921
v 13.318468 101.211525 9.217798
v 12.715783 107.144638 9.351272
v 3.428563 98.635536 13.655486
v 3.142538 104.051674 13.534402
v 7.006015 98.970398 13.003135
v 10.275510 99.590279 11.151811
v 9.844510 105.518494 11.574389
v 6.533540 104.669434 13.415338
v 7.250069 130.777237 -10.471156
v 11.518254 129.986176 -9.248527
v 3.367821 131.140976 -11.403593
v 12.364121 103.554359 -7.952813
v 11.913514 110.443695 -8.870187
v 8.175432 104.325455 -9.841565
v 7.927657 110.941109 -10.071410
v 2.998884 104.610870 -10.736970
v 3.286749 111.270630 -10.903339
v 7.213133 117.028046 -10.235657
v 3.347557 117.456444 -11.580114
v 11.716195 116.409973 -9.363752
v 15.377619 115.968262 -6.557683
v 17.045557 115.757172 -2.838224
v 16.619928 114.663589 1.455240
v 14.580932 113.613022 6.122859
v 12.051800 112.107094 9.096523
v 9.317307 110.941925 11.450037
v 2.887122 109.472420 13.205173
v 6.106935 110.194283 12.698660
v 3.689021 91.843864 13.426384
v 7.812548 92.650826 12.488362
v 11.438007 93.286545 10.952407
v 14.478407 94.364876 8.909801
v 16.984011 95.054131 5.885861
v 18.187033 95.096245 2.105346
v 18.411589 95.455414 -1.857436
v 16.695625 96.145073 -4.864432
v 12.972752 96.585449 -7.531291
v 7.936189 97.156441 -9.938585
v 2.553005 97.622383 -11.023010
v 3.836496 87.588127 12.659189
v 11.828659 89.402580 10.694366
v 8.259266 88.415581 11.984385
v 15.173923 90.366142 8.475667
v 17.212866 90.880722 4.864967
v 18.331348 91.032822 0.718749
v 18.154705 91.436829 -2.560675
v 16.602991 92.150658 -5.388257
v 13.138556 92.560081 -7.935166
v 7.582031 91.859352 -10.126952
v 2.563999 91.184845 -11.054327
v 14.886781 128.977234 -7.712255
v 17.665468 128.362991 -6.227653
v 19.513330 146.107574 -11.289059
v 7.293192 140.319885 -10.601364
v 3.569510 140.465439 -11.342927
v 3.903118 152.548370 -9.996458
v 3.820305 155.391113 -8.518929
v 6.901203 148.746384 3.094519
v 8.707655 145.436996 4.422856
v 12.299311 146.816147 2.282311
v 8.881358 151.010818 1.214867
v 10.506986 150.814514 0.397718
v 13.204669 148.295013 0.827807
v 42.426430 139.090408 -1.717699
v 39.664288 139.267227 -2.317909
v 45.340504 138.852020 -1.630799
v 44.379883 143.165817 -1.783633
v 42.904942 143.412949 -2.080384
v 47.923428 142.845352 -1.615041
v 48.581436 138.679611 -1.540123
v 51.736046 142.941788 -1.654473
v 51.910622 138.448532 -1.456396
v 55.080715 143.008255 -1.681639
v 55.268822 138.229324 -1.490812
v 58.111618 142.931946 -1.985384
v 63.683361 138.519562 -2.788904
v 60.841629 138.242920 -1.813127
v 66.167488 137.588730 -5.329848
v 66.075233 138.561722 -3.224727
v 58.399399 138.066589 -1.655635
v 21.760700 144.713028 -1.149371
v 25.350626 144.317215 -1.250066
v 29.965302 144.468170 -1.451529
v 32.703026 144.257004 -1.634048
v 32.921722 147.023727 -4.634207
v 40.424866 143.743408 -1.853694
v 37.096962 143.663803 -2.340521
v 36.329708 139.474976 -2.440411
v 7.431684 135.250732 -10.265288
v 11.525442 134.436569 -9.454346
v 18.659649 132.536667 -7.647394
v 15.133075 133.233887 -8.617301
v 31.684517 138.881073 -1.820895
v 28.680227 138.562683 -1.279613
v 3.646945 135.573547 -11.180681
v 20.443537 138.722580 -9.687429
v 30.625126 139.002731 -10.404345
v 33.705723 139.104889 -10.697032
v 19.233894 147.498001 -1.556750
v 15.506801 149.259888 -2.702577
v 34.321255 136.446442 -4.130804
v 34.146095 138.968185 -1.844166
v 35.773529 136.907272 -8.169757
v 36.234528 139.362885 -11.190175
v 35.007767 146.662506 -4.644163
v 34.957150 146.738647 -8.206741
v 33.040596 147.159225 -8.313777
v 35.441284 144.700073 -10.735542
v 33.345451 145.014664 -10.742467
v 34.755291 143.999786 -1.901846
v 6.307736 153.162170 2.934009
v 4.345445 151.245712 4.354295
v 16.186758 145.239883 1.544674
v 19.040281 140.720795 1.787660
v 21.226744 138.353790 0.999436
v 23.913315 138.341080 -0.344898
v 19.750126 134.249664 0.913300
v 22.687071 134.720596 -1.612193
v 14.695341 143.031799 3.744869
v 9.174104 142.451736 5.922849
v 18.696547 137.769745 2.537492
v 18.712261 135.322113 2.841749
v 8.628226 116.443581 11.916886
v 11.662267 117.612274 9.651048
v 11.281434 123.225685 9.880814
v 7.602926 121.509872 11.710988
v 15.818930 136.808640 4.566953
v 15.741749 132.393356 5.238480
v 17.207672 130.021652 3.349966
v 4.620554 146.351547 5.468870
v 5.656883 143.904205 6.257051
v 5.750765 140.753891 7.458543
v 9.205305 137.175934 7.781665
v 6.552462 135.833817 9.254642
v 2.587718 143.383774 7.604690
v 1.913308 140.574631 8.706582
v 3.813365 142.529648 7.382069
v 3.629781 139.823715 8.284828
v 3.932710 135.025864 9.924930
v 1.698693 138.369904 9.614100
v 1.584315 125.322807 11.861471
v 1.258737 130.008316 10.967119
v 1.589719 120.408310 12.721996
v 1.202780 134.222580 10.711026
v 12.626156 137.507919 6.750540
v 12.159552 133.592270 7.869509
v 12.495569 129.938293 7.737827
v 9.289466 127.324310 10.061063
v 8.874578 131.505615 9.419979
v 6.297436 130.144958 10.273164
v 6.142966 125.583817 11.410699
v 3.443467 130.035843 10.540360
v 3.651360 125.172821 11.894099
v 4.083456 120.483009 12.613743
v 5.545823 115.743950 12.631620
v 2.472135 115.306641 12.956156
v 23.546412 134.023819 -5.993043
v 20.766684 132.742538 -5.757974
v 22.854538 138.111725 -9.327710
v 26.167406 138.599167 -9.798038
v 20.689686 134.515915 -7.914854
v 19.082695 128.753983 -3.429850
v 18.756552 129.810257 -0.866205
v 70.732582 138.851563 -3.840594
v 68.900490 142.165115 -4.152168
v 70.836143 138.001358 -5.665528
v 71.166130 138.239883 -7.878123
v 70.748116 140.162781 -9.934524
v 71.318474 138.679077 -9.309165
v 69.489510 142.248749 -8.773332
v 68.610962 142.891495 -7.353427
v 68.050407 143.000458 -5.838120
v 19.972834 132.164825 -1.755427
v 67.932152 142.580185 -5.847174
v 68.650749 141.922943 -4.302029
v 68.526245 142.463867 -7.332096
v 69.148201 141.903183 -8.385277
v 70.078865 140.038773 -9.232525
v 70.919563 139.193649 -8.811625
v 70.243362 138.485641 -5.697543
v 70.845047 138.819016 -7.841214
v 70.210419 138.962784 -4.177439
v 65.960815 141.764587 -3.881732
v 65.680412 142.806992 -5.889286
v 66.203156 142.594193 -7.418548
v 66.544487 141.858139 -8.456279
v 67.062035 140.118484 -9.178372
v 66.923454 138.744400 -8.395550
v 66.904259 138.413528 -7.398592
v 67.137260 138.254715 -5.521479
v 67.039963 138.865601 -3.814874
v 64.604996 140.295303 -6.432148
v 64.641968 142.204178 -5.857835
v 64.821037 141.387604 -4.456913
v 64.658768 142.427277 -7.245716
v 64.801445 141.722809 -8.187389
v 64.962730 139.989304 -8.682817
v 64.978188 138.933350 -7.880650
v 65.037422 138.579071 -6.820045
v 65.147476 139.004501 -4.020424
v 65.155136 138.352844 -5.432441
v 4.344221 154.238998 -4.315885
v 4.398615 154.932327 -3.805428
v 3.803701 155.264740 -4.910522
v 3.754029 154.651413 -5.218511
v 4.573886 153.406876 -2.189594
v 4.625223 154.254272 -2.036312
v 2.503415 154.818024 -5.678561
v 2.607592 155.504883 -5.460597
v 4.398592 152.906097 -0.725059
v 4.457920 153.800476 -0.495891
v 3.504490 152.240234 1.912667
v 3.516273 153.075180 2.070554
v 2.886490 151.162720 3.267648
v 3.256967 151.370956 4.417363
v 2.631107 149.333878 4.320791
v 2.784751 148.924606 4.759613
v 1.589857 144.597443 8.049393
v 1.354920 144.862427 6.989559
v 2.426169 88.788887 -9.800396
v 7.574849 89.461342 -9.010773
v 12.686603 89.796547 -7.446196
v 15.385163 89.496468 -5.344390
v 16.856775 89.286682 -3.362482
v 17.289116 89.277512 -0.115745
v 16.243776 89.191666 3.872809
v 14.558545 88.833412 7.501335
v 11.566159 87.991028 9.469317
v 8.256311 87.206215 10.924976
v 3.587751 86.245598 11.307384
v 0.205921 85.879906 13.257773
v 1.906850 143.668167 8.282868
v 1.412289 144.633362 6.631392
v 0.112873 140.162277 8.546829
v -4.981009 156.157883 -2.297488
v -4.335377 156.748199 -3.623216
v -5.270725 155.731339 -1.128414
v -3.118790 157.024429 -4.897575
v -5.166075 155.327133 -0.036882
v -4.135138 153.816833 2.455498
v -3.872032 152.632263 4.085052
v -4.013955 151.384323 5.254368
v -2.895705 148.824219 5.827416
v -0.570944 157.096313 -6.028604
v -6.918411 155.803162 -3.614610
v -5.838200 156.422882 -5.313240
v -6.185791 155.548615 -6.388429
v -7.582419 155.077957 -4.438408
v -7.185081 155.204056 -2.249049
v -8.181689 154.388794 -3.031110
v -3.572464 156.808090 -7.055475
v -3.601186 155.945770 -8.025419
v -7.279210 154.773224 -0.557780
v -8.648552 153.634628 -1.491176
v -6.506465 153.223648 3.344914
v -6.479740 154.145615 2.376962
v -8.264993 153.012115 1.840247
v -8.603747 151.765869 2.720018
v -7.191719 150.992508 4.573523
v -9.147567 149.468674 4.346639
v -0.272605 157.063583 -7.995396
v -0.128288 156.195755 -8.820632
v -5.409333 157.217468 -3.590846
v -6.046643 156.764404 -2.478217
v -6.198781 156.245850 -1.285357
v -3.543481 157.474289 -5.516355
v -5.944077 155.922043 -0.188294
v -0.826109 157.661423 -6.842991
v -5.338023 154.616272 2.608442
v -5.133956 153.591980 3.670420
v -5.163816 152.334045 5.020058
v -4.852928 151.271347 3.745368
v -7.623759 150.918793 3.546772
v -11.201481 149.056961 2.426419
v -8.637150 149.185303 4.237370
v -10.904211 147.067657 4.247761
v -6.824276 150.737152 4.469930
v -5.602675 151.093140 3.231357
v -5.452343 151.549088 4.856483
v -4.776404 150.245483 5.327435
v -10.287069 151.597488 1.019055
v -10.749814 149.972473 2.497337
v -11.335742 147.552917 4.140835
v 4.981284 156.584213 -2.491087
v 4.417552 156.809113 -3.722027
v 5.252513 155.942001 -1.366539
v 3.024133 156.879852 -5.098091
v 5.241575 155.597366 -0.352432
v 4.359249 154.410065 2.366933
v 4.129282 153.097656 4.141198
v 6.028586 155.777344 -6.611176
v 5.720845 156.626556 -5.577142
v 6.697892 155.962753 -3.860516
v 7.219416 154.957123 -4.957947
v 6.909292 155.087875 -2.332236
v 7.713069 154.125961 -3.171185
v 3.815802 156.086853 -8.087268
v 3.652650 156.956833 -7.160059
v 7.074728 154.629456 -1.046754
v 8.487946 153.454117 -1.573976
v 8.399236 152.727585 1.348511
v 6.849452 153.899139 1.784680
v 7.223361 152.557755 3.095309
v 8.684587 151.311371 2.912533
v 7.196177 150.891891 5.058492
v 9.144118 149.345703 4.520142
v 4.808743 157.398026 -3.932288
v 5.692083 156.916199 -2.443112
v 6.013362 156.215271 -1.560533
v 3.205043 157.581894 -5.726452
v 5.908589 155.746201 -0.366952
v 5.371299 154.764648 2.349577
v 5.113072 153.677185 3.871870
v 5.315399 151.802429 5.686080
v 4.437905 151.273788 6.061377
v 4.046221 152.643555 4.369074
v 4.698156 150.689056 5.892100
v 4.185885 149.440353 6.287083
v 11.595248 148.397797 2.291761
v 11.466263 147.135147 3.560504
v 8.845353 149.023468 4.298246
v 7.049112 151.514618 3.011921
v 5.342367 152.011780 3.844875
v 5.573840 151.195480 5.279070
v 11.004297 150.765778 0.882122
v 11.603095 148.877945 2.542552
v 11.646970 147.757919 3.654118
v 3.769092 150.029526 6.414613
v 6.953168 150.423843 4.862648
v 3.362634 147.245590 6.844243
v 2.819954 147.969315 6.968617
v 6.515092 155.221100 -0.709890
v 6.441824 155.768204 -1.891701
v 6.337760 156.592636 -3.194451
v 5.578340 157.193512 -4.884348
v 3.581793 157.453125 -6.681816
v -0.366983 157.518341 -7.613791
v -3.521568 157.330704 -6.471724
v -5.636205 156.943161 -4.598951
v -6.489948 156.366425 -2.977324
v -6.628859 155.799515 -1.756942
v -6.572874 155.472229 -0.310733
v -20.426853 136.209213 -7.788274
v 3.467844 147.011292 5.860562
v -66.731140 139.929504 -8.418324
v -68.505508 140.411331 -8.909279
v -70.872467 141.017181 -8.842816
v -70.919113 141.022537 -9.378473
v -67.644653 140.622650 -9.676947
v -65.047310 140.252380 -9.813766
v -62.320045 139.800812 -10.500235
v -59.067928 139.673477 -10.758744
v -55.879932 139.846313 -10.793522
v -52.541077 140.408203 -11.122036
v -48.674927 141.000519 -11.139916
v -44.713753 141.199310 -10.983900
v -42.684395 141.024002 -11.313348
v -39.951969 141.393097 -11.618256
v -37.826214 141.607605 -11.335390
v -35.131794 141.921539 -11.262514
v -32.072197 142.219574 -11.474153
v -28.849007 142.778336 -11.305440
v -25.117590 143.183319 -11.231019
v -22.909777 142.951645 -10.714754
v -20.247061 142.631073 -10.477549
v -17.749340 143.201019 -10.934103
v -14.622512 144.423447 -11.143877
v -10.657633 146.063110 -11.027610
v -6.733154 146.998840 -11.013643
v -3.430667 146.518250 -11.710233
v -0.018603 146.336182 -12.151391
v 3.431905 146.217438 -11.561233
v 6.986392 146.740509 -10.800776
v 10.552144 145.614792 -10.860606
v 14.438450 143.719131 -11.165275
v 17.727356 142.391388 -10.960287
v 20.424417 142.052109 -10.599906
v 23.707314 142.370422 -10.974446
v 26.887312 142.605972 -11.469425
v 30.929256 142.629913 -11.371458
v 33.646751 142.443756 -11.461761
v 35.896915 142.557327 -11.607817
v 38.263000 142.257706 -11.689060
v 40.436134 141.891251 -11.433596
v 42.954880 141.176758 -11.717607
v 44.639099 140.802795 -11.976414
v 47.237980 141.439026 -11.687686
v 51.006950 141.051559 -11.563208
v 54.096275 141.006516 -11.512469
v 57.208687 141.006378 -11.452113
v 60.104767 140.951004 -11.106848
v 63.089573 141.279755 -10.258800
v 65.931854 141.215164 -9.803865
v 70.209091 141.069702 -9.678890
v 69.465340 141.033844 -9.064530
v 66.846291 140.987061 -8.994089
v 64.831291 140.732208 -8.584706
v 4.037430 152.591217 0.590991
v 4.045372 153.678711 0.860800
v 4.626614 155.099228 1.227267
v 5.588496 155.181229 1.000132
v 6.492978 154.767578 0.679402
v 7.781054 153.828186 0.070194
v 9.787892 152.414032 -0.533969
v 9.820512 152.130646 -0.637386
v 12.594724 150.504166 -0.777034
v 16.386482 147.184448 -0.007625
v 19.401255 144.238480 0.516678
v 21.769224 141.751312 0.201486
v 25.116611 140.974945 -0.396998
v 29.567873 141.288406 -0.900033
v 32.231163 141.285522 -1.094581
v 34.469994 141.429169 -1.596815
v 36.820904 141.428009 -1.848948
v 40.271629 141.321457 -2.618152
v 42.388622 141.136139 -1.583537
v 45.778881 140.769852 -0.845246
v 49.071339 140.506592 -1.028037
v 52.129410 140.247452 -0.685713
v 55.368958 140.108658 -0.774746
v 58.482956 140.166809 -0.915131
v 61.108097 139.906631 -1.186835
v 63.515522 140.384003 -2.312481
v 65.642410 140.546692 -2.593908
v 70.065628 140.772705 -3.361584
v 69.381599 140.571579 -3.559709
v 66.573662 140.250320 -3.170729
v 65.026703 140.159119 -3.800136
v -4.328480 152.862473 0.538023
v -4.370331 153.728287 0.665988
v -4.827967 154.986938 0.897804
v -5.702394 155.481613 0.916133
v -6.381139 155.112610 0.853573
v -7.444270 154.297150 0.452503
v -9.305237 152.903183 -0.432999
v -9.733191 152.250732 -0.529344
v -13.300672 149.898239 -0.580577
v -17.010309 146.631393 -0.094062
v -20.598207 143.019928 0.252982
v -23.764406 140.663544 -0.433493
v -26.705589 140.875641 -0.630908
v -31.780008 141.235519 -0.862774
v -34.785828 141.209396 -0.809262
v -37.500000 141.124893 -1.508538
v -40.011803 140.860931 -1.982898
v -43.581631 140.940826 -1.775412
v -46.916195 140.600418 -1.107533
v -50.063278 140.064697 -1.034172
v -54.046429 139.867950 -1.769667
v -57.196602 139.731766 -1.652725
v -60.010220 139.589981 -1.537038
v -62.791054 139.368515 -1.246647
v -65.235840 139.239456 -1.858758
v -66.862099 139.631851 -2.693251
v -68.560333 139.632492 -2.682020
v -71.815361 139.522491 -2.945700
v -70.742119 139.472076 -3.263294
v -69.011909 139.321854 -3.145986
v -67.724327 139.296127 -3.888330
v -11.698698 87.360809 11.611669
v -15.058191 88.330589 9.212157
v -17.716324 88.990143 5.257803
v -19.143044 89.407745 1.269369
v -19.307594 89.831238 -2.847635
v -18.226530 90.021767 -5.124089
v -15.512066 90.583664 -7.966966
v -10.629559 90.423546 -9.914578
v -5.087389 89.651543 -10.678493
v -1.247181 89.516945 -11.239981
v 2.609876 89.595314 -11.070875
v 7.877169 89.938751 -10.287341
v 13.328416 90.355934 -8.395390
v 16.340467 89.860222 -6.199418
v 17.943478 89.480316 -3.515599
v 18.458221 89.515266 0.123804
v 17.463829 89.386459 4.280666
v 15.394431 89.048485 8.290530
v 12.096383 88.050751 10.619574
v 8.358108 87.260574 11.965035
v 3.907469 86.472954 12.617504
v 0.235430 85.921196 13.298226
v -3.426768 86.039780 13.170508
v -7.981601 86.701942 12.821054
vt 0.920749 0.617892
vt 0.911497 0.617875
vt 0.911957 0.612643
vt 0.920733 0.612992
vt 0.903146 0.617101
vt 0.903638 0.612736
vt 0.894636 0.571306
vt 0.899623 0.572004
vt 0.899949 0.578000
vt 0.894339 0.577313
vt 0.910860 0.572962
vt 0.911350 0.578692
vt 0.904287 0.578271
vt 0.904585 0.572070
vt 0.888378 0.576470
vt 0.889198 0.570767
vt 0.918551 0.572421
vt 0.918725 0.577690
vt 0.893628 0.583047
vt 0.885416 0.581277
vt 0.899682 0.583644
vt 0.911522 0.585072
vt 0.904739 0.584464
vt 0.918892 0.585145
vt 0.904391 0.605054
vt 0.912283 0.605115
vt 0.920288 0.605259
vt 0.944318 0.596397
vt 0.952275 0.593920
vt 0.954911 0.601061
vt 0.946446 0.604415
vt 0.911173 0.568537
vt 0.918174 0.567228
vt 0.905385 0.568150
vt 0.900257 0.568458
vt 0.895360 0.568223
vt 0.895699 0.560172
vt 0.900261 0.560771
vt 0.889502 0.567976
vt 0.905351 0.560844
vt 0.911263 0.560667
vt 0.917751 0.559516
vt 0.889458 0.559147
vt 0.895532 0.551768
vt 0.900095 0.552240
vt 0.904859 0.552073
vt 0.910883 0.551372
vt 0.917594 0.550543
vt 0.889924 0.550954
vt 0.950065 0.582208
vt 0.941929 0.583024
vt 0.940846 0.577212
vt 0.947969 0.577885
vt 0.948243 0.571276
vt 0.940563 0.570926
vt 0.948549 0.567143
vt 0.941172 0.565734
vt 0.948355 0.557880
vt 0.941463 0.558518
vt 0.948067 0.549929
vt 0.941368 0.549499
vt 0.895942 0.544281
vt 0.900159 0.544845
vt 0.904837 0.544756
vt 0.910891 0.544005
vt 0.917675 0.543216
vt 0.947465 0.542950
vt 0.941204 0.542717
vt 0.890449 0.543599
vt 0.900549 0.537037
vt 0.896356 0.536672
vt 0.905463 0.537055
vt 0.911260 0.536614
vt 0.917837 0.535990
vt 0.946394 0.535908
vt 0.940452 0.536136
vt 0.891264 0.536114
vt 0.900868 0.529606
vt 0.896985 0.529482
vt 0.905207 0.529836
vt 0.910985 0.529534
vt 0.917912 0.529084
vt 0.945287 0.529189
vt 0.939314 0.529930
vt 0.892006 0.529136
vt 0.897577 0.522803
vt 0.901482 0.523389
vt 0.905996 0.523179
vt 0.911400 0.523179
vt 0.918056 0.522985
vt 0.924341 0.528687
vt 0.924240 0.522875
vt 0.886660 0.528676
vt 0.888565 0.521849
vt 0.892980 0.522444
vt 0.898293 0.516983
vt 0.902160 0.517411
vt 0.907146 0.517618
vt 0.911538 0.517560
vt 0.918568 0.517452
vt 0.924943 0.517390
vt 0.944437 0.522725
vt 0.944662 0.517448
vt 0.948180 0.517448
vt 0.949414 0.523205
vt 0.952286 0.516644
vt 0.954112 0.522529
vt 0.859603 0.535278
vt 0.853682 0.537009
vt 0.852885 0.525420
vt 0.859231 0.525168
vt 0.846141 0.537454
vt 0.846810 0.525899
vt 0.840411 0.567013
vt 0.832194 0.567213
vt 0.832328 0.558753
vt 0.839805 0.557919
vt 0.846711 0.565266
vt 0.847242 0.557288
vt 0.854183 0.555180
vt 0.855375 0.564281
vt 0.862540 0.552528
vt 0.865811 0.562449
vt 0.857202 0.720974
vt 0.858379 0.711047
vt 0.866188 0.710499
vt 0.864904 0.720730
vt 0.859482 0.690162
vt 0.859942 0.676141
vt 0.875394 0.678817
vt 0.871835 0.691037
vt 0.857531 0.613962
vt 0.849896 0.616533
vt 0.847741 0.608109
vt 0.853581 0.605698
vt 0.859296 0.627578
vt 0.851687 0.626176
vt 0.844893 0.626365
vt 0.840536 0.627032
vt 0.836991 0.621950
vt 0.842398 0.618533
vt 0.840383 0.609716
vt 0.832434 0.611660
vt 0.831223 0.619635
vt 0.825060 0.567534
vt 0.825328 0.559159
vt 0.841531 0.629675
vt 0.845021 0.632080
vt 0.838639 0.592989
vt 0.845700 0.591797
vt 0.846102 0.600045
vt 0.839154 0.601285
vt 0.851839 0.598263
vt 0.851799 0.591387
vt 0.850224 0.722130
vt 0.848623 0.711569
vt 0.817886 0.725694
vt 0.817647 0.716820
vt 0.825070 0.716363
vt 0.824793 0.725271
vt 0.833162 0.725138
vt 0.832519 0.714834
vt 0.840265 0.712943
vt 0.840623 0.722863
vt 0.839463 0.574513
vt 0.831654 0.575824
vt 0.824840 0.576303
vt 0.839002 0.537259
vt 0.839904 0.526155
vt 0.832386 0.538117
vt 0.832607 0.526445
vt 0.825410 0.538892
vt 0.824987 0.526778
vt 0.832915 0.549739
vt 0.825594 0.550352
vt 0.839241 0.548380
vt 0.846596 0.547626
vt 0.854147 0.545827
vt 0.860364 0.543608
vt 0.868586 0.702135
vt 0.858097 0.700495
vt 0.849212 0.701283
vt 0.840365 0.702823
vt 0.817346 0.707130
vt 0.824985 0.706656
vt 0.832310 0.704848
vt 0.817603 0.735444
vt 0.824637 0.735234
vt 0.841946 0.733671
vt 0.833134 0.734658
vt 0.849890 0.732401
vt 0.858375 0.731820
vt 0.866703 0.731218
vt 0.853283 0.515006
vt 0.860874 0.515263
vt 0.847110 0.514569
vt 0.840650 0.514638
vt 0.832662 0.515040
vt 0.825028 0.515268
vt 0.817098 0.741439
vt 0.824122 0.741664
vt 0.833451 0.741248
vt 0.841969 0.740497
vt 0.850452 0.739560
vt 0.859746 0.738108
vt 0.867719 0.737364
vt 0.861118 0.508924
vt 0.852703 0.508877
vt 0.846377 0.508192
vt 0.839909 0.508096
vt 0.831998 0.508129
vt 0.825165 0.508066
vt 0.846986 0.573034
vt 0.854108 0.570967
vt 0.909830 0.623404
vt 0.902385 0.621712
vt 0.920170 0.623175
vt 0.831672 0.602321
vt 0.831401 0.594045
vt 0.824542 0.602333
vt 0.824488 0.594457
vt 0.824914 0.617468
vt 0.824787 0.610184
vt 0.839059 0.645474
vt 0.833165 0.649803
vt 0.830578 0.643688
vt 0.835843 0.638045
vt 0.844450 0.635037
vt 0.841739 0.641167
vt 0.839041 0.634532
vt 0.840662 0.631960
vt 0.934765 0.576439
vt 0.934385 0.570800
vt 0.934793 0.566733
vt 0.929310 0.571210
vt 0.929455 0.566171
vt 0.924216 0.566666
vt 0.924565 0.571979
vt 0.924118 0.558034
vt 0.929589 0.557508
vt 0.935082 0.558172
vt 0.923785 0.549679
vt 0.929439 0.549185
vt 0.935155 0.549236
vt 0.923736 0.542617
vt 0.929358 0.542270
vt 0.935047 0.542323
vt 0.923998 0.535540
vt 0.939202 0.523257
vt 0.933895 0.529362
vt 0.934115 0.523632
vt 0.938803 0.517483
vt 0.934310 0.517507
vt 0.929648 0.535452
vt 0.934617 0.535672
vt 0.929528 0.523170
vt 0.929730 0.517395
vt 0.930032 0.528874
vt 0.928106 0.613874
vt 0.928056 0.618169
vt 0.919987 0.598238
vt 0.926456 0.598308
vt 0.927380 0.605302
vt 0.924507 0.577038
vt 0.925425 0.585344
vt 0.935538 0.584220
vt 0.929471 0.576817
vt 0.930584 0.585078
vt 0.831494 0.585438
vt 0.838697 0.584159
vt 0.846182 0.582298
vt 0.853374 0.579687
vt 0.933272 0.605268
vt 0.932189 0.598181
vt 0.937695 0.597820
vt 0.939260 0.605445
vt 0.824584 0.585868
vt 0.855513 0.590785
vt 0.855739 0.596503
vt 0.889779 0.604429
vt 0.880243 0.602532
vt 0.882584 0.595089
vt 0.891196 0.596631
vt 0.957334 0.609160
vt 0.948522 0.612334
vt 0.927031 0.623313
vt 0.858285 0.636138
vt 0.851680 0.633277
vt 0.942950 0.589259
vt 0.936438 0.590634
vt 0.950729 0.587791
vt 0.884327 0.588275
vt 0.892810 0.589292
vt 0.912379 0.598074
vt 0.912161 0.591388
vt 0.919465 0.591620
vt 0.905142 0.597768
vt 0.905252 0.590852
vt 0.898289 0.597301
vt 0.899288 0.590418
vt 0.931111 0.591466
vt 0.925821 0.591595
vt 0.833188 0.635412
vt 0.828496 0.641438
vt 0.978693 0.628423
vt 0.984741 0.629658
vt 0.986742 0.631328
vt 0.981489 0.631411
vt 0.990475 0.627566
vt 0.993676 0.630088
vt 0.850964 0.639228
vt 0.848835 0.646685
vt 0.857375 0.642802
vt 0.858073 0.650109
vt 0.934058 0.618558
vt 0.940161 0.619690
vt 0.936558 0.624806
vt 0.931839 0.623304
vt 0.934174 0.614899
vt 0.940485 0.614940
vt 0.947515 0.618214
vt 0.835333 0.655042
vt 0.844797 0.652368
vt 0.861182 0.654596
vt 0.852999 0.657264
vt 0.839030 0.682631
vt 0.848418 0.679605
vt 0.850527 0.691298
vt 0.840051 0.693576
vt 0.859903 0.662549
vt 0.864781 0.657958
vt 0.869868 0.662656
vt 0.866324 0.668418
vt 0.825646 0.647166
vt 0.827631 0.652019
vt 0.829509 0.656653
vt 0.837309 0.659777
vt 0.831978 0.661144
vt 0.824338 0.653626
vt 0.821278 0.652139
vt 0.824984 0.657155
vt 0.826802 0.661963
vt 0.815738 0.651524
vt 0.820281 0.656541
vt 0.815602 0.656254
vt 0.816113 0.668550
vt 0.822370 0.668701
vt 0.823241 0.676473
vt 0.816374 0.677002
vt 0.823930 0.686099
vt 0.816739 0.687059
vt 0.821490 0.662322
vt 0.844378 0.658077
vt 0.846848 0.661875
vt 0.851635 0.666775
vt 0.844402 0.671006
vt 0.837101 0.674117
vt 0.834532 0.666534
vt 0.840441 0.664487
vt 0.828431 0.667922
vt 0.830094 0.675456
vt 0.831219 0.684529
vt 0.815942 0.662131
vt 0.831952 0.694874
vt 0.824463 0.696784
vt 0.888893 0.612555
vt 0.878135 0.611525
vt 0.817124 0.697855
vt 0.889443 0.616835
vt 0.877285 0.615720
vt 0.858016 0.576431
vt 0.860916 0.569486
vt 0.868073 0.569381
vt 0.930136 0.512323
vt 0.933420 0.512262
vt 0.938826 0.512195
vt 0.944480 0.512196
vt 0.947784 0.512117
vt 0.951760 0.511442
vt 0.899443 0.512113
vt 0.902810 0.512713
vt 0.906795 0.512826
vt 0.912306 0.512612
vt 0.919093 0.512651
vt 0.925319 0.512441
vt 0.897073 0.604933
vt 0.896194 0.612882
vt 0.896174 0.616557
vt 0.951125 0.614633
vt 0.817930 0.508213
vt 0.817410 0.516552
vt 0.817885 0.527344
vt 0.818114 0.539099
vt 0.818282 0.550549
vt 0.818142 0.559473
vt 0.817531 0.568058
vt 0.817843 0.576681
vt 0.817717 0.586158
vt 0.817620 0.594594
vt 0.817640 0.602496
vt 0.817948 0.616912
vt 0.817768 0.609911
vt 0.919423 0.511092
vt 0.925285 0.511371
vt 0.912324 0.511284
vt 0.907044 0.511566
vt 0.900213 0.510932
vt 0.903346 0.511567
vt 0.950906 0.510313
vt 0.947957 0.510646
vt 0.944175 0.510963
vt 0.930133 0.511013
vt 0.933706 0.510808
vt 0.938650 0.510931
vt 0.925220 0.507262
vt 0.919178 0.506058
vt 0.911503 0.507103
vt 0.906819 0.507776
vt 0.901506 0.507585
vt 0.903105 0.507769
vt 0.950659 0.506513
vt 0.947044 0.506612
vt 0.943860 0.506882
vt 0.933984 0.507499
vt 0.930156 0.507361
vt 0.938933 0.506939
vt 0.981605 0.557567
vt 0.983409 0.564294
vt 0.976492 0.560674
vt 0.987397 0.557189
vt 0.991198 0.561678
vt 0.991176 0.564183
vt 0.988241 0.569148
vt 0.990907 0.566489
vt 0.980369 0.570049
vt 0.984643 0.570108
vt 0.975508 0.563801
vt 0.975970 0.567394
vt 0.979620 0.551562
vt 0.991287 0.552248
vt 0.971276 0.556115
vt 0.970728 0.570411
vt 0.968795 0.564086
vt 0.978106 0.575557
vt 0.987333 0.575812
vt 0.992573 0.573140
vt 0.996971 0.567163
vt 0.997971 0.563746
vt 0.996269 0.556689
vt 0.978303 0.670259
vt 0.976396 0.670014
vt 0.976808 0.666572
vt 0.978741 0.667103
vt 0.979360 0.662154
vt 0.977261 0.661767
vt 0.977959 0.674006
vt 0.975902 0.673992
vt 0.977566 0.657377
vt 0.979060 0.657893
vt 0.979888 0.653449
vt 0.978333 0.654025
vt 0.979343 0.648681
vt 0.980859 0.648654
vt 0.981174 0.641179
vt 0.982847 0.642002
vt 0.986477 0.635346
vt 0.987139 0.635733
vt 0.977744 0.678710
vt 0.975600 0.678746
vt 0.986881 0.633288
vt 0.992768 0.631805
vt 0.992682 0.632598
vt 0.817886 0.503903
vt 0.824804 0.503802
vt 0.832109 0.503743
vt 0.839586 0.503887
vt 0.846372 0.504079
vt 0.852721 0.505180
vt 0.860416 0.505157
vt 0.867568 0.742510
vt 0.860545 0.743547
vt 0.851574 0.744397
vt 0.842407 0.745690
vt 0.833703 0.746215
vt 0.823926 0.746666
vt 0.909326 0.738076
vt 0.909689 0.732402
vt 0.918161 0.732972
vt 0.918793 0.739227
vt 0.926821 0.734186
vt 0.927308 0.738947
vt 0.931412 0.698614
vt 0.931662 0.692427
vt 0.936554 0.692373
vt 0.936783 0.697415
vt 0.926616 0.698018
vt 0.920074 0.696903
vt 0.920530 0.692829
vt 0.926671 0.692351
vt 0.942289 0.691817
vt 0.942845 0.696788
vt 0.912571 0.692387
vt 0.912333 0.697665
vt 0.945817 0.702803
vt 0.937774 0.704027
vt 0.931661 0.704433
vt 0.925648 0.705061
vt 0.919127 0.705487
vt 0.912028 0.705812
vt 0.918119 0.725571
vt 0.926003 0.726260
vt 0.910497 0.725295
vt 0.876205 0.720002
vt 0.879206 0.712722
vt 0.886723 0.715541
vt 0.884439 0.723106
vt 0.913691 0.686700
vt 0.919862 0.687798
vt 0.926378 0.687869
vt 0.931872 0.688519
vt 0.936524 0.687862
vt 0.936301 0.680412
vt 0.931412 0.681880
vt 0.942637 0.687162
vt 0.920387 0.680151
vt 0.926995 0.681543
vt 0.914326 0.680266
vt 0.941745 0.679578
vt 0.936239 0.672459
vt 0.932003 0.672668
vt 0.921167 0.671148
vt 0.927103 0.672025
vt 0.914554 0.670166
vt 0.941792 0.672010
vt 0.881302 0.701005
vt 0.883327 0.696236
vt 0.890463 0.696563
vt 0.889322 0.702384
vt 0.883568 0.689384
vt 0.890922 0.690237
vt 0.882786 0.685394
vt 0.890204 0.684723
vt 0.883167 0.677066
vt 0.890006 0.678153
vt 0.884024 0.668988
vt 0.890957 0.668828
vt 0.936294 0.665010
vt 0.931999 0.665330
vt 0.927428 0.664867
vt 0.921453 0.664189
vt 0.914773 0.663328
vt 0.884988 0.662032
vt 0.891535 0.662070
vt 0.941706 0.664722
vt 0.931986 0.657672
vt 0.936427 0.657387
vt 0.927034 0.657466
vt 0.921384 0.657010
vt 0.915099 0.656515
vt 0.886293 0.654831
vt 0.892376 0.655545
vt 0.941284 0.657183
vt 0.932105 0.650487
vt 0.936009 0.650227
vt 0.927511 0.650138
vt 0.921864 0.649819
vt 0.915195 0.649893
vt 0.887745 0.648094
vt 0.892986 0.649095
vt 0.941020 0.650245
vt 0.935419 0.643351
vt 0.931623 0.643950
vt 0.927052 0.643766
vt 0.921645 0.643431
vt 0.915200 0.643212
vt 0.907958 0.649522
vt 0.908719 0.642991
vt 0.888989 0.641354
vt 0.893799 0.642323
vt 0.939944 0.643014
vt 0.934258 0.637562
vt 0.931213 0.637988
vt 0.926554 0.637908
vt 0.921451 0.637982
vt 0.914980 0.637498
vt 0.908531 0.637179
vt 0.884003 0.641670
vt 0.884708 0.635868
vt 0.888893 0.636241
vt 0.880550 0.635024
vt 0.879271 0.640970
vt 0.782969 0.526060
vt 0.782870 0.536521
vt 0.775494 0.536755
vt 0.776533 0.525662
vt 0.789294 0.526197
vt 0.789757 0.537026
vt 0.804437 0.558273
vt 0.804152 0.566467
vt 0.795807 0.565564
vt 0.795966 0.557413
vt 0.787594 0.564268
vt 0.789039 0.555986
vt 0.780534 0.562674
vt 0.781439 0.554179
vt 0.773355 0.551887
vt 0.770253 0.562201
vt 0.777316 0.721358
vt 0.769699 0.721587
vt 0.768713 0.710267
vt 0.776331 0.711987
vt 0.774360 0.691079
vt 0.762191 0.693488
vt 0.758518 0.679915
vt 0.774525 0.676373
vt 0.781492 0.605664
vt 0.787563 0.608223
vt 0.785361 0.616798
vt 0.777792 0.613796
vt 0.783418 0.626571
vt 0.776421 0.626860
vt 0.799218 0.622600
vt 0.795135 0.628279
vt 0.790358 0.627383
vt 0.793204 0.619269
vt 0.794888 0.610151
vt 0.803172 0.612187
vt 0.804924 0.620528
vt 0.811126 0.558919
vt 0.811076 0.567242
vt 0.792555 0.632335
vt 0.788854 0.633264
vt 0.796385 0.593084
vt 0.795904 0.601501
vt 0.788992 0.600190
vt 0.789190 0.592359
vt 0.783162 0.597893
vt 0.783472 0.590861
vt 0.785424 0.721949
vt 0.785560 0.712211
vt 0.809952 0.725380
vt 0.809605 0.716533
vt 0.802000 0.724372
vt 0.793549 0.723316
vt 0.793939 0.713513
vt 0.802103 0.715033
vt 0.804225 0.575298
vt 0.796154 0.573448
vt 0.811100 0.576207
vt 0.797185 0.526621
vt 0.797592 0.537737
vt 0.803624 0.527411
vt 0.803896 0.538709
vt 0.811605 0.527566
vt 0.811366 0.539199
vt 0.804241 0.549242
vt 0.811034 0.550038
vt 0.796897 0.548061
vt 0.788920 0.546855
vt 0.780767 0.545349
vt 0.774761 0.543229
vt 0.765674 0.703949
vt 0.776044 0.702271
vt 0.785051 0.702650
vt 0.793792 0.703981
vt 0.809782 0.707004
vt 0.802107 0.705613
vt 0.810247 0.735100
vt 0.801514 0.733956
vt 0.792719 0.733064
vt 0.784464 0.732239
vt 0.776043 0.732152
vt 0.768199 0.732345
vt 0.775139 0.515305
vt 0.783085 0.515297
vt 0.789475 0.515847
vt 0.796320 0.516144
vt 0.803599 0.516558
vt 0.811603 0.516857
vt 0.810010 0.741162
vt 0.793108 0.740223
vt 0.801328 0.740984
vt 0.784619 0.739703
vt 0.775675 0.739077
vt 0.767412 0.738755
vt 0.775172 0.508457
vt 0.783035 0.509019
vt 0.789765 0.509458
vt 0.796504 0.509439
vt 0.803895 0.508744
vt 0.811008 0.508352
vt 0.787841 0.571499
vt 0.781007 0.569382
vt 0.777987 0.603863
vt 0.909904 0.743331
vt 0.919962 0.744374
vt 0.803696 0.594136
vt 0.803454 0.602625
vt 0.810725 0.594625
vt 0.810678 0.602582
vt 0.811052 0.618179
vt 0.810757 0.610534
vt 0.800707 0.644799
vt 0.797548 0.649175
vt 0.791179 0.644060
vt 0.793703 0.639256
vt 0.791902 0.634402
vt 0.788369 0.635984
vt 0.788604 0.640320
vt 0.791481 0.636478
vt 0.896973 0.690298
vt 0.896644 0.695981
vt 0.896434 0.684990
vt 0.901998 0.690666
vt 0.901976 0.685274
vt 0.907124 0.687877
vt 0.907196 0.691024
vt 0.907562 0.679796
vt 0.902181 0.676999
vt 0.896670 0.676685
vt 0.908356 0.669378
vt 0.902407 0.669028
vt 0.896989 0.668773
vt 0.908581 0.662272
vt 0.902632 0.662286
vt 0.897338 0.662009
vt 0.908729 0.655756
vt 0.898874 0.642769
vt 0.898896 0.649543
vt 0.894053 0.636602
vt 0.899229 0.636930
vt 0.903165 0.655591
vt 0.897854 0.655408
vt 0.903836 0.637012
vt 0.903556 0.642646
vt 0.902873 0.648868
vt 0.901902 0.738413
vt 0.902101 0.733251
vt 0.903299 0.725580
vt 0.904321 0.718348
vt 0.911016 0.718410
vt 0.906511 0.696912
vt 0.905942 0.705421
vt 0.895679 0.704242
vt 0.901523 0.695852
vt 0.900892 0.705060
vt 0.803993 0.585065
vt 0.796419 0.583390
vt 0.781857 0.577752
vt 0.788539 0.580925
vt 0.898494 0.717990
vt 0.897250 0.725618
vt 0.810897 0.585855
vt 0.779427 0.595909
vt 0.779981 0.589993
vt 0.941075 0.725724
vt 0.939938 0.717542
vt 0.949126 0.716375
vt 0.950996 0.724175
vt 0.882233 0.731274
vt 0.873236 0.727894
vt 0.902785 0.743163
vt 0.782719 0.633545
vt 0.776941 0.635599
vt 0.893052 0.716999
vt 0.888188 0.708477
vt 0.894555 0.710194
vt 0.880483 0.706493
vt 0.938267 0.710333
vt 0.946898 0.709699
vt 0.911628 0.711863
vt 0.918653 0.712131
vt 0.918337 0.718503
vt 0.925763 0.711493
vt 0.925525 0.718428
vt 0.932575 0.718278
vt 0.931750 0.710948
vt 0.899919 0.711266
vt 0.905239 0.711591
vt 0.797314 0.638177
vt 0.802778 0.643381
vt 0.782500 0.639176
vt 0.777110 0.641825
vt 0.898049 0.742921
vt 0.896204 0.738628
vt 0.895918 0.733952
vt 0.883245 0.737311
vt 0.890162 0.734330
vt 0.890122 0.739902
vt 0.787916 0.651186
vt 0.796362 0.654393
vt 0.893655 0.745227
vt 0.889698 0.745310
vt 0.885866 0.743418
vt 0.793934 0.693660
vt 0.784754 0.692281
vt 0.785170 0.680825
vt 0.794356 0.683352
vt 0.783438 0.644959
vt 0.777199 0.648751
vt 0.781206 0.655015
vt 0.765137 0.663391
vt 0.770445 0.658852
vt 0.775603 0.662950
vt 0.768526 0.668696
vt 0.804598 0.649426
vt 0.802895 0.652322
vt 0.801829 0.655927
vt 0.794466 0.658943
vt 0.799734 0.660282
vt 0.808378 0.651286
vt 0.810181 0.653026
vt 0.806615 0.652885
vt 0.806038 0.656548
vt 0.804932 0.661390
vt 0.810487 0.656357
vt 0.809564 0.676632
vt 0.809927 0.668046
vt 0.809514 0.686700
vt 0.810381 0.661847
vt 0.789573 0.657462
vt 0.785797 0.660775
vt 0.781834 0.666721
vt 0.788402 0.670888
vt 0.791587 0.663500
vt 0.797638 0.665744
vt 0.795874 0.673691
vt 0.803728 0.667336
vt 0.802746 0.675410
vt 0.802219 0.685058
vt 0.802100 0.695735
vt 0.809959 0.697364
vt 0.891377 0.725030
vt 0.952441 0.733627
vt 0.941607 0.734164
vt 0.953110 0.737415
vt 0.941109 0.738584
vt 0.779088 0.580911
vt 0.777045 0.575153
vt 0.774037 0.568495
vt 0.758802 0.671031
vt 0.903716 0.631727
vt 0.908023 0.632206
vt 0.894462 0.631443
vt 0.898998 0.631621
vt 0.889267 0.631261
vt 0.881469 0.630112
vt 0.885381 0.631045
vt 0.931229 0.633134
vt 0.933362 0.632867
vt 0.920755 0.632680
vt 0.926859 0.633071
vt 0.913956 0.632289
vt 0.933423 0.726461
vt 0.934320 0.734655
vt 0.934374 0.738254
vt 0.879021 0.733901
vt 0.872275 0.730778
vt 0.758617 0.667403
vt 0.913787 0.630929
vt 0.907866 0.630817
vt 0.921303 0.631347
vt 0.926668 0.631769
vt 0.933063 0.631155
vt 0.930606 0.631526
vt 0.882939 0.628899
vt 0.885632 0.629658
vt 0.894809 0.630128
vt 0.888941 0.629866
vt 0.903515 0.630818
vt 0.898885 0.630387
vt 0.907729 0.626765
vt 0.914694 0.626287
vt 0.922269 0.627535
vt 0.927526 0.628299
vt 0.932118 0.628250
vt 0.930461 0.628391
vt 0.882847 0.625561
vt 0.886629 0.625620
vt 0.889842 0.625946
vt 0.895171 0.626675
vt 0.903729 0.627074
vt 0.899936 0.626842
vt 0.984430 0.598805
vt 0.982531 0.604584
vt 0.978497 0.602185
vt 0.987726 0.604568
vt 0.990470 0.601539
vt 0.990569 0.598577
vt 0.988160 0.594519
vt 0.990458 0.596617
vt 0.985220 0.593679
vt 0.977423 0.598940
vt 0.978455 0.595944
vt 0.981550 0.593433
vt 0.991001 0.608822
vt 0.981148 0.609594
vt 0.973134 0.603354
vt 0.971926 0.597783
vt 0.973878 0.592726
vt 0.979208 0.588520
vt 0.987548 0.588589
vt 0.991918 0.590843
vt 0.995683 0.595633
vt 0.996199 0.598600
vt 0.995394 0.603263
vt 0.978492 0.689697
vt 0.976640 0.690191
vt 0.976216 0.687073
vt 0.978096 0.686782
vt 0.979538 0.695525
vt 0.977656 0.695415
vt 0.977785 0.683312
vt 0.975740 0.683435
vt 0.980433 0.699540
vt 0.978552 0.699650
vt 0.981612 0.703526
vt 0.979422 0.703830
vt 0.982934 0.707852
vt 0.984855 0.713590
vt 0.982962 0.715625
vt 0.980776 0.707904
vt 0.987185 0.720035
vt 0.986388 0.722290
vt 0.993502 0.725717
vt 0.993410 0.726502
vt 0.989659 0.727023
vt 0.990080 0.724930
vt 0.810905 0.504019
vt 0.803620 0.503983
vt 0.796702 0.503694
vt 0.790120 0.503661
vt 0.783915 0.504758
vt 0.776161 0.504602
vt 0.767720 0.742884
vt 0.775031 0.743304
vt 0.784356 0.744050
vt 0.792781 0.744611
vt 0.801081 0.745228
vt 0.809860 0.745899
vt 0.816348 0.746223
vt 0.990892 0.731970
vt 0.988395 0.731104
vt 0.989547 0.728992
vt 0.994001 0.728568
vt 0.990550 0.723821
vt 0.994539 0.725351
vt 0.993887 0.632284
vt 0.972845 0.665087
vt 0.971668 0.669534
vt 0.973639 0.660596
vt 0.970986 0.673554
vt 0.974265 0.656927
vt 0.976436 0.649863
vt 0.975234 0.654283
vt 0.977543 0.643373
vt 0.977903 0.633995
vt 0.981404 0.633876
vt 0.971241 0.678602
vt 0.966865 0.662018
vt 0.965481 0.667220
vt 0.963386 0.666520
vt 0.964734 0.661054
vt 0.967951 0.657668
vt 0.965911 0.656537
vt 0.964355 0.673165
vt 0.961984 0.672734
vt 0.968792 0.653239
vt 0.966713 0.652120
vt 0.971811 0.641847
vt 0.971948 0.647760
vt 0.969211 0.645324
vt 0.968371 0.638529
vt 0.972138 0.631899
vt 0.968062 0.630275
vt 0.964147 0.679053
vt 0.961424 0.679119
vt 0.968418 0.668336
vt 0.969796 0.663686
vt 0.971262 0.659362
vt 0.967643 0.673615
vt 0.972290 0.656442
vt 0.967764 0.678838
vt 0.972900 0.653592
vt 0.973934 0.649424
vt 0.974743 0.644089
vt 0.975026 0.633494
vt 0.975685 0.620543
vt 0.976655 0.625715
vt 0.971116 0.616032
vt 0.972438 0.625564
vt 0.968554 0.623410
vt 0.968525 0.629195
vt 0.965440 0.628527
vt 0.971746 0.630271
vt 0.975399 0.624565
vt 0.974779 0.631045
vt 0.977759 0.631523
vt 0.969071 0.650221
vt 0.966860 0.648696
vt 0.966298 0.643803
vt 0.965484 0.635861
vt 0.965777 0.629274
vt 0.963963 0.635067
vt 0.964468 0.643539
vt 0.965328 0.647304
vt 0.963785 0.654844
vt 0.964378 0.650324
vt 0.960839 0.661484
vt 0.959727 0.666815
vt 0.957665 0.672459
vt 0.956704 0.679146
vt 0.972375 0.691809
vt 0.971773 0.688403
vt 0.973664 0.696353
vt 0.971506 0.683915
vt 0.974993 0.700636
vt 0.976102 0.704276
vt 0.979543 0.714594
vt 0.977438 0.708078
vt 0.963355 0.691063
vt 0.965561 0.690313
vt 0.967102 0.695032
vt 0.965172 0.695985
vt 0.968801 0.699800
vt 0.966823 0.700995
vt 0.961908 0.685283
vt 0.964438 0.684795
vt 0.969786 0.704967
vt 0.967432 0.706683
vt 0.970323 0.713450
vt 0.973464 0.710729
vt 0.974231 0.717790
vt 0.970088 0.720438
vt 0.975221 0.725714
vt 0.970889 0.726605
vt 0.968347 0.689174
vt 0.969786 0.693278
vt 0.971664 0.697206
vt 0.967672 0.684114
vt 0.973324 0.701625
vt 0.974425 0.704779
vt 0.977003 0.715598
vt 0.975610 0.709136
vt 0.978418 0.726058
vt 0.980784 0.725342
vt 0.970812 0.737336
vt 0.975852 0.733756
vt 0.978900 0.733163
vt 0.980730 0.728075
vt 0.982876 0.728058
vt 0.964772 0.731503
vt 0.967123 0.726834
vt 0.971576 0.727336
vt 0.970147 0.733074
vt 0.973520 0.734343
vt 0.978481 0.727841
vt 0.970026 0.708094
vt 0.967540 0.710055
vt 0.967368 0.715393
vt 0.966939 0.721725
vt 0.967373 0.726059
vt 0.983034 0.725481
vt 0.975239 0.727638
vt 0.966075 0.722151
vt 0.966021 0.715640
vt 0.966053 0.711705
vt 0.965386 0.708358
vt 0.964497 0.702197
vt 0.960876 0.696145
vt 0.959558 0.691215
vt 0.957618 0.685750
vt 0.986164 0.728630
vt 0.986130 0.726574
vt 0.972033 0.703045
vt 0.972477 0.705774
vt 0.970499 0.698420
vt 0.968877 0.693892
vt 0.967606 0.689532
vt 0.966333 0.684431
vt 0.966033 0.678979
vt 0.966424 0.673533
vt 0.967371 0.667901
vt 0.968608 0.662965
vt 0.969692 0.658893
vt 0.970524 0.654947
vt 0.971233 0.652070
vt 0.962090 0.738063
vt 0.927694 0.742826
vt 0.938568 0.741161
vt 0.934325 0.741396
vt 0.948154 0.741030
vt 0.774140 0.654126
vt 0.940455 0.624771
vt 0.944262 0.623294
vt 0.866090 0.573983
vt 0.856023 0.581926
vt 0.891510 0.619816
vt 0.883823 0.619512
vt 0.895918 0.619977
vt 0.856678 0.604230
vt 0.875460 0.670815
vt 0.876111 0.665995
vt 0.766975 0.569645
vt 0.768356 0.573089
vt 0.958425 0.612222
vt 0.885849 0.535273
vt 0.885080 0.542280
vt 0.884233 0.549459
vt 0.883291 0.557615
vt 0.883162 0.566839
vt 0.882904 0.570579
vt 0.883078 0.576274
vt 0.948205 0.697575
vt 0.948790 0.691772
vt 0.948223 0.688169
vt 0.948621 0.679370
vt 0.948306 0.670655
vt 0.947703 0.663566
vt 0.946903 0.656662
vt 0.946178 0.650185
vt 0.944227 0.642694
vt 0.806414 0.648425
vt 0.985309 0.730382
vt 0.842115 0.742230
vt 0.850827 0.741175
vt 0.860013 0.739923
vt 0.860883 0.507667
vt 0.867669 0.739082
vt 0.852709 0.507643
vt 0.846375 0.506818
vt 0.839801 0.506691
vt 0.832035 0.506665
vt 0.825045 0.506642
vt 0.817916 0.506774
vt 0.810973 0.506905
vt 0.803803 0.507155
vt 0.796570 0.507521
vt 0.789883 0.507523
vt 0.783329 0.507597
vt 0.775502 0.507170
vt 0.767515 0.740133
vt 0.775460 0.740488
vt 0.784531 0.741154
vt 0.792999 0.741688
vt 0.801246 0.742401
vt 0.809960 0.742743
vt 0.816848 0.743036
vt 0.824057 0.743334
vt 0.833535 0.742906
vn -0.241808 0.888632 0.389694
vn -0.208590 0.913720 -0.348720
vn -0.242452 0.916057 -0.319463
vn -0.270465 0.861107 0.430515
vn -0.157978 0.539258 -0.827190
vn -0.164634 0.575996 -0.800702
vn -0.010534 -0.412343 -0.910968
vn 0.017515 0.614707 -0.788561
vn -0.000471 0.628765 -0.777595
vn 0.011377 -0.466402 -0.884500
vn 0.078698 0.949239 -0.304552
vn -0.047097 0.949765 -0.309399
vn -0.014253 -0.850685 -0.525482
vn -0.012265 -0.839049 -0.543917
vn 0.023591 0.934847 0.354267
vn -0.032464 0.932984 0.358451
vn -0.069782 -0.480752 -0.874075
vn -0.102906 -0.922887 -0.371066
vn -0.085779 0.621425 -0.778764
vn -0.156018 0.942806 -0.294578
vn -0.141181 0.908509 0.393293
vn -0.043179 0.628895 -0.776290
vn -0.131901 0.949852 -0.283518
vn -0.154747 0.886614 0.435854
vn -0.153416 -0.949578 0.273432
vn -0.140668 -0.907937 -0.394794
vn -0.042405 -0.918938 -0.392115
vn -0.088087 -0.945857 0.312402
vn -0.053653 0.943395 -0.327303
vn -0.053625 0.931787 0.359023
vn -0.119218 0.605062 -0.787202
vn -0.053734 -0.358138 -0.932121
vn -0.079110 -0.342328 -0.936244
vn -0.157471 0.604182 -0.781132
vn -0.034864 -0.826951 -0.561191
vn -0.169340 0.913240 -0.370561
vn -0.119554 0.950356 0.287280
vn -0.030690 -0.810509 -0.584922
vn -0.049787 -0.373226 -0.926404
vn -0.074240 0.578994 -0.811945
vn -0.093525 0.908835 -0.406538
vn -0.111080 0.970276 0.215002
vn -0.048417 -0.814110 -0.578688
vn -0.124213 -0.947911 0.293319
vn -0.087810 -0.921860 0.377443
vn -0.061218 -0.984607 -0.163715
vn -0.049698 -0.993082 -0.106390
vn -0.113722 -0.892055 0.437384
vn -0.003853 -0.995756 -0.091950
vn -0.054176 -0.876771 0.477847
vn 0.000120 -0.995461 -0.095175
vn -0.009216 -0.864533 0.502491
vn -0.041327 -0.993970 -0.101566
vn -0.014353 -0.867453 0.497311
vn -0.052611 -0.424530 -0.903884
vn -0.043822 0.543074 -0.838540
vn -0.066163 0.914539 -0.399049
vn -0.107010 0.971536 0.211347
vn -0.086146 -0.989354 -0.117292
vn -0.035308 -0.876246 0.480569
vn -0.085216 -0.840628 -0.534867
vn -0.150306 0.525002 -0.837724
vn -0.143400 -0.465110 -0.873561
vn -0.165433 0.908167 -0.384532
vn -0.160583 0.963791 0.212886
vn -0.149826 -0.982351 -0.111974
vn -0.131034 -0.867178 0.480450
vn -0.142162 -0.852911 -0.502327
vn -0.300581 0.514661 -0.802979
vn -0.304063 -0.459487 -0.834516
vn -0.299038 0.868789 -0.394692
vn -0.270950 0.943678 0.189891
vn -0.329435 -0.942143 -0.061954
vn -0.352708 -0.808784 0.470602
vn -0.280250 -0.829170 -0.483670
vn -0.262574 -0.472644 -0.841227
vn -0.213063 0.562950 -0.798556
vn -0.205347 0.892132 -0.402408
vn -0.199382 0.960382 0.194713
vn -0.270748 0.624477 0.732614
vn -0.169530 0.635681 0.753107
vn -0.297176 -0.954805 -0.005853
vn -0.261555 -0.857879 -0.442304
vn -0.116961 -0.511576 -0.851240
vn -0.077370 0.607316 -0.790684
vn -0.064204 0.927376 -0.368580
vn -0.016473 0.978591 0.205156
vn 0.060440 0.650931 0.756728
vn -0.071802 -0.997419 -0.000202
vn -0.100595 -0.912879 -0.395642
vn -0.992472 0.063287 0.104850
vn -0.952332 0.071213 -0.296636
vn -0.956713 0.056210 -0.285553
vn -0.989955 0.086215 0.112058
vn -0.703486 0.057572 -0.708373
vn -0.738428 0.038696 -0.673221
vn -0.406486 -0.182487 -0.895247
vn -0.243388 -0.163737 -0.956008
vn -0.308468 -0.141889 -0.940593
vn -0.436860 -0.167866 -0.883728
vn -0.553682 -0.215863 -0.804263
vn -0.619832 -0.169244 -0.766267
vn -0.879372 -0.164555 -0.446795
vn -0.813231 -0.247432 -0.526719
vn -0.991716 -0.123002 0.037002
vn -0.977429 -0.211262 -0.000867
vn -0.943061 0.108234 0.314518
vn -0.938699 0.080078 0.335309
vn -0.895874 -0.077696 0.437462
vn -0.858090 -0.088934 0.505740
vn -0.170509 0.889050 -0.424872
vn -0.130314 0.956016 -0.262778
vn -0.139462 0.687042 -0.713108
vn -0.225152 0.584103 -0.779827
vn -0.152977 0.932812 0.326283
vn -0.140366 0.950157 0.278385
vn -0.221537 0.939993 0.259489
vn -0.502165 0.841587 0.198902
vn -0.444158 0.859224 -0.253886
vn -0.176080 0.966194 -0.188322
vn -0.094506 0.744682 -0.660695
vn -0.158577 0.731713 -0.662910
vn -0.379250 0.739225 -0.556521
vn -0.095559 -0.127725 -0.987195
vn -0.183383 -0.082736 -0.979554
vn -0.482839 0.761900 0.431711
vn -0.225267 0.814564 0.534547
vn -0.119964 0.074671 -0.989966
vn -0.234469 -0.021877 -0.971877
vn -0.265232 -0.111906 -0.957668
vn -0.787741 0.115476 0.605086
vn -0.770852 0.122274 0.625169
vn 0.037679 0.028395 0.998886
vn 0.026572 0.080023 0.996439
vn -0.144007 0.097770 0.984735
vn -0.117101 0.042553 0.992208
vn -0.312877 0.064934 0.947572
vn -0.321652 0.121663 0.939009
vn -0.546692 0.131951 0.826872
vn -0.536112 0.096601 0.838601
vn -0.325239 -0.183079 -0.927740
vn -0.179800 -0.112581 -0.977240
vn -0.020282 -0.062137 -0.997862
vn -0.505777 0.059183 -0.860632
vn -0.558623 0.051394 -0.827828
vn -0.369596 0.052614 -0.927702
vn -0.349021 0.047489 -0.935911
vn -0.150532 0.000868 -0.988605
vn -0.085947 0.011155 -0.996237
vn -0.368896 -0.009997 -0.929417
vn -0.211364 -0.019799 -0.977207
vn -0.463200 -0.028507 -0.885795
vn -0.669695 -0.044745 -0.741287
vn -0.929572 -0.043703 -0.366040
vn -0.997795 -0.028783 0.059812
vn -0.920210 0.007767 0.391347
vn -0.748257 0.069241 0.659785
vn -0.545564 0.105151 0.831446
vn 0.031275 0.127821 0.991304
vn -0.162980 0.122613 0.978981
vn -0.312248 0.116364 0.942847
vn 0.061757 -0.016024 0.997963
vn -0.101480 -0.007532 0.994809
vn -0.489087 0.077434 0.868791
vn -0.265089 0.020177 0.964013
vn -0.765288 0.113509 0.633601
vn -0.938472 0.118775 0.324287
vn -0.993303 0.097212 0.062437
vn -0.946846 0.062751 -0.315508
vn -0.766424 0.061301 -0.639403
vn -0.593953 0.074964 -0.800999
vn -0.315230 0.054690 -0.947438
vn -0.064068 0.026701 -0.997588
vn 0.080904 0.023756 0.996439
vn -0.096524 0.020392 0.995122
vn -0.219458 0.043379 0.974657
vn -0.438520 0.082487 0.894928
vn -0.736249 0.104161 0.668647
vn -0.928960 0.139128 0.343041
vn -0.984534 0.171321 0.036623
vn -0.924261 0.183481 -0.334778
vn -0.766433 0.183889 -0.615440
vn -0.585068 0.168958 -0.793189
vn -0.272645 0.134615 -0.952651
vn -0.065569 0.115078 -0.991190
vn -0.457169 -0.256980 -0.851444
vn -0.693733 -0.320081 -0.645200
vn -0.211595 0.522494 -0.825971
vn -0.011393 0.136825 -0.990530
vn -0.047500 0.604030 -0.795545
vn 0.055264 0.146814 -0.987619
vn -0.160978 0.646601 -0.745650
vn -0.165730 0.530731 0.831179
vn -0.105195 0.482375 0.869625
vn -0.133165 0.479488 0.867386
vn -0.205395 0.544222 0.813410
vn -0.219299 0.606186 0.764491
vn -0.773734 0.214118 0.596229
vn -0.090380 -0.482946 0.870973
vn -0.163096 -0.458683 0.873504
vn -0.167777 -0.432245 0.886011
vn -0.092821 0.556485 0.825656
vn -0.149206 0.503515 0.851005
vn -0.051900 0.497835 0.865717
vn -0.030803 -0.402964 0.914697
vn -0.058654 0.563138 0.824278
vn 0.014613 -0.406817 0.913393
vn -0.070783 0.633931 0.770143
vn 0.017572 -0.432639 0.901396
vn -0.130671 0.656942 0.742531
vn -0.281105 -0.853395 0.438972
vn -0.336716 -0.437265 0.833920
vn -0.222049 -0.518398 0.825807
vn -0.024940 -0.926754 0.374839
vn 0.050737 -0.612284 0.789008
vn -0.083949 -0.443602 0.892284
vn -0.252037 0.472931 0.844283
vn -0.322531 0.511348 0.796553
vn -0.037051 0.904714 0.424404
vn -0.037553 0.552598 0.832602
vn -0.081449 0.520033 0.850254
vn 0.006199 0.573685 0.819053
vn -0.102292 0.552581 0.827159
vn -0.144979 -0.518557 0.842662
vn -0.081582 -0.032432 -0.996139
vn -0.218023 -0.123407 -0.968110
vn -0.349401 -0.211957 -0.912685
vn -0.465863 -0.361747 -0.807534
vn -0.106975 -0.550112 0.828211
vn -0.089330 -0.496493 0.863432
vn 0.036433 0.024720 -0.999030
vn -0.283322 -0.198475 -0.938262
vn -0.027363 -0.468491 -0.883045
vn -0.088637 -0.480316 -0.872605
vn -0.230866 0.648376 0.725472
vn -0.185482 0.756169 0.627538
vn -0.204350 -0.946343 0.250350
vn -0.180159 -0.549381 0.815919
vn -0.183612 -0.903842 -0.386467
vn -0.123494 -0.477445 -0.869940
vn -0.011655 0.968302 -0.249510
vn -0.094199 0.960183 -0.263011
vn -0.120517 0.901749 0.415119
vn 0.013180 0.650414 -0.759466
vn -0.073892 0.630039 -0.773040
vn -0.145149 0.543025 0.827076
vn -0.217028 -0.212423 0.952773
vn -0.382641 0.310537 0.870145
vn -0.024456 0.438496 0.898401
vn 0.003422 0.417166 0.908824
vn -0.358874 0.124618 0.925029
vn 0.013944 0.472214 0.881374
vn -0.024477 0.468638 0.883051
vn -0.326150 0.479079 0.814929
vn -0.563342 0.195233 0.802826
vn -0.678288 -0.139373 0.721457
vn -0.370771 -0.367662 0.852850
vn -0.409376 -0.860890 0.302126
vn -0.766064 -0.445225 0.463596
vn -0.145981 0.444850 0.883628
vn -0.305392 0.404627 0.861982
vn -0.663730 -0.036104 0.747101
vn -0.599644 0.105394 0.793296
vn -0.438877 0.026451 0.898158
vn -0.661457 -0.013003 0.749871
vn -0.725902 -0.040989 0.686576
vn -0.522227 -0.004624 0.852794
vn -0.753120 -0.127707 0.645369
vn -0.750476 -0.200154 0.629860
vn -0.882284 -0.212143 0.420203
vn -0.035218 0.451385 0.891634
vn -0.063204 0.439962 0.895789
vn -0.231135 0.372295 0.898873
vn -0.107505 0.364704 0.924897
vn 0.019007 0.433929 0.900747
vn 0.015813 0.409871 0.912006
vn 0.004949 0.323423 0.946242
vn -0.047072 0.434715 0.899337
vn -0.032368 0.473603 0.880143
vn 0.022118 0.198437 0.979864
vn -0.057438 0.193813 0.979356
vn -0.075779 0.093868 0.992697
vn 0.020615 0.097920 0.994981
vn -0.089618 0.069083 0.993577
vn 0.024756 0.067750 0.997395
vn -0.055004 0.321172 0.945422
vn -0.340977 0.344038 0.874856
vn -0.527674 0.172447 0.831759
vn -0.702918 -0.016418 0.711081
vn -0.544087 0.020429 0.838780
vn -0.339860 0.059044 0.938621
vn -0.223267 0.171936 0.959474
vn -0.382213 0.180069 0.906360
vn -0.068691 0.169288 0.983170
vn -0.149843 0.080599 0.985419
vn -0.207624 0.054703 0.976678
vn 0.007361 0.314791 0.949132
vn -0.277030 0.040763 0.959996
vn -0.131645 0.091485 0.987066
vn 0.033866 0.116393 0.992626
vn -0.153211 -0.333834 -0.930097
vn -0.596892 -0.549621 -0.584497
vn -0.140135 -0.877050 -0.459505
vn 0.038927 -0.435314 -0.899437
vn -0.916759 -0.271609 -0.292883
vn -0.971120 -0.215229 0.102969
vn -0.797481 0.423218 0.430013
vn -0.876495 -0.303550 0.373649
vn -0.834471 -0.520613 0.180610
vn -0.775446 -0.631400 0.004246
vn -0.774880 -0.599448 -0.200556
vn -0.802191 -0.343345 -0.488471
vn -0.770008 0.397262 -0.499271
vn -0.771283 0.603419 -0.202502
vn -0.760982 0.632935 0.142478
vn -0.820421 -0.567230 0.071826
vn -0.050860 0.090973 -0.994554
vn -0.053409 0.033354 -0.998016
vn -0.014992 0.007135 -0.999862
vn -0.000054 -0.042364 -0.999102
vn -0.025364 -0.053944 -0.998222
vn -0.041674 -0.055859 -0.997569
vn -0.023747 -0.082417 -0.996315
vn -0.000129 -0.030780 -0.999526
vn 0.014166 0.048430 -0.998726
vn 0.028314 0.145217 -0.988995
vn 0.006221 0.544923 -0.838463
vn -0.019722 0.591336 -0.806184
vn -0.722025 -0.681992 -0.116474
vn -0.680751 -0.453654 -0.575132
vn -0.716695 -0.641440 0.273685
vn -0.731980 -0.409708 0.544375
vn -0.725099 0.314684 0.612541
vn -0.720183 0.600176 0.348029
vn -0.679019 0.730258 0.075215
vn -0.528628 0.581624 -0.618277
vn -0.591317 0.767067 -0.248902
vn -0.363748 -0.601189 -0.711519
vn -0.312317 -0.931676 -0.185573
vn -0.225772 -0.898726 0.375924
vn -0.185943 -0.558331 0.808512
vn -0.170066 0.466725 0.867897
vn -0.142096 0.880094 0.453038
vn -0.114823 0.988960 0.093669
vn -0.217201 0.662700 -0.716695
vn -0.137950 0.950650 -0.277911
vn -0.792801 -0.600529 -0.104074
vn -0.999760 -0.019242 0.010465
vn -0.819649 -0.389427 -0.420146
vn -0.737754 -0.618676 0.270108
vn -0.714390 -0.434690 0.548354
vn -0.740422 0.305932 0.598482
vn -0.706860 0.635684 0.310250
vn -0.697303 0.687613 -0.202379
vn -0.671150 0.740349 0.037958
vn -0.761759 0.432097 -0.482716
vn 0.578852 -0.205310 0.789163
vn 0.600530 -0.076729 0.795913
vn 0.873985 0.002468 0.485947
vn 0.876852 -0.111907 0.467555
vn 0.978040 0.000696 0.208415
vn 0.968245 0.107323 0.225793
vn 0.220779 -0.198649 0.954880
vn 0.243300 -0.067560 0.967595
vn 0.985579 0.166435 0.030567
vn 0.996891 0.077943 0.011582
vn 0.909597 0.273462 -0.312812
vn 0.885589 0.121113 -0.448401
vn 0.919189 0.393737 -0.007979
vn 0.898447 0.186347 -0.397576
vn 0.931791 0.347667 0.104370
vn 0.882560 0.149627 -0.445757
vn 0.045121 -0.181724 0.982314
vn 0.039330 -0.058361 0.997521
vn 0.366773 0.449302 0.814620
vn -0.252432 0.560885 0.788471
vn -0.347974 0.935745 -0.057414
vn -0.018817 -0.948344 -0.316687
vn -0.078289 -0.958108 -0.275501
vn -0.138230 -0.958283 -0.250173
vn -0.179697 -0.956190 -0.231107
vn -0.178980 -0.970578 -0.161070
vn -0.162798 -0.982395 -0.091634
vn -0.123497 -0.991190 -0.047868
vn -0.064045 -0.997712 -0.021647
vn -0.031311 -0.997281 -0.066703
vn -0.038711 -0.995305 -0.088711
vn -0.050077 -0.998623 -0.015622
vn -0.036385 -0.998898 0.029654
vn 0.331471 0.889465 0.314609
vn 0.239781 0.911133 0.335173
vn 0.294642 0.892219 -0.342245
vn 0.322395 0.872822 -0.366392
vn 0.237166 0.550236 -0.800620
vn 0.214863 0.490119 -0.844758
vn 0.103535 0.581655 -0.806819
vn 0.037984 0.599803 -0.799246
vn -0.035875 -0.485453 -0.873526
vn 0.042423 -0.505222 -0.861946
vn 0.171240 0.918555 -0.356277
vn 0.063708 0.920376 -0.385810
vn 0.005184 -0.862605 -0.505852
vn 0.043408 -0.877129 -0.478289
vn 0.073663 0.952546 0.295346
vn 0.144092 0.945761 0.291160
vn 0.112818 -0.950391 -0.289878
vn 0.137860 -0.537664 -0.831812
vn 0.024340 0.614359 -0.788651
vn 0.022754 0.940106 -0.340122
vn 0.025294 0.950767 0.308872
vn 0.137511 0.925938 -0.351753
vn 0.090647 0.615510 -0.782899
vn 0.156514 0.937531 0.310708
vn 0.093651 -0.968134 -0.232262
vn 0.166550 -0.956593 -0.239149
vn 0.132708 -0.906005 0.401925
vn 0.081022 -0.884602 0.459255
vn -0.058057 0.955973 0.287653
vn -0.045219 0.909925 -0.412302
vn -0.001684 0.622105 -0.782932
vn 0.044191 -0.471164 -0.880938
vn 0.105720 -0.438733 -0.892377
vn 0.084995 0.605989 -0.790919
vn 0.016977 -0.846044 -0.532842
vn 0.078953 0.896233 -0.436501
vn 0.060224 0.969383 0.238056
vn 0.066725 -0.810951 -0.581297
vn 0.044476 -0.455608 -0.889069
vn 0.007307 0.566852 -0.823787
vn 0.024051 0.893633 -0.448154
vn 0.044974 0.980144 0.193121
vn 0.065303 -0.812373 -0.579470
vn 0.040684 -0.992513 -0.115166
vn 0.042108 -0.898035 0.437905
vn 0.141321 -0.917696 0.371298
vn 0.029687 -0.997021 -0.071190
vn 0.072920 -0.878421 0.472291
vn -0.010652 -0.996209 -0.086341
vn 0.029177 -0.878753 0.476385
vn 0.022214 -0.994528 -0.102084
vn -0.009751 -0.875689 0.482778
vn 0.059766 -0.994272 -0.088609
vn 0.006487 -0.876763 0.480879
vn 0.083684 -0.491177 -0.867031
vn 0.047045 0.533339 -0.844592
vn 0.077748 0.904276 -0.419809
vn 0.110657 0.979588 0.167818
vn 0.091029 -0.993565 -0.067393
vn 0.071019 -0.874135 0.480463
vn 0.090542 -0.843683 -0.529151
vn 0.149929 0.509751 -0.847157
vn 0.173576 -0.508392 -0.843451
vn 0.145172 0.910452 -0.387300
vn 0.164504 0.973036 0.161674
vn 0.143881 -0.988418 -0.048255
vn 0.168344 -0.845489 0.506762
vn 0.156435 -0.847478 -0.507257
vn 0.322828 0.473392 -0.819562
vn 0.299301 -0.495182 -0.815606
vn 0.303198 0.879259 -0.367390
vn 0.275265 0.946183 0.170197
vn 0.345978 -0.937864 -0.026634
vn 0.338321 -0.796905 0.500481
vn 0.309998 -0.815093 -0.489413
vn 0.247187 -0.478490 -0.842583
vn 0.284644 0.519807 -0.805468
vn 0.271362 0.889658 -0.367248
vn 0.254982 0.949053 0.185154
vn 0.277075 0.629246 0.726140
vn 0.250859 0.628243 0.736465
vn 0.301830 -0.953146 -0.020274
vn 0.282595 -0.860704 0.423473
vn 0.262456 -0.843583 -0.468492
vn 0.100032 -0.454190 -0.885271
vn 0.123763 0.580957 -0.804470
vn 0.106141 0.931464 -0.348007
vn 0.070281 0.973009 0.219804
vn 0.014207 0.648840 0.760792
vn 0.087359 -0.882785 -0.461583
vn 0.070609 -0.997025 -0.030902
vn 0.951874 0.037650 -0.304168
vn 0.959364 0.012762 -0.281884
vn 0.996153 0.045981 0.074598
vn 0.996004 0.085602 0.025473
vn 0.738632 -0.005102 -0.674089
vn 0.759263 -0.028139 -0.650175
vn 0.174670 -0.122018 -0.977037
vn 0.120819 -0.139105 -0.982880
vn 0.381927 -0.149924 -0.911951
vn 0.393164 -0.126378 -0.910742
vn 0.672202 -0.177284 -0.718829
vn 0.741251 -0.116795 -0.660989
vn 0.888727 -0.236716 -0.392593
vn 0.940511 -0.113932 -0.320090
vn 0.995367 -0.078838 0.055036
vn 0.979791 -0.179902 0.087432
vn 0.935528 0.132568 0.327433
vn 0.927543 0.084022 0.364149
vn 0.917209 -0.053539 0.394793
vn 0.881540 -0.051679 0.469272
vn 0.267812 0.526927 -0.806613
vn 0.062942 0.644359 -0.762129
vn 0.119367 0.944933 -0.304718
vn 0.241239 0.864055 -0.441829
vn 0.173721 0.957959 0.228331
vn 0.220061 0.940723 0.258097
vn 0.413937 0.867168 -0.276905
vn 0.406478 0.894846 0.184461
vn 0.176864 0.954653 0.239494
vn 0.130775 0.960206 -0.246782
vn 0.029783 0.702361 -0.711198
vn 0.167028 0.690713 -0.703575
vn 0.399638 0.709379 -0.580578
vn 0.105300 -0.082506 -0.991012
vn 0.042995 -0.093428 -0.994697
vn 0.462662 0.801669 0.378512
vn 0.166898 0.826389 0.537798
vn 0.066715 0.090522 -0.993657
vn 0.183013 -0.017920 -0.982947
vn 0.252854 -0.109780 -0.961256
vn 0.764568 0.117824 0.633683
vn 0.784717 0.098221 0.612023
vn 0.173867 0.006936 0.984745
vn 0.167337 0.091890 0.981608
vn 0.366831 0.005634 0.930271
vn 0.574843 0.053376 0.816521
vn 0.593195 0.096401 0.799267
vn 0.348635 0.104217 0.931446
vn 0.065280 -0.089514 -0.993844
vn 0.315774 -0.144335 -0.937792
vn -0.006125 -0.046164 -0.998915
vn 0.497127 -0.009710 -0.867623
vn 0.436838 -0.041797 -0.898569
vn 0.280182 0.032447 -0.959398
vn 0.230408 -0.016631 -0.972952
vn 0.033264 0.038107 -0.998720
vn 0.090589 -0.028049 -0.995493
vn 0.204412 -0.068399 -0.976492
vn 0.130997 -0.066834 -0.989127
vn 0.399916 -0.085378 -0.912566
vn 0.764268 -0.075133 -0.640507
vn 0.956644 -0.041843 -0.288239
vn 0.996745 -0.035257 0.072506
vn 0.923557 -0.038447 0.381528
vn 0.776431 -0.009124 0.630137
vn 0.550507 0.051272 0.833255
vn 0.186781 0.130053 0.973755
vn 0.300159 0.108774 0.947667
vn 0.209383 -0.036552 0.977150
vn 0.324949 -0.010368 0.945675
vn 0.495241 0.078277 0.865222
vn 0.747982 0.124764 0.651887
vn 0.948587 0.111286 0.296308
vn 0.995940 0.084909 -0.029914
vn 0.930690 0.040208 -0.363592
vn 0.722655 0.015378 -0.691038
vn 0.537742 0.024940 -0.842740
vn 0.308905 0.034981 -0.950449
vn 0.010801 0.042050 -0.999057
vn 0.226430 0.029271 0.973588
vn 0.419999 0.132740 0.897764
vn 0.258498 0.065795 0.963768
vn 0.742693 0.160869 0.650022
vn 0.946378 0.155021 0.283439
vn 0.987715 0.143536 -0.061776
vn 0.904483 0.102551 -0.413996
vn 0.720175 0.091325 -0.687756
vn 0.533001 0.092933 -0.840995
vn 0.283619 0.054438 -0.957390
vn 0.026840 0.043943 -0.998673
vn 0.529119 -0.251452 -0.810435
vn 0.760243 -0.359944 -0.540805
vn 0.277176 0.460747 -0.843140
vn -0.013945 0.153026 -0.988124
vn -0.024662 0.157476 -0.987215
vn 0.060918 0.568445 -0.820463
vn 0.152627 0.625642 -0.765034
vn 0.322857 0.332467 0.886131
vn 0.153721 0.504481 0.849628
vn 0.186753 0.549907 0.814080
vn 0.324670 0.303662 0.895756
vn 0.862773 -0.010063 0.505491
vn 0.199940 0.601899 0.773138
vn 0.055365 -0.431799 0.900269
vn 0.034070 -0.421872 0.906015
vn 0.096203 -0.453042 0.886283
vn 0.031401 0.545322 0.837638
vn 0.097302 0.550728 0.828994
vn 0.007529 0.547978 0.836459
vn -0.038303 -0.454275 0.890037
vn -0.014545 0.613108 0.789865
vn -0.054542 -0.469411 0.881294
vn 0.080742 0.663349 0.743941
vn 0.059338 -0.471376 0.879934
vn 0.144341 0.665338 0.732456
vn 0.229751 -0.552925 0.800930
vn 0.289110 -0.481502 0.827388
vn 0.046867 -0.940994 0.335161
vn 0.007589 -0.642042 0.766632
vn 0.158580 -0.461583 0.872808
vn 0.359787 0.591066 0.721938
vn 0.222896 0.578585 0.784574
vn 0.135002 0.591476 0.794941
vn 0.095892 0.610646 0.786076
vn 0.092784 0.949313 0.300327
vn 0.088528 0.536263 0.839396
vn 0.061149 0.574454 0.816250
vn 0.191470 -0.457054 0.868586
vn 0.017041 0.010928 -0.999795
vn 0.196204 -0.067554 -0.978233
vn 0.527392 -0.380862 -0.759475
vn 0.347030 -0.205064 -0.915160
vn 0.086733 -0.494906 0.864607
vn 0.094675 -0.462857 0.881363
vn -0.032994 0.044251 -0.998475
vn 0.334996 -0.189549 -0.922957
vn 0.070139 -0.519283 -0.851719
vn 0.104238 -0.538475 -0.836169
vn 0.270052 0.694111 0.667294
vn 0.188813 0.776819 0.600751
vn 0.237213 -0.905971 0.350638
vn 0.189990 -0.489348 0.851142
vn 0.237182 -0.936387 -0.258696
vn 0.156618 -0.540744 -0.826478
vn 0.090110 0.947826 0.305788
vn 0.052483 0.945144 -0.322411
vn 0.046888 0.941325 -0.334230
vn 0.035162 0.637593 -0.769570
vn -0.008966 0.635920 -0.771703
vn 0.126558 0.609006 0.783004
vn 0.054683 -0.954981 0.291583
vn 0.764182 -0.039950 0.643762
vn 0.237440 0.498659 0.833644
vn 0.443064 0.260812 0.857713
vn 0.658420 -0.112763 0.744155
vn 0.381400 -0.359260 0.851743
vn 0.789829 -0.373623 0.486391
vn 0.448683 -0.762917 0.465448
vn 0.255817 0.482656 0.837616
vn 0.137025 0.494188 0.858489
vn 0.580463 0.087007 0.809625
vn 0.751343 -0.115157 0.649787
vn 0.474561 -0.023306 0.879914
vn 0.737763 -0.048001 0.673351
vn 0.665333 0.015555 0.746384
vn 0.392317 0.037575 0.919062
vn 0.524159 0.234631 0.818660
vn 0.758982 -0.038327 0.649983
vn 0.893256 -0.177856 0.412869
vn 0.242325 0.359095 0.901293
vn 0.099745 0.455112 0.884830
vn 0.063293 0.463264 0.883957
vn 0.186537 0.425901 0.885332
vn 0.092898 0.382610 0.919227
vn 0.465679 0.192430 0.863779
vn 0.146831 0.400363 0.904517
vn 0.119152 0.409708 0.904401
vn 0.043418 0.440415 0.896744
vn 0.051062 0.332732 0.941638
vn 0.086280 0.457968 0.884772
vn 0.099391 0.108097 0.989159
vn 0.111202 0.203573 0.972724
vn 0.108224 0.051656 0.992784
vn 0.120785 0.315239 0.941295
vn 0.271873 0.424255 0.863767
vn 0.480038 0.261674 0.837311
vn 0.710569 0.044362 0.702228
vn 0.520740 0.062004 0.851461
vn 0.330043 0.235547 0.914106
vn 0.182334 0.213716 0.959729
vn 0.297756 0.094865 0.949917
vn 0.089102 0.202249 0.975272
vn 0.138906 0.115161 0.983587
vn 0.177850 0.041970 0.983162
vn 0.235329 0.025515 0.971581
vn 0.159132 0.084026 0.983675
vn 0.240190 -0.920446 -0.308364
vn 0.723237 -0.549955 -0.417706
vn 0.207464 -0.348092 -0.914216
vn 0.026646 -0.471685 -0.881364
vn 0.531093 -0.420152 -0.735807
vn 0.957648 -0.271911 -0.094732
vn 0.959638 -0.184824 0.211980
vn 0.792874 -0.434758 0.427008
vn 0.812786 0.394542 0.428620
vn 0.749853 -0.634436 0.187645
vn 0.746492 -0.664986 0.023319
vn 0.852792 -0.223004 -0.472245
vn 0.811828 -0.537435 -0.228253
vn 0.878290 0.272450 -0.392909
vn 0.848236 0.514019 -0.127596
vn 0.803866 0.575188 0.151517
vn 0.846638 -0.465421 0.258046
vn 0.673361 -0.720177 -0.167124
vn 0.674720 -0.441833 -0.591217
vn 0.628112 -0.712167 0.313518
vn 0.595141 -0.452324 0.664237
vn 0.626602 0.368555 0.686686
vn 0.687272 0.619910 0.378641
vn 0.709687 0.675956 -0.198566
vn 0.711302 0.694577 0.107760
vn 0.660392 0.539626 -0.522193
vn 0.341578 -0.581206 -0.738596
vn 0.272168 -0.937386 -0.217330
vn 0.189841 -0.906387 0.377389
vn 0.158574 -0.525110 0.836130
vn 0.148522 0.461890 0.874413
vn 0.126107 0.876674 0.464263
vn 0.080369 0.991787 0.099495
vn 0.087734 0.959947 -0.266091
vn 0.169856 0.691397 -0.702224
vn 0.999317 -0.033936 0.014621
vn 0.768856 -0.627201 -0.124421
vn 0.806245 -0.401552 -0.434425
vn 0.726531 -0.634601 0.263504
vn 0.715224 -0.426059 0.554011
vn 0.735928 0.306193 0.603868
vn 0.702161 0.637312 0.317495
vn 0.653317 0.754646 0.060712
vn 0.746336 0.427033 -0.510516
vn 0.667493 0.720116 -0.189438
vn -0.889132 -0.084183 0.449842
vn -0.873919 0.038976 0.484506
vn -0.572325 -0.083466 0.815768
vn -0.550189 -0.208083 0.808699
vn -0.988113 0.034988 0.149697
vn -0.965644 0.159894 0.204853
vn -0.147386 -0.207561 0.967055
vn -0.176105 -0.091202 0.980137
vn -0.996951 0.062587 -0.046609
vn -0.980052 0.198686 -0.004660
vn -0.941714 0.234761 -0.240961
vn -0.933960 0.323664 -0.151527
vn -0.928045 0.360188 -0.094851
vn -0.904782 0.425157 0.024700
vn -0.917977 0.396603 -0.004831
vn -0.909856 0.412195 0.047511
vn -0.716250 0.370753 0.591209
vn -0.939701 0.340641 -0.030420
vn 0.020172 -0.955176 -0.295349
vn 0.092053 -0.963235 -0.252397
vn 0.152608 -0.965129 -0.212690
vn 0.111752 -0.987923 -0.107332
vn 0.039354 -0.999225 -0.000847
vn 0.013631 -0.999906 0.001596
vn 0.055013 -0.998471 -0.005380
vn 0.107098 -0.994185 0.011195
vn 0.104587 -0.994392 0.015698
vn 0.070897 -0.995778 0.058311
vn 0.082281 -0.990906 0.106470
vn 0.039847 -0.996379 0.075101
vn 0.232353 0.141777 0.962243
vn -0.929048 0.278299 -0.243761
vn -0.033921 0.227653 -0.973151
vn 0.684634 0.497496 0.532704
vn 0.475178 0.465230 0.746838
vn 0.781565 0.546986 0.299938
vn 0.217855 0.484161 0.847424
vn 0.827052 0.539575 0.157622
vn 0.809508 0.586174 0.033118
vn 0.737471 0.635687 0.228118
vn 0.407875 0.444735 0.797401
vn 0.377753 0.370419 0.848583
vn 0.026858 0.452952 0.891130
vn -0.707291 0.698021 -0.111827
vn -0.596081 0.622347 -0.507318
vn -0.504883 0.680172 -0.531469
vn -0.653876 0.737152 -0.170452
vn -0.682400 0.711901 0.165910
vn -0.683562 0.714723 0.148036
vn -0.302048 0.547796 -0.780184
vn -0.260764 0.581046 -0.770965
vn -0.661368 0.688242 0.298186
vn -0.698334 0.645185 0.309946
vn -0.384704 0.678063 0.626285
vn -0.416066 0.734819 0.535659
vn -0.574982 0.659931 0.483618
vn -0.503690 0.621247 0.600291
vn -0.097233 0.283341 0.954077
vn -0.160084 0.265847 0.950631
vn -0.037042 0.513243 -0.857444
vn -0.031909 0.547345 -0.836298
vn -0.148546 0.969101 0.196921
vn -0.170447 0.941163 0.291822
vn -0.100263 0.938627 0.330041
vn -0.051873 0.992061 0.114558
vn 0.031139 0.928772 0.369341
vn -0.010459 0.989888 0.141467
vn 0.220227 0.865449 0.449998
vn 0.188760 0.817048 0.544795
vn 0.131665 0.428663 0.893819
vn -0.914817 -0.306092 0.263471
vn 0.316559 -0.917309 -0.241524
vn -0.512675 -0.732205 -0.448375
vn 0.621689 -0.719357 0.309884
vn -0.355065 -0.922371 0.152186
vn 0.456449 -0.701967 0.546714
vn -0.000251 -0.988586 -0.150656
vn -0.048217 -0.603061 0.796237
vn -0.484295 -0.264171 0.834069
vn -0.920153 0.315787 0.231508
vn -0.915601 0.282943 0.285689
vn -0.668985 0.118591 0.733754
vn -0.672247 0.470813 0.571331
vn -0.520513 0.362514 0.773078
vn -0.682361 0.626817 0.376144
vn -0.211562 0.381072 0.900014
vn -0.658237 0.716358 0.231420
vn -0.700675 0.698065 0.147512
vn -0.687641 0.673328 0.271623
vn 0.533625 0.637382 -0.555867
vn 0.621949 0.554755 -0.552653
vn 0.795039 0.586723 -0.153847
vn 0.701249 0.687578 -0.188378
vn 0.763377 0.634760 0.119734
vn 0.715758 0.691830 0.095191
vn 0.232007 0.572797 -0.786178
vn 0.258342 0.525846 -0.810398
vn 0.685671 0.685854 0.243842
vn 0.740896 0.641544 0.198732
vn 0.582688 0.671318 0.458047
vn 0.554483 0.692521 0.461479
vn 0.538218 0.665931 0.516583
vn 0.561086 0.647023 0.516280
vn 0.226226 0.163942 0.960180
vn 0.297178 0.123217 0.946838
vn -0.030243 0.944464 0.327220
vn 0.084119 0.914338 0.396118
vn 0.196802 0.901459 0.385539
vn -0.039361 0.972414 0.229919
vn 0.211250 0.897628 0.386829
vn 0.073530 0.891347 0.447319
vn 0.025003 0.846526 0.531760
vn 0.114754 0.286485 0.951188
vn -0.149238 0.400734 0.903958
vn 0.486425 -0.814215 -0.316929
vn 0.653406 -0.534695 0.535875
vn 0.788220 -0.183765 0.587315
vn 0.303510 -0.750815 -0.586650
vn 0.247860 -0.959295 0.135344
vn -0.483658 -0.819202 0.308192
vn -0.501705 -0.653003 -0.567344
vn -0.361730 -0.633358 -0.684111
vn -0.174544 -0.912922 0.368928
vn 0.964843 0.234617 0.118459
vn 0.955221 0.199443 0.218578
vn 0.738275 -0.113092 0.664952
vn -0.413111 0.368837 0.832645
vn -0.493322 -0.792954 0.357572
vn 0.698668 -0.126114 0.704243
vn -0.502054 0.367478 0.782881
vn 0.645057 0.702448 0.300779
vn 0.718941 0.666689 0.196596
vn 0.708234 0.705844 -0.013748
vn 0.536004 0.763454 -0.360330
vn 0.213082 0.755258 -0.619824
vn -0.039495 0.729904 -0.682407
vn -0.285416 0.731640 -0.619064
vn -0.579766 0.719597 -0.382167
vn -0.712996 0.699245 -0.051895
vn -0.691955 0.697180 0.187450
vn -0.603612 0.726514 0.328374
vn -0.384244 -0.449233 -0.806565
vn 0.765153 -0.006173 0.643818
vn -0.733071 -0.109357 0.671304
vn -0.171188 -0.089321 0.981181
vn -0.731518 -0.072412 0.677966
vn -0.771276 0.057911 -0.633861
vn -0.098888 0.108404 -0.989176
vn -0.246982 0.117538 -0.961865
vn -0.291374 0.105520 -0.950772
vn -0.129322 0.092911 -0.987240
vn -0.041246 0.099573 -0.994175
vn -0.060809 0.132167 -0.989360
vn -0.109818 0.166627 -0.979885
vn -0.092793 0.153118 -0.983842
vn -0.037883 0.131631 -0.990575
vn 0.001901 0.150456 -0.988615
vn -0.036009 0.164595 -0.985704
vn -0.079199 0.154419 -0.984826
vn -0.021475 0.156528 -0.987440
vn -0.016964 0.170796 -0.985160
vn -0.031787 0.151646 -0.987924
vn -0.069626 0.129137 -0.989179
vn -0.209080 0.164743 -0.963922
vn -0.252315 0.236879 -0.938203
vn -0.166836 0.313771 -0.934726
vn -0.068648 0.377741 -0.923363
vn -0.012925 0.394365 -0.918863
vn 0.018745 0.356335 -0.934170
vn 0.028267 0.319126 -0.947291
vn 0.013183 0.333206 -0.942762
vn 0.005025 0.366722 -0.930317
vn -0.004276 0.347697 -0.937597
vn 0.081238 0.260309 -0.962102
vn 0.242221 0.164270 -0.956214
vn 0.217061 0.102050 -0.970809
vn 0.077475 0.078077 -0.993932
vn 0.078288 0.107627 -0.991104
vn 0.057292 0.150374 -0.986968
vn 0.008895 0.155426 -0.987807
vn 0.055997 0.147425 -0.987487
vn 0.075874 0.131823 -0.988365
vn 0.054979 0.120389 -0.991203
vn -0.040641 0.134719 -0.990050
vn 0.019002 0.145386 -0.989192
vn 0.107497 0.118957 -0.987063
vn 0.030483 0.062706 -0.997566
vn 0.069499 0.003129 -0.997577
vn 0.164013 -0.039173 -0.985680
vn 0.296427 -0.037326 -0.954326
vn 0.262690 0.020931 -0.964653
vn 0.114205 0.070516 -0.990951
vn 0.862284 0.012769 -0.506264
vn 0.580705 -0.052353 0.812429
vn 0.146927 -0.045221 0.988113
vn 0.735507 -0.094527 0.670890
vn -0.969532 0.101912 -0.222757
vn -0.960430 0.229248 -0.158178
vn -0.660121 0.735470 0.152722
vn 0.164473 0.899071 0.405735
vn 0.578495 0.722692 0.378232
vn 0.628011 0.693407 0.353254
vn 0.882559 0.443396 0.156490
vn 0.718373 0.568510 0.400919
vn 0.173295 0.697328 0.695487
vn 0.198386 0.588356 0.783888
vn 0.327176 0.436306 0.838208
vn 0.451984 0.255798 0.854563
vn 0.300072 0.145009 0.942831
vn 0.119173 0.091311 0.988666
vn 0.089547 0.086107 0.992253
vn 0.153573 0.102133 0.982845
vn 0.159987 0.071905 0.984497
vn 0.046026 0.036431 0.998276
vn 0.047344 0.055604 0.997330
vn 0.097711 0.050647 0.993925
vn -0.036840 0.039172 0.998553
vn -0.067724 0.055929 0.996135
vn 0.057194 0.067369 0.996087
vn 0.121728 0.049513 0.991328
vn 0.266008 0.000665 0.963971
vn 0.227675 -0.004013 0.973729
vn -0.016170 -0.018106 0.999705
vn 0.818936 -0.020719 0.573510
vn 0.674028 0.112320 -0.730116
vn 0.297852 0.106175 -0.948689
vn 0.806798 -0.032471 -0.589934
vn 0.957177 0.089086 -0.275456
vn 0.959208 0.196709 -0.203039
vn 0.842101 0.537511 0.044124
vn 0.153303 0.906354 0.393727
vn -0.504563 0.752959 0.422456
vn -0.634792 0.680728 0.365579
vn -0.840677 0.467992 0.272480
vn -0.660353 0.570500 0.488327
vn -0.240970 0.697729 0.674617
vn -0.279558 0.598177 0.751020
vn -0.398914 0.413992 0.818217
vn -0.455252 0.203857 0.866711
vn -0.272425 0.107980 0.956099
vn -0.050578 0.068130 0.996394
vn -0.057105 0.046078 0.997304
vn -0.164639 0.050252 0.985073
vn -0.119689 0.062105 0.990867
vn -0.041671 0.065840 0.996960
vn -0.166184 0.061647 0.984166
vn -0.211493 0.040465 0.976542
vn -0.035864 0.028006 0.998964
vn 0.010930 0.050804 0.998649
vn 0.009856 0.092072 0.995704
vn -0.086104 0.112113 0.989958
vn -0.293260 0.079386 0.952731
vn -0.167242 0.042929 0.984981
vn 0.097154 -0.002202 0.995267
vn -0.859024 0.023870 0.511379
vn -0.589618 0.083561 -0.803348
vn -0.320737 0.055321 -0.945551
vn -0.815104 -0.011579 -0.579199
vn -0.356165 -0.678421 0.642566
vn -0.577852 -0.667358 0.469810
vn -0.745733 -0.615591 0.254816
vn -0.824310 -0.566120 -0.004610
vn -0.784686 -0.535449 -0.312348
vn -0.668403 -0.503013 -0.547920
vn -0.512453 -0.494436 -0.702086
vn -0.267818 -0.518731 -0.811906
vn -0.098464 -0.527400 -0.843892
vn -0.033586 -0.532301 -0.845889
vn 0.038544 -0.567425 -0.822522
vn 0.228206 -0.571160 -0.788479
vn 0.449024 -0.548898 -0.705045
vn 0.585179 -0.591911 -0.554263
vn 0.699946 -0.638073 -0.320841
vn 0.772601 -0.632608 -0.053792
vn 0.759732 -0.615056 0.210981
vn 0.621422 -0.616075 0.484031
vn 0.371007 -0.624531 0.687252
vn 0.217138 -0.629240 0.746263
vn 0.215208 -0.622592 0.752373
vn 0.088996 -0.652205 0.752800
vn -0.096060 -0.666220 0.739543
vn -0.188437 -0.664817 0.722849

usemtl PackedMaterial0
f 3769/5609/4563 3770/5610/4564 3771/5611/4565 3772/5612/4566
f 3770/5610/4564 3773/5613/4567 3774/5614/4568 3771/5611/4565
f 3775/5615/4569 4645/5616/5439 4646/5617/5440 3778/5618/4572
f 3779/5619/4573 3780/5620/4574 3777/5621/4571 3776/5622/4570
f 3775/5615/4569 3778/5618/4572 3781/5623/4575 3782/5624/4576
f 3780/5620/4574 3779/5619/4573 3783/5625/4577 3784/5626/4578
f 3778/5618/4572 3785/5627/4579 3786/5628/4580 3781/5623/4575
f 3785/5627/4579 3778/5618/4572 4646/5617/5440 4647/5629/5441
f 3780/5620/4574 3788/5630/4582 3787/5631/4581 3777/5621/4571
f 3784/5626/4578 3789/5632/4583 3788/5630/4582 3780/5620/4574
f 3790/5633/4584 3791/5634/4585 3771/5611/4565 3774/5614/4568
f 3791/5634/4585 3792/5635/4586 3772/5612/4566 3771/5611/4565
f 3793/5636/4587 3794/5637/4588 3795/5638/4589 3796/5639/4590
f 3779/5619/4573 3797/5640/4591 3798/5641/4592 3783/5625/4577
f 3799/5642/4593 3797/5640/4591 3779/5619/4573 3776/5622/4570
f 4644/5643/5438 4645/5616/5439 3775/5615/4569 3800/5644/4594
f 4644/5643/5438 3800/5644/4594 3801/5645/4595 4643/5646/5437
f 3803/5647/4597 3800/5644/4594 3775/5615/4569 3782/5624/4576
f 3797/5640/4591 3799/5642/4593 3802/5648/4596 3804/5649/4598
f 3798/5641/4592 3797/5640/4591 3804/5649/4598 3805/5650/4599
f 3803/5647/4597 3806/5651/4600 3801/5645/4595 3800/5644/4594
f 4643/5646/5437 3801/5645/4595 3807/5652/4601 4642/5653/5436
f 3804/5649/4598 3802/5648/4596 3808/5654/4602 3809/5655/4603
f 3805/5650/4599 3804/5649/4598 3809/5655/4603 3810/5656/4604
f 3806/5651/4600 3811/5657/4605 3807/5652/4601 3801/5645/4595
f 3786/5658/4580 3812/5659/4606 3813/5660/4607 3814/5661/4608
f 3815/5662/4609 3814/5661/4608 3813/5660/4607 3816/5663/4610
f 3817/5664/4611 3815/5662/4609 3816/5663/4610 3818/5665/4612
f 3819/5666/4613 3817/5664/4611 3818/5665/4612 3820/5667/4614
f 3821/5668/4615 3819/5666/4613 3820/5667/4614 3822/5669/4616
f 4642/5653/5436 3807/5652/4601 3823/5670/4617 4641/5671/5435
f 3809/5655/4603 3808/5654/4602 3824/5672/4618 3825/5673/4619
f 3810/5656/4604 3809/5655/4603 3825/5673/4619 3826/5674/4620
f 3827/5675/4621 3821/5668/4615 3822/5669/4616 3828/5676/4622
f 3823/5670/4617 3807/5652/4601 3811/5657/4605 3829/5677/4623
f 4640/5678/5434 4641/5671/5435 3823/5670/4617 3831/5679/4625
f 3825/5673/4619 3824/5672/4618 3830/5680/4624 3832/5681/4626
f 3826/5674/4620 3825/5673/4619 3832/5681/4626 3833/5682/4627
f 3834/5683/4628 3827/5675/4621 3828/5676/4622 3835/5684/4629
f 3831/5679/4625 3823/5670/4617 3829/5677/4623 3836/5685/4630
f 4639/5686/5433 4640/5678/5434 3831/5679/4625 3838/5687/4632
f 3832/5681/4626 3830/5680/4624 3837/5688/4631 3839/5689/4633
f 3833/5682/4627 3832/5681/4626 3839/5689/4633 3840/5690/4634
f 3841/5691/4635 3834/5683/4628 3835/5684/4629 3842/5692/4636
f 3838/5687/4632 3831/5679/4625 3836/5685/4630 3843/5693/4637
f 4639/5686/5433 3838/5687/4632 3844/5694/4638 4638/5695/5432
f 3839/5689/4633 3837/5688/4631 3845/5696/4639 3846/5697/4640
f 3840/5690/4634 3839/5689/4633 3846/5697/4640 3847/5698/4641
f 3848/5699/4642 3840/5690/4634 3847/5698/4641 3849/5700/4643
f 3841/5701/4635 3850/5702/4644 3851/5703/4645 3843/5693/4637
f 3844/5694/4638 3838/5687/4632 3843/5693/4637 3851/5703/4645
f 4638/5695/5432 3844/5694/4638 3852/5704/4646 4637/5705/5431
f 3846/5697/4640 3845/5696/4639 3853/5706/4647 3854/5707/4648
f 3847/5698/4641 3846/5697/4640 3854/5707/4648 3855/5708/4649
f 3849/5700/4643 3847/5698/4641 3855/5708/4649 3856/5709/4650
f 3850/5710/4644 3857/5711/4651 3858/5712/4652 3851/5713/4645
f 3852/5714/4646 3844/5715/4638 3851/5713/4645 3858/5712/4652
f 3859/5716/4653 3860/5717/4654 3861/5718/4655 3862/5719/4656
f 3860/5717/4654 3863/5720/4657 3864/5721/4658 3861/5718/4655
f 3865/5722/4659 3866/5723/4660 3867/5724/4661 3868/5725/4662
f 3869/5726/4663 3865/5722/4659 3868/5725/4662 3870/5727/4664
f 3871/5728/4665 3872/5729/4666 3869/5726/4663 3870/5727/4664
f 3872/5729/4666 3871/5728/4665 3873/5730/4667 3874/5731/4668
f 3875/5732/4669 3876/5733/4670 3859/5734/4653 3862/5735/4656
f 3877/5736/4671 3878/5737/4672 3874/5738/4668 3873/5739/4667
f 3879/5740/4673 3880/5741/4674 3881/5742/4675 3882/5743/4676
f 3879/5740/4673 3883/5744/4677 3884/5745/4678 3880/5741/4674
f 3885/5746/4679 3886/5747/4680 3887/5748/4681 3888/5749/4682
f 3888/5749/4682 3880/5741/4674 3884/5745/4678 3885/5746/4679
f 3880/5741/4674 3888/5749/4682 3889/5750/4683 3881/5742/4675
f 3888/5749/4682 3887/5748/4681 3890/5751/4684 3889/5750/4683
f 3887/5748/4681 3891/5752/4685 3890/5751/4684
f 3866/5723/4660 3892/5753/4686 3893/5754/4687 3867/5724/4661
f 3894/5755/4688 3886/5747/4680 3885/5746/4679 3895/5756/4689
f 3896/5757/4690 3897/5758/4691 4655/5759/5449 4656/5760/5450
f 4654/5761/5448 4655/5759/5449 3897/5758/4691 3898/5762/4692
f 3899/5763/4693 3900/5764/4694 3876/5733/4670 3875/5732/4669
f 3901/5765/4695 3902/5766/4696 3903/5767/4697 3904/5768/4698
f 3905/5769/4699 3906/5770/4700 3907/5771/4701 3908/5772/4702
f 3908/5772/4702 3907/5771/4701 3900/5764/4694 3899/5763/4693
f 3909/5773/4703 3910/5774/4704 3866/5723/4660 3865/5722/4659
f 3911/5775/4705 3892/5753/4686 3866/5723/4660 3910/5774/4704
f 3863/5720/4657 3912/5776/4706 3913/5777/4707 3864/5721/4658
f 3912/5776/4706 3914/5778/4708 3915/5779/4709 3913/5777/4707
f 3914/5778/4708 3916/5780/4710 3917/5781/4711 3915/5779/4709
f 3916/5780/4710 3914/5778/4708 3918/5782/4712 3919/5783/4713
f 3914/5778/4708 3912/5776/4706 3920/5784/4714 3918/5782/4712
f 3921/5785/4715 3920/5784/4714 3912/5776/4706 3863/5720/4657
f 3922/5786/4716 3921/5785/4715 3863/5720/4657 3860/5717/4654
f 3860/5717/4654 3859/5716/4653 3923/5787/4717 3922/5786/4716
f 3923/5788/4717 3859/5734/4653 3876/5733/4670 3924/5789/4718
f 3924/5789/4718 3876/5733/4670 3900/5764/4694 3925/5790/4719
f 3925/5790/4719 3900/5764/4694 3907/5771/4701 3926/5791/4720
f 3927/5792/4721 3928/5793/4722 3903/5767/4697 3902/5766/4696
f 3906/5770/4700 3905/5769/4699 3904/5768/4698 3903/5767/4697
f 3929/5794/4723 3906/5770/4700 3903/5767/4697 3928/5793/4722
f 3906/5770/4700 3929/5794/4723 3926/5791/4720 3907/5771/4701
f 3930/5795/4724 3901/5765/4695 3904/5768/4698 3931/5796/4725
f 3908/5772/4702 3932/5797/4726 3933/5798/4727 3905/5769/4699
f 3899/5763/4693 3934/5799/4728 3932/5797/4726 3908/5772/4702
f 3875/5732/4669 3935/5800/4729 3934/5799/4728 3899/5763/4693
f 3862/5735/4656 3936/5801/4730 3935/5800/4729 3875/5732/4669
f 3861/5718/4655 3937/5802/4731 3936/5803/4730 3862/5719/4656
f 3861/5718/4655 3864/5721/4658 3938/5804/4732 3937/5802/4731
f 3913/5777/4707 3939/5805/4733 3938/5804/4732 3864/5721/4658
f 3939/5805/4733 3913/5777/4707 3915/5779/4709 3940/5806/4734
f 3941/5807/4735 3940/5806/4734 3915/5779/4709 3917/5781/4711
f 4769/6756/5563 4770/6757/5564 4157/6093/4951 4519/6549/5313
f 3944/5810/4738 3933/5798/4727 3932/5797/4726 3945/5811/4739
f 3945/5811/4739 3932/5797/4726 3934/5799/4728 3946/5812/4740
f 3947/5813/4741 3946/5812/4740 3934/5799/4728 3935/5800/4729
f 3947/5813/4741 3935/5800/4729 3936/5801/4730 3948/5814/4742
f 3948/5815/4742 3936/5803/4730 3937/5802/4731 3949/5816/4743
f 3949/5816/4743 3937/5802/4731 3938/5804/4732 3950/5817/4744
f 3950/5817/4744 3938/5804/4732 3939/5805/4733 3951/5818/4745
f 3952/5819/4746 3951/5818/4745 3939/5805/4733 3940/5806/4734
f 3953/5820/4747 3952/5819/4746 3940/5806/4734 3941/5807/4735
f 3869/5726/4663 3954/5821/4748 3909/5773/4703 3865/5722/4659
f 3955/5822/4749 3954/5821/4748 3869/5726/4663 3872/5729/4666
f 3944/5810/4738 3943/5809/4737 3931/5796/4725 3933/5798/4727
f 3905/5769/4699 3933/5798/4727 3931/5796/4725 3904/5768/4698
f 3879/5823/4673 3956/5824/4750 3773/5613/4567 3770/5610/4564
f 3770/5610/4564 3769/5609/4563 3883/5825/4677 3879/5823/4673
f 4656/5760/5450 4657/5826/5451 3957/5827/4751 3896/5757/4690
f 3957/5827/4751 4657/5826/5451 4658/5828/5452 3959/5829/4753
f 3960/5830/4754 3958/5831/4752 3890/5751/4684 3891/5752/4685
f 3961/5832/4755 3962/5833/4756 3963/5834/4757 3964/5835/4758
f 4725/5836/5519 3965/5837/4759 3966/5838/4760 4724/5839/5518
f 3965/5837/4759 3961/5832/4755 3964/5835/4758 3966/5838/4760
f 3813/5660/4607 3967/5840/4761 3968/5841/4762 3816/5663/4610
f 3816/5663/4610 3968/5841/4762 3969/5842/4763 3818/5665/4612
f 4735/5843/5529 4736/5844/5530 3969/5842/4763 3968/5841/4762
f 3783/5625/4577 3798/5641/4592 3971/5845/4765 3970/5846/4764
f 3971/5845/4765 3798/5641/4592 3805/5650/4599 3972/5847/4766
f 3969/5842/4763 4736/5844/5530 4737/5848/5531 3973/5849/4767
f 3969/5842/4763 3973/5849/4767 3820/5667/4614 3818/5665/4612
f 3972/5847/4766 3805/5650/4599 3810/5656/4604 3974/5850/4768
f 3973/5849/4767 4737/5848/5531 4738/5851/5532 3975/5852/4769
f 3822/5669/4616 3820/5667/4614 3973/5849/4767 3975/5852/4769
f 3974/5850/4768 3810/5656/4604 3826/5674/4620 3976/5853/4770
f 4738/5851/5532 4739/5854/5533 3977/5855/4771 3975/5852/4769
f 3828/5676/4622 3822/5669/4616 3975/5852/4769 3977/5855/4771
f 3833/5682/4627 3978/5856/4772 3976/5853/4770 3826/5674/4620
f 3978/5856/4772 3833/5682/4627 3840/5690/4634 3848/5699/4642
f 3979/5857/4773 3842/5692/4636 3980/5858/4774 3981/5859/4775
f 3982/5860/4776 3979/5857/4773 3981/5859/4775 3983/5861/4777
f 3977/5855/4771 4739/5854/5533 4740/5862/5534 3984/5863/4778
f 3977/5855/4771 3984/5863/4778 3835/5684/4629 3828/5676/4622
f 3983/5861/4777 3981/5859/4775 4742/5864/5536 4743/5865/5537
f 3981/5859/4775 3980/5858/4774 4741/5866/5535 4742/5864/5536
f 3842/5692/4636 3835/5684/4629 3984/5863/4778 3980/5858/4774
f 3980/5858/4774 3984/5863/4778 4740/5862/5534 4741/5866/5535
f 3772/5612/4566 3985/5867/4779 3986/5868/4780 3769/5609/4563
f 3792/5635/4586 3987/5869/4781 3988/5870/4782 3989/5871/4783
f 3990/5872/4784 3991/5873/4785 3789/5632/4583 3784/5626/4578
f 3812/5659/4606 3992/5874/4786 3967/5840/4761 3813/5660/4607
f 3970/5846/4764 3990/5872/4784 3784/5626/4578 3783/5625/4577
f 4735/5843/5529 3968/5841/4762 3967/5840/4761 4734/5875/5528
f 4733/5876/5527 4734/5875/5528 3967/5840/4761 3992/5874/4786
f 3896/5757/4690 3957/5827/4751 3993/5877/4787 3994/5878/4788
f 3995/5879/4789 3996/5880/4790 3898/5762/4692 3897/5758/4691
f 3994/5878/4788 3995/5879/4789 3897/5758/4691 3896/5757/4690
f 3910/5774/4704 3909/5773/4703 3994/5878/4788 3993/5877/4787
f 3909/5773/4703 3954/5821/4748 3995/5879/4789 3994/5878/4788
f 3954/5821/4748 3955/5822/4749 3996/5880/4790 3995/5879/4789
f 4730/5881/5524 4731/5882/5525 3997/5883/4791 3998/5884/4792
f 3999/5885/4793 3993/5877/4787 3957/5827/4751 3959/5829/4753
f 3911/5775/4705 3910/5774/4704 3993/5877/4787 3999/5885/4793
f 3898/5762/4692 4000/5886/4794 4653/5887/5447 4654/5761/5448
f 4001/5888/4795 3795/5889/4589 3794/5890/4588 4002/5891/4796
f 3796/5639/4590 3795/5638/4589 4071/5892/4865 4026/5893/4820
f 4003/5894/4797 3883/5825/4677 3769/5609/4563 3986/5868/4780
f 3883/5744/4677 4003/5895/4797 4004/5896/4798 3884/5745/4678
f 3884/5745/4678 4004/5896/4798 3895/5756/4689 3885/5746/4679
f 4005/5897/4799 3793/5636/4587 3997/5883/4791 4006/5898/4800
f 3793/5636/4587 4005/5897/4799 4007/5899/4801 3794/5637/4588
f 3794/5890/4588 4007/5900/4801 4008/5901/4802 4002/5891/4796
f 4009/5902/4803 4010/5903/4804 4011/5904/4805 3987/5869/4781
f 4012/5905/4806 4013/5906/4807 4010/5903/4804 4009/5902/4803
f 4649/5907/5443 4002/5891/4796 4008/5901/4802 4648/5908/5442
f 4731/5882/5525 4732/5909/5526 4006/5898/4800 3997/5883/4791
f 3987/5869/4781 4011/5904/4805 4014/5910/4808 3988/5870/4782
f 3966/5838/4760 3964/5835/4758 4015/5911/4809
f 4016/5912/4810 4015/5911/4809 3964/5835/4758 3963/5834/4757
f 4016/5913/4810 4017/5914/4811 4018/5915/4812 4019/5916/4813
f 4018/5915/4812 4017/5914/4811 4020/5917/4814 4021/5918/4815
f 4726/5919/5520 4022/5920/4816 3965/5837/4759 4725/5836/5519
f 4022/5920/4816 4726/5919/5520 4727/5921/5521 4023/5922/4817
f 4728/5923/5522 4024/5924/4818 4023/5925/4817 4727/5926/5521
f 4728/5923/5522 4729/5927/5523 4025/5928/4819 4024/5924/4818
f 4025/5928/4819 4026/5893/4820 4027/5929/4821 4024/5924/4818
f 4028/5930/4822 3962/5833/4756 3961/5832/4755 4029/5931/4823
f 4030/5932/4824 4031/5933/4825 4023/5922/4817
f 4032/5934/4826 4033/5935/4827 4034/5936/4828 4035/5937/4829
f 3961/5832/4755 3965/5837/4759 4022/5920/4816 4029/5931/4823
f 4029/5931/4823 4022/5920/4816 4023/5922/4817 4031/5933/4825
f 4036/5938/4830 4037/5939/4831 4027/5940/4821 4038/5941/4832
f 3877/5736/4671 4034/5936/4828 4033/5935/4827 3878/5737/4672
f 4017/5942/4811 3963/5834/4757 3962/5833/4756 4039/5943/4833
f 4039/5943/4833 3962/5833/4756 4028/5930/4822 4040/5944/4834
f 4041/5945/4835 4042/5946/4836 4040/5944/4834 4028/5930/4822
f 4043/5947/4837 4020/5948/4814 4017/5942/4811 4039/5943/4833
f 4040/5944/4834 4044/5949/4838 4043/5947/4837 4039/5943/4833
f 4042/5946/4836 4045/5950/4839 4044/5949/4838 4040/5944/4834
f 4021/5951/4815 4020/5948/4814 4046/5952/4840 4047/5953/4841
f 4046/5952/4840 4020/5948/4814 4043/5947/4837 4044/5949/4838
f 4048/5954/4842 4049/5955/4843 4050/5956/4844 4051/5957/4845
f 4051/5957/4845 4050/5956/4844 4052/5958/4846 4053/5959/4847
f 4046/5952/4840 4044/5949/4838 4045/5950/4839 4054/5960/4848
f 4055/5961/4849 4041/5945/4835 4028/5930/4822 4029/5931/4823
f 4055/5961/4849 4029/5931/4823 4031/5933/4825 4056/5962/4850
f 4056/5962/4850 4031/5933/4825 4036/5938/4830 4057/5963/4851
f 4038/5941/4832 3878/5737/4672 4057/5963/4851 4036/5938/4830
f 4058/5964/4852 4059/5965/4853 4060/5966/4854 4061/5967/4855
f 4062/5968/4856 4060/5966/4854 4059/5965/4853 4063/5969/4857
f 4063/5969/4857 4050/5956/4844 4049/5955/4843 4062/5968/4856
f 4033/5935/4827 4032/5934/4826 4059/5965/4853 4058/5964/4852
f 4032/5934/4826 4064/5970/4858 4063/5969/4857 4059/5965/4853
f 4064/5970/4858 4052/5958/4846 4050/5956/4844 4063/5969/4857
f 4054/5960/4848 4045/5950/4839 4062/5968/4856 4049/5955/4843
f 4045/5950/4839 4042/5946/4836 4060/5966/4854 4062/5968/4856
f 4042/5946/4836 4041/5945/4835 4061/5967/4855 4060/5966/4854
f 4041/5945/4835 4055/5961/4849 4056/5962/4850 4061/5967/4855
f 4057/5963/4851 4058/5964/4852 4061/5967/4855 4056/5962/4850
f 4033/5935/4827 4058/5964/4852 4057/5963/4851 3878/5737/4672
f 4046/5952/4840 4054/5960/4848 4065/5971/4859 4047/5953/4841
f 4065/5971/4859 4054/5960/4848 4049/5955/4843 4048/5954/4842
f 4064/5970/4858 4032/5934/4826 4035/5937/4829 4066/5972/4860
f 4052/5958/4846 4064/5970/4858 4066/5972/4860 4067/5973/4861
f 3796/5639/4590 4026/5893/4820 4025/5928/4819 3998/5884/4792
f 3998/5884/4792 4025/5928/4819 4729/5927/5523 4730/5881/5524
f 3985/5867/4779 3772/5612/4566 3792/5635/4586 3989/5871/4783
f 3795/5889/4589 4001/5888/4795 4072/5974/4866 4071/5975/4865
f 4067/5973/4861 4066/5972/4860 3929/5794/4723 3928/5793/4722
f 4066/5972/4860 4035/5937/4829 3926/5791/4720 3929/5794/4723
f 4034/5936/4828 3925/5790/4719 3926/5791/4720 4035/5937/4829
f 3925/5790/4719 4034/5936/4828 3877/5736/4671 3924/5789/4718
f 3924/5789/4718 3877/5736/4671 3873/5739/4667 3923/5788/4717
f 3871/5728/4665 3922/5786/4716 3923/5787/4717 3873/5730/4667
f 3922/5786/4716 3871/5728/4665 3870/5727/4664 3921/5785/4715
f 3870/5727/4664 3868/5725/4662 3920/5784/4714 3921/5785/4715
f 3868/5725/4662 3867/5724/4661 3918/5782/4712 3920/5784/4714
f 3867/5724/4661 3893/5754/4687 3919/5783/4713 3918/5782/4712
f 4068/5976/4862 4067/5973/4861 3928/5793/4722 3927/5792/4721
f 4053/5959/4847 4052/5958/4846 4067/5973/4861 4068/5976/4862
f 4069/5977/4863 4070/5978/4864 4071/5975/4865 4072/5974/4866
f 4070/5979/4864 3996/5880/4790 3955/5822/4749 4073/5980/4867
f 3874/5731/4668 4074/5981/4868 4073/5980/4867
f 3872/5729/4666 3874/5731/4668 4073/5980/4867 3955/5822/4749
f 4743/5865/5537 4744/5982/5538 4076/5983/4870 3983/5861/4777
f 3983/5861/4777 4076/5983/4870 4077/5984/4871 3982/5860/4776
f 4078/5985/4872 3857/5711/4651 3982/5860/4776 4077/5984/4871
f 3858/5712/4652 4079/5986/4873 4080/5987/4874 3852/5714/4646
f 4637/5705/5431 3852/5704/4646 4080/5988/4874 4636/5989/5430
f 3854/5707/4648 3853/5706/4647 4081/5990/4875 4082/5991/4876
f 3855/5708/4649 3854/5707/4648 4082/5991/4876 4083/5992/4877
f 3856/5709/4650 3855/5708/4649 4083/5992/4877 4075/5993/4869
f 3793/5636/4587 3796/5639/4590 3998/5884/4792 3997/5883/4791
f 3788/5630/4582 4010/5903/4804 4013/5906/4807 3787/5631/4581
f 3789/5632/4583 4011/5904/4805 4010/5903/4804 3788/5630/4582
f 3991/5873/4785 4014/5910/4808 4011/5904/4805 3789/5632/4583
f 4732/5909/5526 4733/5876/5527 3992/5874/4786 4006/5898/4800
f 4005/5897/4799 4006/5898/4800 3992/5874/4786 3812/5659/4606
f 4005/5897/4799 3812/5659/4606 3786/5658/4580 4007/5899/4801
f 3785/5627/4579 4008/5901/4802 4007/5900/4801 3786/5628/4580
f 4008/5901/4802 3785/5627/4579 4647/5629/5441 4648/5908/5442
f 4650/5994/5444 4001/5888/4795 4002/5891/4796 4649/5907/5443
f 3790/5633/4584 4012/5905/4806 4009/5902/4803 3791/5634/4585
f 3791/5634/4585 4009/5902/4803 3987/5869/4781 3792/5635/4586
f 4072/5974/4866 4001/5888/4795 4650/5994/5444 4651/5995/5445
f 4652/5996/5446 4069/5977/4863 4072/5974/4866 4651/5995/5445
f 4026/5893/4820 4084/5997/4878 4027/5929/4821
f 4085/5998/4879 3953/5820/4747 3941/5807/4735 4086/5999/4880
f 4086/5999/4880 3941/5807/4735 3917/5781/4711 4087/6000/4881
f 3917/5781/4711 3916/5780/4710 4088/6001/4882 4087/6000/4881
f 3919/5783/4713 4089/6002/4883 4088/6001/4882 3916/5780/4710
f 3893/5754/4687 4090/6003/4884 4089/6002/4883 3919/5783/4713
f 3892/5753/4686 4091/6004/4885 4090/6003/4884 3893/5754/4687
f 3892/5753/4686 3911/5775/4705 4092/6005/4886 4091/6004/4885
f 3911/5775/4705 3999/5885/4793 4093/6006/4887 4092/6005/4886
f 3999/5885/4793 3959/5829/4753 4094/6007/4888 4093/6006/4887
f 3959/5829/4753 4658/5828/5452 4659/6008/5453 4094/6007/4888
f 3958/5831/4752 3960/5830/4754 4096/6009/4890 4095/6010/4889
f 4097/6011/4891 4098/6012/4892 4075/5993/4869 4083/5992/4877
f 4099/6013/4893 4097/6011/4891 4083/5992/4877 4082/5991/4876
f 4100/6014/4894 4099/6013/4893 4082/5991/4876 4081/5990/4875
f 4101/6015/4895 4635/6016/5429 4636/5989/5430 4080/5988/4874
f 4101/6017/4895 4080/5987/4874 4079/5986/4873 4102/6018/4896
f 4078/5985/4872 4103/6019/4897 4102/6018/4896 4079/5986/4873
f 4745/6020/5539 4104/6021/4898 4076/5983/4870 4744/5982/5538
f 4105/6022/4899 4077/5984/4871 4076/5983/4870 4104/6021/4898
f 4106/6023/4900 4098/6012/4892 4097/6011/4891 4107/6024/4901
f 4108/6025/4902 4107/6024/4901 4097/6011/4891 4099/6013/4893
f 4109/6026/4903 4108/6025/4902 4099/6013/4893 4100/6014/4894
f 4110/6027/4904 4634/6028/5428 4635/6016/5429 4101/6015/4895
f 4110/6029/4904 4101/6017/4895 4102/6018/4896 4111/6030/4905
f 4103/6019/4897 4112/6031/4906 4111/6030/4905 4102/6018/4896
f 4113/6032/4907 4104/6021/4898 4745/6020/5539 4746/6033/5540
f 4114/6034/4908 4105/6022/4899 4104/6021/4898 4113/6032/4907
f 4115/6035/4909 4116/6036/4910 4117/6037/4911
f 4118/6038/4912 4116/6036/4910 4115/6035/4909
f 4119/6039/4913 4116/6036/4910 4118/6038/4912
f 4633/6040/5427 4116/6036/4910 4119/6039/4913
f 4121/6041/4915 4116/6036/4910 4120/6042/4914
f 4122/6043/4916 4116/6036/4910 4123/6044/4917
f 4117/6037/4911 4116/6036/4910 4747/6045/5541
f 4124/6046/4918 4116/6036/4910 4122/6043/4916
f 4118/6038/4912 4115/6035/4909 4107/6047/4901 4108/6048/4902
f 4117/6037/4911 4106/6049/4900 4107/6047/4901 4115/6035/4909
f 4747/6045/5541 4124/6046/4918 4113/6050/4907 4746/6051/5540
f 4124/6046/4918 4122/6043/4916 4114/6052/4908 4113/6050/4907
f 4112/6053/4906 4123/6044/4917 4121/6041/4915 4111/6054/4905
f 4120/6042/4914 4110/6055/4904 4111/6054/4905 4121/6041/4915
f 4633/6040/5427 4634/6056/5428 4110/6055/4904 4120/6042/4914
f 4119/6039/4913 4118/6038/4912 4108/6048/4902 4109/6057/4903
f 4771/6758/5565 4748/6733/5542 4155/6091/4949 4156/6092/4950
f 4748/6733/5542 4749/6734/5543 4154/6090/4948 4155/6091/4949
f 4749/6734/5543 4750/6735/5544 4153/6089/4947 4154/6090/4948
f 4750/6735/5544 4751/6737/5545 4152/6088/4946 4153/6089/4947
f 4751/6736/5545 4752/6738/5546 4151/6086/4945 4152/6087/4946
f 4752/6738/5546 4753/6739/5547 4150/6085/4944 4151/6086/4945
f 4753/6739/5547 4754/6740/5548 4149/6084/4943 4150/6085/4944
f 4754/6740/5548 4755/6741/5549 4148/6083/4942 4149/6084/4943
f 4755/6741/5549 4756/6742/5550 4147/6082/4941 4148/6083/4942
f 4770/6757/5564 4771/6758/5565 4156/6092/4950 4157/6093/4951
f 4756/6742/5550 4757/6743/5551 4146/6081/4940 4147/6082/4941
f 4125/6058/4919 4126/6059/4920 4127/6060/4921 4128/6061/4922
f 4129/6062/4923 4128/6061/4922 4127/6060/4921 4130/6063/4924
f 4131/6064/4925 4132/6065/4926 4126/6059/4920 4125/6058/4919
f 4129/6062/4923 4130/6063/4924 4133/6066/4927 4134/6067/4928
f 4717/6068/5511 4718/6069/5512 4135/6070/4929 4136/6071/4930
f 4136/6071/4930 4135/6070/4929 4137/6072/4931 4138/6073/4932
f 4138/6073/4932 4137/6072/4931 4139/6074/4933 4140/6075/4934
f 4141/6076/4935 4142/6077/4936 4132/6065/4926 4131/6064/4925
f 4143/6078/4937 4144/6079/4938 4145/6080/4939 4139/6074/4933
f 4158/6094/4952 4159/6095/4953 4160/6096/4954 4161/6097/4955
f 4161/6097/4955 4160/6096/4954 4162/6098/4956 4163/6099/4957
f 4672/6100/5466 4673/6101/5467 4166/6102/4960 4167/6103/4961
f 4164/6104/4958 4168/6105/4962 4169/6106/4963 4165/6107/4959
f 4166/6102/4960 4170/6108/4964 4171/6109/4965 4167/6103/4961
f 4172/6110/4966 4169/6106/4963 4168/6105/4962 4173/6111/4967
f 4167/6103/4961 4171/6109/4965 4174/6112/4968 4175/6113/4969
f 4175/6113/4969 4671/6114/5465 4672/6100/5466 4167/6103/4961
f 4176/6115/4970 4177/6116/4971 4168/6105/4962 4164/6104/4958
f 4177/6116/4971 4178/6117/4972 4173/6111/4967 4168/6105/4962
f 4179/6118/4973 4180/6119/4974 4162/6098/4956 4160/6096/4954
f 4181/6120/4975 4179/6118/4973 4160/6096/4954 4159/6095/4953
f 4182/6121/4976 4183/6122/4977 4184/6123/4978 4185/6124/4979
f 4186/6125/4980 4187/6126/4981 4169/6106/4963 4172/6110/4966
f 4169/6106/4963 4187/6126/4981 4188/6127/4982 4165/6107/4959
f 4674/6128/5468 4189/6129/4983 4166/6102/4960 4673/6101/5467
f 4190/6130/4984 4189/6129/4983 4674/6128/5468 4675/6131/5469
f 4192/6132/4986 4170/6108/4964 4166/6102/4960 4189/6129/4983
f 4187/6126/4981 4193/6133/4987 4191/6134/4985 4188/6127/4982
f 4186/6125/4980 4194/6135/4988 4193/6133/4987 4187/6126/4981
f 4190/6130/4984 4195/6136/4989 4192/6132/4986 4189/6129/4983
f 4196/6137/4990 4190/6130/4984 4675/6131/5469 4676/6138/5470
f 4193/6133/4987 4198/6139/4992 4197/6140/4991 4191/6134/4985
f 4198/6139/4992 4193/6133/4987 4194/6135/4988 4199/6141/4993
f 4196/6137/4990 4200/6142/4994 4195/6136/4989 4190/6130/4984
f 4174/6143/4968 4201/6144/4995 4202/6145/4996 4203/6146/4997
f 4201/6144/4995 4204/6147/4998 4205/6148/4999 4202/6145/4996
f 4205/6148/4999 4204/6147/4998 4206/6149/5000 4207/6150/5001
f 4207/6150/5001 4206/6149/5000 4208/6151/5002 4209/6152/5003
f 4210/6153/5004 4211/6154/5005 4209/6152/5003 4208/6151/5002
f 4212/6155/5006 4196/6137/4990 4676/6138/5470 4677/6156/5471
f 4213/6157/5007 4197/6140/4991 4198/6139/4992 4214/6158/5008
f 4214/6158/5008 4198/6139/4992 4199/6141/4993 4215/6159/5009
f 4211/6154/5005 4210/6153/5004 4216/6160/5010 4217/6161/5011
f 4212/6155/5006 4218/6162/5012 4200/6142/4994 4196/6137/4990
f 4678/6163/5472 4220/6164/5014 4212/6155/5006 4677/6156/5471
f 4219/6165/5013 4213/6157/5007 4214/6158/5008 4221/6166/5015
f 4221/6166/5015 4214/6158/5008 4215/6159/5009 4222/6167/5016
f 4217/6161/5011 4216/6160/5010 4223/6168/5017 4224/6169/5018
f 4220/6164/5014 4225/6170/5019 4218/6162/5012 4212/6155/5006
f 4679/6171/5473 4227/6172/5021 4220/6164/5014 4678/6163/5472
f 4226/6173/5020 4219/6165/5013 4221/6166/5015 4228/6174/5022
f 4228/6174/5022 4221/6166/5015 4222/6167/5016 4229/6175/5023
f 4224/6169/5018 4223/6168/5017 4230/6176/5024 4231/6177/5025
f 4227/6172/5021 4232/6178/5026 4225/6170/5019 4220/6164/5014
f 4233/6179/5027 4227/6172/5021 4679/6171/5473 4680/6180/5474
f 4234/6181/5028 4226/6173/5020 4228/6174/5022 4235/6182/5029
f 4235/6182/5029 4228/6174/5022 4229/6175/5023 4236/6183/5030
f 4236/6183/5030 4229/6175/5023 4237/6184/5031 4238/6185/5032
f 4231/6177/5025 4230/6176/5024 4239/6186/5033 4240/6187/5034
f 4233/6179/5027 4241/6188/5035 4232/6178/5026 4227/6172/5021
f 4242/6189/5036 4233/6179/5027 4680/6180/5474 4681/6190/5475
f 4243/6191/5037 4234/6181/5028 4235/6182/5029 4244/6192/5038
f 4244/6192/5038 4235/6182/5029 4236/6183/5030 4245/6193/5039
f 4245/6193/5039 4236/6183/5030 4238/6185/5032 4246/6194/5040
f 4239/6186/5033 4241/6195/5035 4247/6196/5041 4248/6197/5042
f 4242/6198/5036 4247/6196/5041 4241/6195/5035 4233/6199/5027
f 4249/6200/5043 4250/6201/5044 4251/6202/5045 4252/6203/5046
f 4253/6204/5047 4254/6205/5048 4250/6201/5044 4249/6200/5043
f 4255/6206/5049 4256/6207/5050 4257/6208/5051 4258/6209/5052
f 4258/6209/5052 4257/6208/5051 4259/6210/5053 4260/6211/5054
f 4259/6210/5053 4261/6212/5055 4262/6213/5056 4260/6211/5054
f 4263/6214/5057 4262/6213/5056 4261/6212/5055 4264/6215/5058
f 4265/6216/5059 4252/6217/5046 4251/6218/5045 4266/6219/5060
f 4267/6220/5061 4263/6221/5057 4264/6222/5058 4268/6223/5062
f 4269/6224/5063 4270/6225/5064 4271/6226/5065 4272/6227/5066
f 4272/6227/5066 4271/6226/5065 4273/6228/5067 4274/6229/5068
f 4275/6230/5069 4276/6231/5070 4277/6232/5071 4278/6233/5072
f 4273/6228/5067 4271/6226/5065 4278/6233/5072 4277/6232/5071
f 4271/6226/5065 4270/6225/5064 4279/6234/5073 4278/6233/5072
f 4278/6233/5072 4279/6234/5073 4280/6235/5074 4275/6230/5069
f 4275/6230/5069 4280/6235/5074 4281/6236/5075
f 4282/6237/5076 4283/6238/5077 4256/6207/5050 4255/6206/5049
f 4284/6239/5078 4285/6240/5079 4277/6232/5071 4276/6231/5070
f 4286/6241/5080 4662/6242/5456 4663/6243/5457 4287/6244/5081
f 4287/6244/5081 4663/6243/5457 4664/6245/5458 4288/6246/5082
f 4289/6247/5083 4265/6216/5059 4266/6219/5060 4290/6248/5084
f 3901/5765/4695 4291/6249/5085 4292/6250/5086 3902/5766/4696
f 4293/6251/5087 4294/6252/5088 4295/6253/5089 4296/6254/5090
f 4294/6252/5088 4289/6247/5083 4290/6248/5084 4295/6253/5089
f 4257/6208/5051 4256/6207/5050 4297/6255/5091 4298/6256/5092
f 4299/6257/5093 4297/6255/5091 4256/6207/5050 4283/6238/5077
f 4300/6258/5094 4301/6259/5095 4254/6205/5048 4253/6204/5047
f 4302/6260/5096 4303/6261/5097 4301/6259/5095 4300/6258/5094
f 4304/6262/5098 4305/6263/5099 4303/6261/5097 4302/6260/5096
f 4306/6264/5100 4303/6261/5097 4305/6263/5099 4307/6265/5101
f 4308/6266/5102 4301/6259/5095 4303/6261/5097 4306/6264/5100
f 4301/6259/5095 4308/6266/5102 4309/6267/5103 4254/6205/5048
f 4254/6205/5048 4309/6267/5103 4310/6268/5104 4250/6201/5044
f 4311/6269/5105 4251/6202/5045 4250/6201/5044 4310/6268/5104
f 4311/6270/5105 4312/6271/5106 4266/6219/5060 4251/6218/5045
f 4312/6271/5106 4313/6272/5107 4290/6248/5084 4266/6219/5060
f 4313/6272/5107 4314/6273/5108 4295/6253/5089 4290/6248/5084
f 3927/5792/4721 3902/5766/4696 4292/6250/5086 4315/6274/5109
f 4291/6249/5085 4293/6251/5087 4296/6254/5090 4292/6250/5086
f 4292/6250/5086 4296/6254/5090 4316/6275/5110 4315/6274/5109
f 4295/6253/5089 4314/6273/5108 4316/6275/5110 4296/6254/5090
f 3930/5795/4724 4317/6276/5111 4291/6249/5085 3901/5765/4695
f 4293/6251/5087 4318/6277/5112 4319/6278/5113 4294/6252/5088
f 4319/6278/5113 4320/6279/5114 4289/6247/5083 4294/6252/5088
f 4265/6216/5059 4289/6247/5083 4320/6279/5114 4321/6280/5115
f 4321/6280/5115 4322/6281/5116 4252/6217/5046 4265/6216/5059
f 4322/6282/5116 4323/6283/5117 4249/6200/5043 4252/6203/5046
f 4323/6283/5117 4324/6284/5118 4253/6204/5047 4249/6200/5043
f 4253/6204/5047 4324/6284/5118 4325/6285/5119 4300/6258/5094
f 4326/6286/5120 4302/6260/5096 4300/6258/5094 4325/6285/5119
f 4327/6287/5121 4304/6262/5098 4302/6260/5096 4326/6286/5120
f 4328/6288/5122 4317/6276/5111 3930/5795/4724 3942/5808/4736
f 4329/6289/5123 4319/6278/5113 4318/6277/5112 4330/6290/5124
f 4331/6291/5125 4320/6279/5114 4319/6278/5113 4329/6289/5123
f 4331/6291/5125 4332/6292/5126 4321/6280/5115 4320/6279/5114
f 4332/6292/5126 4333/6293/5127 4322/6281/5116 4321/6280/5115
f 4333/6294/5127 4334/6295/5128 4323/6283/5117 4322/6282/5116
f 4334/6295/5128 4335/6296/5129 4324/6284/5118 4323/6283/5117
f 4336/6297/5130 4325/6285/5119 4324/6284/5118 4335/6296/5129
f 4337/6298/5131 4326/6286/5120 4325/6285/5119 4336/6297/5130
f 4338/6299/5132 4327/6287/5121 4326/6286/5120 4337/6298/5131
f 4298/6256/5092 4339/6300/5133 4259/6210/5053 4257/6208/5051
f 4340/6301/5134 4261/6212/5055 4259/6210/5053 4339/6300/5133
f 4330/6290/5124 4318/6277/5112 4317/6276/5111 4328/6288/5122
f 4293/6251/5087 4291/6249/5085 4317/6276/5111 4318/6277/5112
f 4341/6302/5135 4269/6224/5063 4272/6227/5066
f 4274/6303/5068 4158/6094/4952 4161/6097/4955 4272/6304/5066
f 4342/6305/5136 4661/6306/5455 4662/6242/5456 4286/6241/5080
f 4342/6305/5136 4343/6307/5137 4660/6308/5454 4661/6306/5455
f 4345/6309/5139 4281/6236/5075 4280/6235/5074 4344/6310/5138
f 4346/6311/5140 4347/6312/5141 4348/6313/5142 4349/6314/5143
f 4693/6315/5487 4694/6316/5488 4285/6240/5079 4284/6239/5078
f 4351/6317/5145 4350/6318/5144 4349/6314/5143 4348/6313/5142
f 4352/6319/5146 4353/6320/5147 4202/6145/4996 4205/6148/4999
f 4205/6148/4999 4207/6150/5001 4354/6321/5148 4352/6319/5146
f 4704/6322/5498 4705/6323/5499 4355/6324/5149 4356/6325/5150
f 4355/6324/5149 4186/6125/4980 4172/6110/4966 4356/6325/5150
f 4355/6324/5149 4357/6326/5151 4194/6135/4988 4186/6125/4980
f 4705/6323/5499 4706/6327/5500 4357/6326/5151 4355/6324/5149
f 4209/6152/5003 4358/6328/5152 4354/6321/5148 4207/6150/5001
f 4357/6326/5151 4359/6329/5153 4199/6141/4993 4194/6135/4988
f 4706/6327/5500 4707/6330/5501 4359/6329/5153 4357/6326/5151
f 4211/6154/5005 4360/6331/5154 4358/6328/5152 4209/6152/5003
f 4359/6329/5153 4361/6332/5155 4215/6159/5009 4199/6141/4993
f 4708/6333/5502 4361/6332/5155 4359/6329/5153 4707/6330/5501
f 4217/6161/5011 4362/6334/5156 4360/6331/5154 4211/6154/5005
f 4361/6332/5155 4363/6335/5157 4222/6167/5016 4215/6159/5009
f 4363/6335/5157 4237/6184/5031 4229/6175/5023 4222/6167/5016
f 4240/6187/5034 4364/6336/5158 4365/6337/5159 4231/6177/5025
f 4366/6338/5160 4367/6339/5161 4364/6336/5158 4240/6187/5034
f 4708/6333/5502 4709/6340/5503 4363/6335/5157 4361/6332/5155
f 4224/6169/5018 4368/6341/5162 4362/6334/5156 4217/6161/5011
f 4712/6342/5506 4246/6194/5040 4238/6185/5032 4711/6343/5505
f 4711/6343/5505 4238/6185/5032 4237/6184/5031 4710/6344/5504
f 4231/6177/5025 4365/6337/5159 4368/6341/5162 4224/6169/5018
f 4363/6335/5157 4709/6340/5503 4710/6344/5504 4237/6184/5031
f 4369/6345/5163 4370/6346/5164 4159/6095/4953 4158/6094/4952
f 4181/6120/4975 4371/6347/5165 4372/6348/5166 4373/6349/5167
f 4374/6350/5168 4173/6111/4967 4178/6117/4972 4375/6351/5169
f 4353/6320/5147 4376/6352/5170 4203/6146/4997 4202/6145/4996
f 4173/6111/4967 4374/6350/5168 4356/6325/5150 4172/6110/4966
f 4703/6353/5497 4704/6322/5498 4356/6325/5150 4374/6350/5168
f 4703/6353/5497 4374/6350/5168 4375/6351/5169 4702/6354/5496
f 4377/6355/5171 4342/6305/5136 4286/6241/5080 4378/6356/5172
f 4288/6246/5082 4379/6357/5173 4380/6358/5174 4287/6244/5081
f 4287/6244/5081 4380/6358/5174 4378/6356/5172 4286/6241/5080
f 4378/6356/5172 4298/6256/5092 4297/6255/5091 4377/6355/5171
f 4380/6358/5174 4339/6300/5133 4298/6256/5092 4378/6356/5172
f 4379/6357/5173 4340/6301/5134 4339/6300/5133 4380/6358/5174
f 4700/6359/5494 4372/6348/5166 4371/6347/5165 4699/6360/5493
f 4343/6307/5137 4342/6305/5136 4377/6355/5171 4383/6361/5177
f 4383/6361/5177 4377/6355/5171 4297/6255/5091 4299/6257/5093
f 4665/6362/5459 4384/6363/5178 4288/6246/5082 4664/6245/5458
f 4385/6364/5179 4386/6365/5180 4183/6366/4977 4182/6367/4976
f 4182/6121/4976 4185/6124/4979 4406/6368/5200 4445/6369/5239
f 4387/6370/5181 4369/6345/5163 4158/6094/4952 4274/6303/5068
f 4274/6229/5068 4273/6228/5067 4388/6371/5182 4387/6372/5181
f 4273/6228/5067 4277/6232/5071 4285/6240/5079 4388/6371/5182
f 4381/6373/5175 4184/6123/4978 4389/6374/5183 4390/6375/5184
f 4184/6123/4978 4183/6122/4977 4391/6376/5185 4389/6374/5183
f 4386/6365/5180 4392/6377/5186 4391/6378/5185 4183/6366/4977
f 4393/6379/5187 4394/6380/5188 4395/6381/5189 4373/6349/5167
f 4394/6380/5188 4396/6382/5190 4397/6383/5191 4395/6381/5189
f 4669/6384/5463 4670/6385/5464 4392/6377/5186 4386/6365/5180
f 4701/6386/5495 4398/6387/5192 4372/6348/5166 4700/6359/5494
f 4398/6387/5192 4393/6379/5187 4373/6349/5167 4372/6348/5166
f 4349/6314/5143 4350/6318/5144 4399/6388/5193
f 4349/6314/5143 4399/6388/5193 4400/6389/5194 4346/6311/5140
f 4694/6316/5488 4695/6390/5489 4388/6371/5182 4285/6240/5079
f 4387/6372/5181 4388/6371/5182 4695/6390/5489 4696/6391/5490
f 4369/6345/5163 4387/6370/5181 4696/6392/5490 4697/6393/5491
f 4369/6345/5163 4697/6393/5491 4698/6394/5492 4370/6346/5164
f 4405/6395/5199 4406/6368/5200 4404/6396/5198 4403/6397/5197
f 4407/6398/5201 4348/6313/5142 4347/6312/5141 4408/6399/5202
f 4403/6397/5197 4402/6400/5196 4409/6401/5203 4410/6402/5204
f 4411/6403/5205 4412/6404/5206 4413/6405/5207 4414/6406/5208
f 4401/6407/5195 4351/6317/5145 4348/6313/5142 4407/6398/5201
f 4402/6408/5196 4401/6407/5195 4407/6398/5201 4415/6409/5209
f 4405/6410/5199 4410/6411/5204 4416/6412/5210 4417/6413/5211
f 4267/6220/5061 4268/6223/5062 4413/6405/5207 4412/6404/5206
f 4347/6312/5141 4346/6311/5140 4418/6414/5212 4419/6415/5213
f 4408/6399/5202 4347/6312/5141 4419/6415/5213 4420/6416/5214
f 4421/6417/5215 4408/6399/5202 4420/6416/5214 4422/6418/5216
f 4423/6419/5217 4424/6420/5218 4425/6421/5219
f 4425/6421/5219 4426/6422/5220 4420/6416/5214 4419/6415/5213
f 4426/6422/5220 4427/6423/5221 4422/6418/5216 4420/6416/5214
f 4424/6420/5218 4021/5951/4815 4047/5953/4841 4428/6424/5222
f 4428/6424/5222 4426/6422/5220 4425/6421/5219 4424/6420/5218
f 4429/6425/5223 4430/6426/5224 4048/5954/4842 4051/5957/4845
f 4429/6425/5223 4051/5957/4845 4053/5959/4847 4431/6427/5225
f 4427/6423/5221 4426/6422/5220 4428/6424/5222 4432/6428/5226
f 4433/6429/5227 4407/6398/5201 4408/6399/5202 4421/6417/5215
f 4433/6429/5227 4434/6430/5228 4415/6409/5209 4407/6398/5201
f 4416/6412/5210 4415/6409/5209 4434/6430/5228 4435/6431/5229
f 4435/6431/5229 4268/6223/5062 4417/6413/5211 4416/6412/5210
f 4436/6432/5230 4437/6433/5231 4438/6434/5232 4439/6435/5233
f 4440/6436/5234 4441/6437/5235 4439/6435/5233 4438/6434/5232
f 4441/6437/5235 4440/6436/5234 4430/6426/5224 4429/6425/5223
f 4439/6435/5233 4414/6406/5208 4413/6405/5207 4436/6432/5230
f 4441/6437/5235 4442/6438/5236 4414/6406/5208 4439/6435/5233
f 4429/6425/5223 4431/6427/5225 4442/6438/5236 4441/6437/5235
f 4440/6436/5234 4427/6423/5221 4432/6428/5226 4430/6426/5224
f 4438/6434/5232 4422/6418/5216 4427/6423/5221 4440/6436/5234
f 4437/6433/5231 4421/6417/5215 4422/6418/5216 4438/6434/5232
f 4434/6430/5228 4433/6429/5227 4421/6417/5215 4437/6433/5231
f 4435/6431/5229 4434/6430/5228 4437/6433/5231 4436/6432/5230
f 4435/6431/5229 4436/6432/5230 4413/6405/5207 4268/6223/5062
f 4411/6403/5205 4414/6406/5208 4442/6438/5236 4443/6439/5237
f 4443/6439/5237 4442/6438/5236 4431/6427/5225 4444/6440/5238
f 4404/6396/5198 4406/6368/5200 4185/6124/4979 4382/6441/5176
f 4371/6347/5165 4370/6346/5164 4698/6394/5492 4699/6360/5493
f 4181/6120/4975 4159/6095/4953 4370/6346/5164 4371/6347/5165
f 4385/6364/5179 4182/6367/4976 4445/6442/5239 4448/6443/5242
f 4316/6275/5110 4443/6439/5237 4444/6440/5238 4315/6274/5109
f 4314/6273/5108 4411/6403/5205 4443/6439/5237 4316/6275/5110
f 4314/6273/5108 4313/6272/5107 4412/6404/5206 4411/6403/5205
f 4313/6272/5107 4312/6271/5106 4267/6220/5061 4412/6404/5206
f 4312/6271/5106 4311/6270/5105 4263/6221/5057 4267/6220/5061
f 4311/6269/5105 4310/6268/5104 4262/6213/5056 4263/6214/5057
f 4309/6267/5103 4260/6211/5054 4262/6213/5056 4310/6268/5104
f 4308/6266/5102 4258/6209/5052 4260/6211/5054 4309/6267/5103
f 4306/6264/5100 4255/6206/5049 4258/6209/5052 4308/6266/5102
f 4307/6265/5101 4282/6237/5076 4255/6206/5049 4306/6264/5100
f 4068/5976/4862 3927/5792/4721 4315/6274/5109 4444/6440/5238
f 4053/5959/4847 4068/5976/4862 4444/6440/5238 4431/6427/5225
f 4445/6442/5239 4446/6444/5240 4447/6445/5241 4448/6443/5242
f 4288/6246/5082 4384/6363/5178 4449/6446/5243 4379/6357/5173
f 4446/6447/5240 4450/6448/5244 4340/6301/5134 4379/6357/5173
f 4264/6222/5058 4451/6449/5245 4417/6413/5211 4268/6223/5062
f 4261/6212/5055 4340/6301/5134 4450/6448/5244 4264/6215/5058
f 4712/6342/5506 4713/6450/5507 4453/6451/5247 4246/6194/5040
f 4367/6339/5161 4366/6338/5160 4454/6452/5248 4452/6453/5246
f 4455/6454/5249 4454/6452/5248 4366/6338/5160 4248/6197/5042
f 4247/6196/5041 4242/6198/5036 4456/6455/5250 4457/6456/5251
f 4681/6190/5475 4682/6457/5476 4456/6458/5250 4242/6189/5036
f 4244/6192/5038 4459/6459/5253 4458/6460/5252 4243/6191/5037
f 4245/6193/5039 4460/6461/5254 4459/6459/5253 4244/6192/5038
f 4246/6194/5040 4453/6451/5247 4460/6461/5254 4245/6193/5039
f 4184/6123/4978 4381/6373/5175 4382/6441/5176 4185/6124/4979
f 4396/6382/5190 4394/6380/5188 4177/6116/4971 4176/6115/4970
f 4394/6380/5188 4393/6379/5187 4178/6117/4972 4177/6116/4971
f 4375/6351/5169 4178/6117/4972 4393/6379/5187 4398/6387/5192
f 4398/6387/5192 4701/6386/5495 4702/6354/5496 4375/6351/5169
f 4376/6352/5170 4390/6375/5184 4389/6374/5183 4203/6146/4997
f 4389/6374/5183 4391/6376/5185 4174/6143/4968 4203/6146/4997
f 4175/6113/4969 4174/6112/4968 4391/6378/5185 4392/6377/5186
f 4392/6377/5186 4670/6385/5464 4671/6114/5465 4175/6113/4969
f 4668/6462/5462 4669/6384/5463 4386/6365/5180 4385/6364/5179
f 4180/6119/4974 4179/6118/4973 4395/6381/5189 4397/6383/5191
f 4179/6118/4973 4181/6120/4975 4373/6349/5167 4395/6381/5189
f 4667/6463/5461 4668/6462/5462 4385/6364/5179 4448/6443/5242
f 4666/6464/5460 4667/6463/5461 4448/6443/5242 4447/6445/5241
f 4406/6368/5200 4461/6465/5255 4446/6466/5240 4445/6369/5239
f 4451/6449/5245 4461/6467/5255 4405/6410/5199 4417/6413/5211
f 4327/6287/5121 4338/6299/5132 4085/5998/4879 4086/5999/4880
f 4304/6262/5098 4327/6287/5121 4086/5999/4880 4087/6000/4881
f 4304/6262/5098 4087/6000/4881 4088/6001/4882 4305/6263/5099
f 4088/6001/4882 4089/6002/4883 4307/6265/5101 4305/6263/5099
f 4089/6002/4883 4090/6003/4884 4282/6237/5076 4307/6265/5101
f 4090/6003/4884 4091/6004/4885 4283/6238/5077 4282/6237/5076
f 4091/6004/4885 4092/6005/4886 4299/6257/5093 4283/6238/5077
f 4092/6005/4886 4093/6006/4887 4383/6361/5177 4299/6257/5093
f 4093/6006/4887 4094/6007/4888 4343/6307/5137 4383/6361/5177
f 4343/6307/5137 4094/6007/4888 4659/6008/5453 4660/6308/5454
f 4344/6310/5138 4095/6010/4889 4096/6009/4890 4345/6309/5139
f 4462/6468/5256 4460/6461/5254 4453/6451/5247 4463/6469/5257
f 4464/6470/5258 4459/6459/5253 4460/6461/5254 4462/6468/5256
f 4465/6471/5259 4458/6460/5252 4459/6459/5253 4464/6470/5258
f 4466/6472/5260 4456/6458/5250 4682/6457/5476 4683/6473/5477
f 4457/6456/5251 4456/6455/5250 4466/6474/5260 4467/6475/5261
f 4468/6476/5262 4454/6452/5248 4455/6454/5249 4469/6477/5263
f 4463/6469/5257 4453/6451/5247 4713/6450/5507 4714/6478/5508
f 4452/6453/5246 4454/6452/5248 4468/6476/5262 4470/6479/5264
f 4462/6468/5256 4463/6469/5257 4471/6480/5265 4472/6481/5266
f 4473/6482/5267 4464/6470/5258 4462/6468/5256 4472/6481/5266
f 4474/6483/5268 4465/6471/5259 4464/6470/5258 4473/6482/5267
f 4475/6484/5269 4466/6472/5260 4683/6473/5477 4684/6485/5478
f 4467/6475/5261 4466/6474/5260 4475/6486/5269 4476/6487/5270
f 4477/6488/5271 4478/6489/5272 4468/6476/5262 4469/6477/5263
f 4463/6469/5257 4714/6478/5508 4715/6490/5509 4471/6480/5265
f 4470/6479/5264 4468/6476/5262 4478/6489/5272 4479/6491/5273
f 4480/6492/5274 4481/6493/5275 4482/6494/5276
f 4480/6492/5274 4483/6495/5277 4481/6493/5275
f 4480/6492/5274 4484/6496/5278 4483/6495/5277
f 4480/6492/5274 4685/6497/5479 4484/6496/5278
f 4480/6492/5274 4486/6498/5280 4485/6499/5279
f 4480/6492/5274 4487/6500/5281 4486/6498/5280
f 4480/6492/5274 4482/6494/5276 4716/6501/5510
f 4480/6492/5274 4488/6502/5282 4489/6503/5283
f 4483/6495/5277 4473/6504/5267 4472/6505/5266 4481/6493/5275
f 4472/6505/5266 4471/6506/5265 4482/6494/5276 4481/6493/5275
f 4482/6494/5276 4471/6506/5265 4715/6507/5509 4716/6501/5510
f 4488/6502/5282 4479/6508/5273 4478/6509/5272 4489/6503/5283
f 4487/6500/5281 4489/6503/5283 4478/6509/5272 4477/6510/5271
f 4476/6511/5270 4475/6512/5269 4485/6499/5279 4486/6498/5280
f 4475/6512/5269 4684/6513/5478 4685/6497/5479 4485/6499/5279
f 4484/6496/5278 4474/6514/5268 4473/6504/5267 4483/6495/5277
f 4768/6755/5562 4769/6756/5563 4519/6549/5313 4518/6548/5312
f 4766/6753/5560 4767/6754/5561 4517/6547/5311 4516/6546/5310
f 4765/6752/5559 4766/6753/5560 4516/6546/5310 4515/6545/5309
f 4764/6751/5558 4765/6752/5559 4515/6545/5309 4514/6544/5308
f 4763/6750/5557 4764/6751/5558 4514/6544/5308 4513/6543/5307
f 4762/6748/5556 4763/6749/5557 4513/6542/5307 4512/6541/5306
f 4761/6747/5555 4762/6748/5556 4512/6541/5306 4511/6540/5305
f 4760/6746/5554 4761/6747/5555 4511/6540/5305 4510/6539/5304
f 4759/6745/5553 4760/6746/5554 4510/6539/5304 4509/6538/5303
f 4758/6744/5552 4759/6745/5553 4509/6538/5303 4508/6537/5302
f 4767/6754/5561 4768/6755/5562 4518/6548/5312 4517/6547/5311
f 4146/6081/4940 4757/6743/5551 4758/6744/5552 4508/6537/5302
f 4490/6515/5284 4491/6516/5285 4492/6517/5286 4493/6518/5287
f 4494/6519/5288 4495/6520/5289 4491/6516/5285 4490/6515/5284
f 4496/6521/5290 4493/6518/5287 4492/6517/5286 4497/6522/5291
f 4494/6519/5288 4498/6523/5292 4499/6524/5293 4495/6520/5289
f 4498/6523/5292 4686/6525/5480 4687/6526/5481 4499/6524/5293
f 4500/6527/5294 4502/6528/5296 4503/6529/5297 4501/6530/5295
f 4502/6528/5296 4504/6531/5298 4505/6532/5299 4503/6529/5297
f 4141/6076/4935 4496/6521/5290 4497/6522/5291 4142/6077/4936
f 4145/6533/4939 4144/6534/4938 4506/6535/5300 4507/6536/5301
f 4065/5971/4859 4048/5954/4842 4430/6426/5224 4432/6428/5226
f 4424/6550/5218 4423/6551/5217 4520/6552/5314 4021/6553/4815
f 4145/6533/4939 4507/6536/5301 4521/6554/5315 4522/6555/5316
f 4140/6075/4934 4139/6074/4933 4145/6080/4939 4522/6556/5316
f 4523/6557/5317 4127/6060/4921 4126/6059/4920 4524/6558/5318
f 4525/6559/5319 4130/6063/4924 4127/6060/4921 4523/6557/5317
f 4524/6558/5318 4126/6059/4920 4132/6065/4926 4526/6560/5320
f 4527/6561/5321 4133/6066/4927 4130/6063/4924 4525/6559/5319
f 4528/6562/5322 4135/6070/4929 4718/6069/5512 4719/6563/5513
f 4529/6564/5323 4137/6072/4931 4135/6070/4929 4528/6562/5322
f 4530/6565/5324 4531/6566/5325 4137/6072/4931 4529/6564/5323
f 4526/6560/5320 4132/6065/4926 4142/6077/4936 4532/6567/5326
f 4533/6568/5327 4534/6569/5328 4535/6570/5329 4536/6571/5330
f 4537/6572/5331 4533/6568/5327 4536/6571/5330 4538/6573/5332
f 4534/6569/5328 4539/6574/5333 4540/6575/5334 4535/6570/5329
f 4541/6576/5335 4537/6572/5331 4538/6573/5332 4542/6577/5336
f 4543/6578/5337 4544/6579/5338 4545/6580/5339 4546/6581/5340
f 4547/6582/5341 4543/6578/5337 4546/6581/5340 4548/6583/5342
f 4539/6574/5333 4549/6584/5343 4550/6585/5344 4540/6575/5334
f 4551/6586/5345 4552/6587/5346 4523/6557/5317 4524/6558/5318
f 4525/6559/5319 4523/6557/5317 4552/6587/5346 4553/6588/5347
f 4554/6589/5348 4551/6586/5345 4524/6558/5318 4526/6560/5320
f 4527/6561/5321 4525/6559/5319 4553/6588/5347 4555/6590/5349
f 4556/6591/5350 4554/6589/5348 4526/6560/5320 4532/6567/5326
f 4719/6563/5513 4720/6592/5514 4557/6593/5351 4528/6562/5322
f 4528/6562/5322 4557/6593/5351 4558/6594/5352 4529/6564/5323
f 4529/6564/5323 4558/6594/5352 4559/6595/5353 4530/6565/5324
f 4015/6596/4809 4016/5913/4810 4560/6597/5354
f 3966/6598/4760 4015/6596/4809 4561/6599/5355 4562/6600/5356
f 4562/6600/5356 4561/6599/5355 4563/6601/5357 4564/6602/5358
f 4563/6601/5357 4561/6599/5355 4565/6603/5359
f 4015/6596/4809 4560/6597/5354 4566/6604/5360
f 4567/6605/5361 4566/6604/5360 4560/6597/5354 4568/6606/5362
f 4545/6580/5339 4722/6607/5516 4723/6608/5517 4569/6609/5363
f 4569/6609/5363 4570/6610/5364 4546/6581/5340 4545/6580/5339
f 4570/6610/5364 4571/6611/5365 4548/6583/5342 4546/6581/5340
f 4531/6566/5325 4530/6565/5324 4568/6606/5362 4019/5916/4813
f 4530/6565/5324 4559/6595/5353 4567/6605/5361 4568/6606/5362
f 4548/6583/5342 4563/6601/5357 4565/6603/5359 4547/6582/5341
f 4548/6583/5342 4571/6611/5365 4564/6602/5358 4563/6601/5357
f 4570/6610/5364 4562/6612/5356 4564/6602/5358 4571/6611/5365
f 4569/6609/5363 3966/6613/4760 4562/6612/5356 4570/6610/5364
f 4569/6609/5363 4723/6608/5517 4724/6614/5518 3966/6613/4760
f 4542/6577/5336 4538/6573/5332 3886/6615/4680 3894/6616/4688
f 4536/6571/5330 3887/6617/4681 3886/6615/4680 4538/6573/5332
f 4535/6570/5329 3891/6618/4685 3887/6617/4681 4536/6571/5330
f 4540/6575/5334 3960/6619/4754 3891/6618/4685 4535/6570/5329
f 4550/6585/5344 4096/6620/4890 3960/6619/4754 4540/6575/5334
f 4572/6621/5366 4573/6622/5367 4492/6517/5286 4491/6516/5285
f 4574/6623/5368 4572/6621/5366 4491/6516/5285 4495/6520/5289
f 4573/6622/5367 4575/6624/5369 4497/6522/5291 4492/6517/5286
f 4576/6625/5370 4574/6623/5368 4495/6520/5289 4499/6524/5293
f 4688/6626/5482 4576/6625/5370 4499/6524/5293 4687/6526/5481
f 4578/6627/5372 4577/6628/5371 4501/6530/5295 4503/6529/5297
f 4575/6624/5369 4532/6567/5326 4142/6077/4936 4497/6522/5291
f 4579/6629/5373 4580/6630/5374 4581/6631/5375 4582/6632/5376
f 4582/6632/5376 4581/6631/5375 4583/6633/5377 4584/6634/5378
f 4585/6635/5379 4586/6636/5380 4580/6630/5374 4579/6629/5373
f 4584/6634/5378 4583/6633/5377 4587/6637/5381 4588/6638/5382
f 4589/6639/5383 4590/6640/5384 4591/6641/5385 4592/6642/5386
f 4592/6642/5386 4591/6641/5385 4593/6643/5387 4594/6644/5388
f 4586/6636/5380 4585/6635/5379 4550/6585/5344 4549/6584/5343
f 4595/6645/5389 4573/6622/5367 4572/6621/5366 4596/6646/5390
f 4574/6623/5368 4597/6647/5391 4596/6646/5390 4572/6621/5366
f 4598/6648/5392 4575/6624/5369 4573/6622/5367 4595/6645/5389
f 4576/6625/5370 4599/6649/5393 4597/6647/5391 4574/6623/5368
f 4556/6591/5350 4532/6567/5326 4575/6624/5369 4598/6648/5392
f 4689/6650/5483 4599/6649/5393 4576/6625/5370 4688/6626/5482
f 4601/6651/5395 4600/6652/5394 4577/6628/5371 4578/6627/5372
f 4602/6653/5396 4601/6651/5395 4578/6627/5372 4603/6654/5397
f 4399/6655/5193 4604/6656/5398 4400/6657/5194
f 4605/6658/5399 4606/6659/5400 4400/6657/5194 4604/6656/5398
f 4607/6660/5401 4608/6661/5402 4609/6662/5403 4610/6663/5404
f 4399/6655/5193 4611/6664/5405 4604/6656/5398
f 4604/6656/5398 4611/6664/5405 4612/6665/5406 4605/6658/5399
f 4691/6666/5485 4692/6667/5486 4588/6638/5382 4587/6637/5381
f 4613/6668/5407 4589/6639/5383 4592/6642/5386 4614/6669/5408
f 4614/6669/5408 4592/6642/5386 4594/6644/5388 4615/6670/5409
f 4616/6671/5410 4606/6659/5400 4605/6658/5399 4603/6654/5397
f 4603/6654/5397 4605/6658/5399 4612/6665/5406 4602/6653/5396
f 4617/6672/5411 4609/6662/5403 4594/6644/5388 4593/6643/5387
f 4594/6644/5388 4609/6662/5403 4608/6661/5402 4615/6670/5409
f 4608/6661/5402 4607/6673/5401 4614/6669/5408 4615/6670/5409
f 4614/6669/5408 4607/6673/5401 4350/6674/5144 4613/6668/5407
f 4692/6667/5486 4693/6675/5487 4284/6676/5078 4588/6638/5382
f 4588/6638/5382 4284/6676/5078 4276/6677/5070 4584/6634/5378
f 4276/6677/5070 4275/6678/5069 4582/6632/5376 4584/6634/5378
f 4275/6678/5069 4281/6679/5075 4579/6629/5373 4582/6632/5376
f 4281/6679/5075 4345/6680/5139 4585/6635/5379 4579/6629/5373
f 4345/6680/5139 4096/6620/4890 4550/6585/5344 4585/6635/5379
f 4618/6681/5412 4606/6659/5400 4616/6671/5410 4619/6682/5413
f 4520/6552/5314 4618/6681/5412 4619/6682/5413 4506/6535/5300
f 4399/6655/5193 4610/6663/5404 4611/6664/5405
f 4611/6664/5405 4610/6663/5404 4617/6672/5411 4612/6665/5406
f 4612/6665/5406 4617/6672/5411 4593/6643/5387 4602/6653/5396
f 4602/6653/5396 4593/6643/5387 4591/6641/5385 4601/6651/5395
f 4601/6651/5395 4591/6641/5385 4590/6640/5384 4600/6652/5394
f 4620/6683/5414 4599/6649/5393 4689/6650/5483 4690/6684/5484
f 4599/6649/5393 4620/6683/5414 4621/6685/5415 4597/6647/5391
f 4597/6647/5391 4621/6685/5415 4622/6686/5416 4596/6646/5390
f 4623/6687/5417 4595/6645/5389 4596/6646/5390 4622/6686/5416
f 4624/6688/5418 4598/6648/5392 4595/6645/5389 4623/6687/5417
f 4625/6689/5419 4556/6591/5350 4598/6648/5392 4624/6688/5418
f 4625/6689/5419 4626/6690/5420 4554/6589/5348 4556/6591/5350
f 4626/6690/5420 4627/6691/5421 4551/6586/5345 4554/6589/5348
f 4627/6691/5421 4628/6692/5422 4552/6587/5346 4551/6586/5345
f 4553/6588/5347 4552/6587/5346 4628/6692/5422 4629/6693/5423
f 4555/6590/5349 4553/6588/5347 4629/6693/5423 4630/6694/5424
f 4721/6695/5515 4544/6579/5338 4557/6593/5351 4720/6592/5514
f 4558/6594/5352 4557/6593/5351 4544/6579/5338 4543/6578/5337
f 4559/6595/5353 4558/6594/5352 4543/6578/5337 4547/6582/5341
f 4547/6582/5341 4565/6603/5359 4567/6605/5361 4559/6595/5353
f 4567/6605/5361 4565/6603/5359 4561/6599/5355 4566/6604/5360
f 4015/6596/4809 4566/6604/5360 4561/6599/5355
f 4609/6662/5403 4617/6672/5411 4610/6663/5404
f 4531/6566/5325 4019/5916/4813 4018/5915/4812 4143/6078/4937
f 4143/6078/4937 4139/6074/4933 4137/6072/4931 4531/6566/5325
f 4568/6606/5362 4560/6597/5354 4016/5913/4810 4019/5916/4813
f 4603/6654/5397 4578/6627/5372 4503/6529/5297 4616/6671/5410
f 4619/6682/5413 4616/6671/5410 4503/6529/5297 4505/6532/5299
f 4350/6696/5144 4607/6660/5401 4610/6663/5404 4399/6655/5193
f 3943/5809/4737 3942/5808/4736 3930/5795/4724 3931/5796/4725
f 4163/6099/4957 4341/6697/5135 4272/6304/5066 4161/6097/4955
f 4384/6698/5178 4665/6699/5459 4666/6464/5460 4447/6445/5241
f 4449/6700/5243 4384/6698/5178 4447/6445/5241 4446/6444/5240
f 4449/6446/5243 4446/6447/5240 4379/6357/5173
f 4405/6395/5199 4403/6397/5197 4410/6402/5204
f 4416/6412/5210 4410/6411/5204 4409/6701/5203 4415/6409/5209
f 4409/6701/5203 4402/6408/5196 4415/6409/5209
f 4030/5932/4824 4037/5939/4831 4036/5938/4830 4031/5933/4825
f 4030/6702/4824 4023/5925/4817 4024/5924/4818 4037/6703/4831
f 4037/6703/4831 4024/5924/4818 4027/5929/4821
f 4084/6704/4878 4070/5979/4864 4073/5980/4867 4074/5981/4868
f 4631/6705/5425 4000/5886/4794 3898/5762/4692 3996/5880/4790
f 4069/5977/4863 4000/6706/4794 4631/6707/5425 4070/5978/4864
f 3996/5880/4790 4070/5979/4864 4631/6705/5425
f 4652/5996/5446 4653/6708/5447 4000/6706/4794 4069/5977/4863
f 3879/5740/4673 3882/5743/4676 3956/6709/4750
f 3874/5738/4668 3878/5737/4672 4038/5941/4832 4074/6710/4868
f 4027/5940/4821 4084/6711/4878 4074/6710/4868 4038/5941/4832
f 4264/6215/5058 4450/6448/5244 4451/6712/5245
f 4461/6713/5255 4451/6712/5245 4450/6448/5244 4446/6447/5240
f 4406/6368/5200 4405/6395/5199 4461/6465/5255
f 4070/6714/4864 4084/5997/4878 4026/5893/4820 4071/5892/4865
f 3834/6715/4628 3841/5701/4635 3843/5693/4637 3836/5685/4630
f 3827/6716/4621 3834/6715/4628 3836/5685/4630 3829/5677/4623
f 3821/6717/4615 3827/6716/4621 3829/5677/4623 3811/5657/4605
f 3819/6718/4613 3821/6717/4615 3811/5657/4605 3806/5651/4600
f 3817/6719/4611 3819/6718/4613 3806/5651/4600 3803/5647/4597
f 3815/6720/4609 3817/6719/4611 3803/5647/4597 3782/5624/4576
f 3781/5623/4575 3814/6721/4608 3815/6720/4609 3782/5624/4576
f 3814/6721/4608 3781/5623/4575 3786/5628/4580
f 3850/5710/4644 3841/5691/4635 3842/5692/4636 3979/5857/4773
f 4174/6112/4968 4171/6109/4965 4201/6722/4995
f 4204/6723/4998 4201/6722/4995 4171/6109/4965 4170/6108/4964
f 4192/6132/4986 4206/6724/5000 4204/6723/4998 4170/6108/4964
f 4195/6136/4989 4208/6725/5002 4206/6724/5000 4192/6132/4986
f 4200/6142/4994 4210/6726/5004 4208/6725/5002 4195/6136/4989
f 4218/6162/5012 4216/6727/5010 4210/6726/5004 4200/6142/4994
f 4225/6170/5019 4223/6728/5017 4216/6727/5010 4218/6162/5012
f 4232/6178/5026 4230/6729/5024 4223/6728/5017 4225/6170/5019
f 4241/6188/5035 4239/6730/5033 4230/6729/5024 4232/6178/5026
f 4016/5912/4810 3963/5834/4757 4017/5942/4811
f 4428/6424/5222 4047/5953/4841 4065/5971/4859 4432/6428/5226
f 3857/5711/4651 4078/5985/4872 4079/5986/4873 3858/5712/4652
f 4105/6022/4899 4103/6019/4897 4078/5985/4872 4077/5984/4871
f 4112/6031/4906 4103/6019/4897 4105/6022/4899 4114/6034/4908
f 4123/6044/4917 4112/6053/4906 4114/6052/4908 4122/6043/4916
f 3982/5860/4776 3857/5711/4651 3850/5710/4644 3979/5857/4773
f 4457/6456/5251 4455/6454/5249 4248/6197/5042 4247/6196/5041
f 4467/6475/5261 4469/6477/5263 4455/6454/5249 4457/6456/5251
f 4476/6487/5270 4477/6488/5271 4469/6477/5263 4467/6475/5261
f 4486/6498/5280 4487/6500/5281 4477/6510/5271 4476/6511/5270
f 4239/6186/5033 4248/6197/5042 4366/6338/5160 4240/6187/5034
f 4480/6492/5274 4489/6503/5283 4487/6500/5281
f 4116/6036/4910 4121/6041/4915 4123/6044/4917
f 4507/6536/5301 4505/6532/5299 4504/6531/5298 4521/6554/5315
f 4506/6535/5300 4619/6682/5413 4505/6532/5299 4507/6536/5301
f 4722/6607/5516 4545/6580/5339 4544/6579/5338 4721/6695/5515
f 4620/6683/5414 4690/6684/5484 4691/6666/5485 4587/6637/5381
f 4533/6568/5327 4628/6692/5422 4627/6691/5421 4534/6569/5328
f 4537/6572/5331 4629/6693/5423 4628/6692/5422 4533/6568/5327
f 4534/6569/5328 4627/6691/5421 4626/6690/5420 4539/6574/5333
f 4541/6576/5335 4630/6694/5424 4629/6693/5423 4537/6572/5331
f 4539/6574/5333 4626/6690/5420 4625/6689/5419 4549/6584/5343
f 4580/6630/5374 4623/6687/5417 4622/6686/5416 4581/6631/5375
f 4581/6631/5375 4622/6686/5416 4621/6685/5415 4583/6633/5377
f 4586/6636/5380 4624/6688/5418 4623/6687/5417 4580/6630/5374
f 4583/6633/5377 4621/6685/5415 4620/6683/5414 4587/6637/5381
f 4549/6584/5343 4625/6689/5419 4624/6688/5418 4586/6636/5380
f 4021/5918/4815 4144/6079/4938 4143/6078/4937 4018/5915/4812
f 4021/6553/4815 4520/6552/5314 4506/6535/5300 4144/6534/4938
f 4346/6311/5140 4400/6389/5194 4632/6731/5426 4418/6414/5212
f 4618/6681/5412 4632/6732/5426 4400/6657/5194 4606/6659/5400
f 4418/6414/5212 4632/6731/5426 4423/6419/5217 4425/6421/5219
f 4632/6732/5426 4618/6681/5412 4520/6552/5314 4423/6551/5217
f 4425/6421/5219 4419/6415/5213 4418/6414/5212
f 4119/6039/4913 4109/6057/4903 4634/6056/5428 4633/6040/5427
f 4635/6016/5429 4634/6028/5428 4109/6026/4903 4100/6014/4894
f 4636/5989/5430 4635/6016/5429 4100/6014/4894 4081/5990/4875
f 3853/5706/4647 4637/5705/5431 4636/5989/5430 4081/5990/4875
f 3845/5696/4639 4638/5695/5432 4637/5705/5431 3853/5706/4647
f 3837/5688/4631 4639/5686/5433 4638/5695/5432 3845/5696/4639
f 3837/5688/4631 3830/5680/4624 4640/5678/5434 4639/5686/5433
f 3830/5680/4624 3824/5672/4618 4641/5671/5435 4640/5678/5434
f 3808/5654/4602 4642/5653/5436 4641/5671/5435 3824/5672/4618
f 3802/5648/4596 4643/5646/5437 4642/5653/5436 3808/5654/4602
f 3799/5642/4593 4644/5643/5438 4643/5646/5437 3802/5648/4596
f 3799/5642/4593 3776/5622/4570 4645/5616/5439 4644/5643/5438
f 4646/5617/5440 4645/5616/5439 3776/5622/4570 3777/5621/4571
f 4647/5629/5441 4646/5617/5440 3777/5621/4571 3787/5631/4581
f 4648/5908/5442 4647/5629/5441 3787/5631/4581 4013/5906/4807
f 4012/5905/4806 4649/5907/5443 4648/5908/5442 4013/5906/4807
f 3790/5633/4584 4650/5994/5444 4649/5907/5443 4012/5905/4806
f 4650/5994/5444 3790/5633/4584 3774/5614/4568 4651/5995/5445
f 3773/5613/4567 4652/5996/5446 4651/5995/5445 3774/5614/4568
f 3773/5613/4567 3956/5824/4750 4653/6708/5447 4652/5996/5446
f 4654/5761/5448 4653/5887/5447 3956/6709/4750 3882/5743/4676
f 3882/5743/4676 3881/5742/4675 4655/5759/5449 4654/5761/5448
f 4656/5760/5450 4655/5759/5449 3881/5742/4675 3889/5750/4683
f 3889/5750/4683 3890/5751/4684 4657/5826/5451 4656/5760/5450
f 4658/5828/5452 4657/5826/5451 3890/5751/4684 3958/5831/4752
f 4659/6008/5453 4658/5828/5452 3958/5831/4752 4095/6010/4889
f 4660/6308/5454 4659/6008/5453 4095/6010/4889 4344/6310/5138
f 4661/6306/5455 4660/6308/5454 4344/6310/5138 4280/6235/5074
f 4662/6242/5456 4661/6306/5455 4280/6235/5074 4279/6234/5073
f 4663/6243/5457 4662/6242/5456 4279/6234/5073 4270/6225/5064
f 4664/6245/5458 4663/6243/5457 4270/6225/5064 4269/6224/5063
f 4341/6302/5135 4665/6362/5459 4664/6245/5458 4269/6224/5063
f 4666/6464/5460 4665/6699/5459 4341/6697/5135 4163/6099/4957
f 4163/6099/4957 4162/6098/4956 4667/6463/5461 4666/6464/5460
f 4162/6098/4956 4180/6119/4974 4668/6462/5462 4667/6463/5461
f 4180/6119/4974 4397/6383/5191 4669/6384/5463 4668/6462/5462
f 4397/6383/5191 4396/6382/5190 4670/6385/5464 4669/6384/5463
f 4671/6114/5465 4670/6385/5464 4396/6382/5190 4176/6115/4970
f 4672/6100/5466 4671/6114/5465 4176/6115/4970 4164/6104/4958
f 4164/6104/4958 4165/6107/4959 4673/6101/5467 4672/6100/5466
f 4188/6127/4982 4674/6128/5468 4673/6101/5467 4165/6107/4959
f 4675/6131/5469 4674/6128/5468 4188/6127/4982 4191/6134/4985
f 4676/6138/5470 4675/6131/5469 4191/6134/4985 4197/6140/4991
f 4677/6156/5471 4676/6138/5470 4197/6140/4991 4213/6157/5007
f 4219/6165/5013 4678/6163/5472 4677/6156/5471 4213/6157/5007
f 4226/6173/5020 4679/6171/5473 4678/6163/5472 4219/6165/5013
f 4680/6180/5474 4679/6171/5473 4226/6173/5020 4234/6181/5028
f 4681/6190/5475 4680/6180/5474 4234/6181/5028 4243/6191/5037
f 4243/6191/5037 4458/6460/5252 4682/6457/5476 4681/6190/5475
f 4683/6473/5477 4682/6457/5476 4458/6460/5252 4465/6471/5259
f 4684/6485/5478 4683/6473/5477 4465/6471/5259 4474/6483/5268
f 4685/6497/5479 4684/6513/5478 4474/6514/5268 4484/6496/5278
f 4686/6525/5480 4500/6527/5294 4501/6530/5295 4687/6526/5481
f 4577/6628/5371 4688/6626/5482 4687/6526/5481 4501/6530/5295
f 4600/6652/5394 4689/6650/5483 4688/6626/5482 4577/6628/5371
f 4690/6684/5484 4689/6650/5483 4600/6652/5394 4590/6640/5384
f 4691/6666/5485 4690/6684/5484 4590/6640/5384 4589/6639/5383
f 4589/6639/5383 4613/6668/5407 4692/6667/5486 4691/6666/5485
f 4613/6668/5407 4350/6674/5144 4693/6675/5487 4692/6667/5486
f 4350/6318/5144 4351/6317/5145 4694/6316/5488 4693/6315/5487
f 4351/6317/5145 4401/6407/5195 4695/6390/5489 4694/6316/5488
f 4696/6391/5490 4695/6390/5489 4401/6407/5195 4402/6408/5196
f 4697/6393/5491 4696/6392/5490 4402/6400/5196 4403/6397/5197
f 4698/6394/5492 4697/6393/5491 4403/6397/5197 4404/6396/5198
f 4698/6394/5492 4404/6396/5198 4382/6441/5176 4699/6360/5493
f 4381/6373/5175 4700/6359/5494 4699/6360/5493 4382/6441/5176
f 4390/6375/5184 4701/6386/5495 4700/6359/5494 4381/6373/5175
f 4702/6354/5496 4701/6386/5495 4390/6375/5184 4376/6352/5170
f 4353/6320/5147 4703/6353/5497 4702/6354/5496 4376/6352/5170
f 4353/6320/5147 4352/6319/5146 4704/6322/5498 4703/6353/5497
f 4352/6319/5146 4354/6321/5148 4705/6323/5499 4704/6322/5498
f 4354/6321/5148 4358/6328/5152 4706/6327/5500 4705/6323/5499
f 4358/6328/5152 4360/6331/5154 4707/6330/5501 4706/6327/5500
f 4362/6334/5156 4708/6333/5502 4707/6330/5501 4360/6331/5154
f 4362/6334/5156 4368/6341/5162 4709/6340/5503 4708/6333/5502
f 4710/6344/5504 4709/6340/5503 4368/6341/5162 4365/6337/5159
f 4364/6336/5158 4711/6343/5505 4710/6344/5504 4365/6337/5159
f 4367/6339/5161 4712/6342/5506 4711/6343/5505 4364/6336/5158
f 4367/6339/5161 4452/6453/5246 4713/6450/5507 4712/6342/5506
f 4714/6478/5508 4713/6450/5507 4452/6453/5246 4470/6479/5264
f 4715/6490/5509 4714/6478/5508 4470/6479/5264 4479/6491/5273
f 4716/6501/5510 4715/6507/5509 4479/6508/5273 4488/6502/5282
f 4134/6067/4928 4133/6066/4927 4718/6069/5512 4717/6068/5511
f 4719/6563/5513 4718/6069/5512 4133/6066/4927 4527/6561/5321
f 4527/6561/5321 4555/6590/5349 4720/6592/5514 4719/6563/5513
f 4630/6694/5424 4721/6695/5515 4720/6592/5514 4555/6590/5349
f 4541/6576/5335 4722/6607/5516 4721/6695/5515 4630/6694/5424
f 4723/6608/5517 4722/6607/5516 4541/6576/5335 4542/6577/5336
f 4724/6614/5518 4723/6608/5517 4542/6577/5336 3894/6616/4688
f 3895/5756/4689 4725/5836/5519 4724/5839/5518 3894/5755/4688
f 4004/5896/4798 4726/5919/5520 4725/5836/5519 3895/5756/4689
f 4727/5921/5521 4726/5919/5520 4004/5896/4798 4003/5895/4797
f 3986/5868/4780 4728/5923/5522 4727/5926/5521 4003/5894/4797
f 3986/5868/4780 3985/5867/4779 4729/5927/5523 4728/5923/5522
f 4729/5927/5523 3985/5867/4779 3989/5871/4783 4730/5881/5524
f 3989/5871/4783 3988/5870/4782 4731/5882/5525 4730/5881/5524
f 3988/5870/4782 4014/5910/4808 4732/5909/5526 4731/5882/5525
f 4014/5910/4808 3991/5873/4785 4733/5876/5527 4732/5909/5526
f 3991/5873/4785 3990/5872/4784 4734/5875/5528 4733/5876/5527
f 3970/5846/4764 4735/5843/5529 4734/5875/5528 3990/5872/4784
f 3970/5846/4764 3971/5845/4765 4736/5844/5530 4735/5843/5529
f 4737/5848/5531 4736/5844/5530 3971/5845/4765 3972/5847/4766
f 4738/5851/5532 4737/5848/5531 3972/5847/4766 3974/5850/4768
f 3974/5850/4768 3976/5853/4770 4739/5854/5533 4738/5851/5532
f 4740/5862/5534 4739/5854/5533 3976/5853/4770 3978/5856/4772
f 4741/5866/5535 4740/5862/5534 3978/5856/4772 3848/5699/4642
f 4742/5864/5536 4741/5866/5535 3848/5699/4642 3849/5700/4643
f 4743/5865/5537 4742/5864/5536 3849/5700/4643 3856/5709/4650
f 3856/5709/4650 4075/5993/4869 4744/5982/5538 4743/5865/5537
f 4098/6012/4892 4745/6020/5539 4744/5982/5538 4075/5993/4869
f 4746/6033/5540 4745/6020/5539 4098/6012/4892 4106/6023/4900
f 4117/6037/4911 4747/6045/5541 4746/6051/5540 4106/6049/4900
f 4480/6492/5274 4716/6501/5510 4488/6502/5282
f 4480/6492/5274 4485/6499/5279 4685/6497/5479
f 4120/6042/4914 4116/6036/4910 4633/6040/5427
f 4747/6045/5541 4116/6036/4910 4124/6046/4918
f 3945/5811/4739 3946/5812/4740 4749/6734/5543 4748/6733/5542
f 3946/5812/4740 3947/5813/4741 4750/6735/5544 4749/6734/5543
f 3947/5813/4741 3948/5814/4742 4751/6737/5545 4750/6735/5544
f 3948/5815/4742 3949/5816/4743 4752/6738/5546 4751/6736/5545
f 3949/5816/4743 3950/5817/4744 4753/6739/5547 4752/6738/5546
f 3950/5817/4744 3951/5818/4745 4754/6740/5548 4753/6739/5547
f 3951/5818/4745 3952/5819/4746 4755/6741/5549 4754/6740/5548
f 3952/5819/4746 3953/5820/4747 4756/6742/5550 4755/6741/5549
f 3953/5820/4747 4085/5998/4879 4757/6743/5551 4756/6742/5550
f 4758/6744/5552 4757/6743/5551 4085/5998/4879 4338/6299/5132
f 4338/6299/5132 4337/6298/5131 4759/6745/5553 4758/6744/5552
f 4337/6298/5131 4336/6297/5130 4760/6746/5554 4759/6745/5553
f 4336/6297/5130 4335/6296/5129 4761/6747/5555 4760/6746/5554
f 4335/6296/5129 4334/6295/5128 4762/6748/5556 4761/6747/5555
f 4334/6295/5128 4333/6294/5127 4763/6749/5557 4762/6748/5556
f 4333/6293/5127 4332/6292/5126 4764/6751/5558 4763/6750/5557
f 4332/6292/5126 4331/6291/5125 4765/6752/5559 4764/6751/5558
f 4331/6291/5125 4329/6289/5123 4766/6753/5560 4765/6752/5559
f 4329/6289/5123 4330/6290/5124 4767/6754/5561 4766/6753/5560
f 4330/6290/5124 4328/6288/5122 4768/6755/5562 4767/6754/5561
f 4328/6288/5122 3942/5808/4736 4769/6756/5563 4768/6755/5562
f 3942/5808/4736 3943/5809/4737 4770/6757/5564 4769/6756/5563
f 3943/5809/4737 3944/5810/4738 4771/6758/5565 4770/6757/5564
f 3944/5810/4738 3945/5811/4739 4748/6733/5542 4771/6758/5565
